seller_id,n_orders,avg_ticket,freight_ratio,mom_growth,cancel_rate,late_rate,order_vol,inst_ratio,avg_inst,avg_score,bad_rate,hhi,inactive_days
3504c0cb71d7fa48d967e0e4c94d59d9,53,44.34,0.2925,-0.6757,0.0,0.0,0.6044,0.3774,1.83,4.42,0.0377,0.4226,301
289cdb325fb7e7f891c38608bf9e0962,110,123.14,0.1546,0.4199,0.0,0.0183,0.7888,0.6636,3.17,4.57,0.0545,0.8517,9
4869f7a5dfa277a7dca6462dcf3b52b2,1132,202.71,0.0879,0.6884,0.0009,0.1157,0.5123,0.7306,4.01,4.13,0.1352,0.7563,10
66922902710d126a0e7d26b0e3805106,151,95.11,0.2241,0.0837,0.0,0.0733,0.5454,0.4901,2.18,4.47,0.06,1.0,13
2c9e548be18521d1c43cde1c582c6de8,126,48.49,0.4082,1.6089,0.0,0.1613,0.5902,0.2381,1.65,4.11,0.1371,0.6186,7
8581055ce74af1daba164fdbd55a40de,387,167.77,0.1488,-0.5166,0.0052,0.1,0.3887,0.6641,3.4,4.26,0.1097,1.0,138
dc8798cbf453b7e0f98745e396cc5616,41,50.15,0.3037,0.1044,0.0244,0.0571,0.4685,0.4878,2.04,3.07,0.4048,0.4587,287
16090f2ca825584b5a147ab24aa30c86,402,63.97,0.2122,0.3109,0.0,0.108,0.9727,0.1791,1.48,4.06,0.14,0.4723,7
63b9ae557efed31d1f7687917d248a8d,5,27.9,0.737,4.5075,0.0,0.0,0.5657,0.4,1.6,4.2,0.2,0.5918,567
7c67e1448b00f6e969d365cea6b010ab,982,191.37,0.2746,-0.8308,0.0,0.1007,0.6157,0.5896,3.49,3.49,0.2576,0.8219,27
001cca7ae9ae17fb1caed9dfb1094831,200,125.4,0.353,-0.461,0.0,0.0667,0.6304,0.645,3.61,3.98,0.1624,0.7996,53
87142160b41353c4e5fca2360caf6f92,305,101.95,0.2321,0.0236,0.0,0.0557,0.3474,0.4295,2.65,4.41,0.0619,0.676,13
094ced053e257ae8cae57205592d6712,19,79.96,0.3022,0.6819,0.0,0.0,0.3114,0.4737,2.6,4.05,0.1579,0.5125,35
1900267e848ceeba8fa32d80c1a5f5a8,411,60.78,0.3258,0.3407,0.0,0.1034,0.386,0.5742,2.67,3.84,0.1941,0.9627,8
0bae85eb84b9fb3bd773911e89288d54,137,54.61,0.3908,-0.6929,0.0,0.0074,0.488,0.5182,2.62,4.27,0.073,0.3457,13
89a51f50b8095ea78d5768f34c13a76f,10,67.72,0.2615,-0.7447,0.0,0.0,0.4472,0.6,2.73,4.7,0.0,1.0,34
c4af86330efa7a2620772227d2d670c9,4,1349.0,0.0676,0.154,0.0,0.0,0.3536,1.0,10.0,4.33,0.0,1.0,80
ea8482cd71df3c1969d7b9473ff13abc,1146,32.44,0.4719,-0.1407,0.0009,0.1042,0.6147,0.3857,2.1,4.0,0.1543,0.9593,10
d2374cbcbb3ca4ab1086534108cc3ab7,524,40.5,0.452,-0.0583,0.0019,0.0584,0.354,0.4866,2.23,3.75,0.2068,0.8967,13
70a12e78e608ac31179aea7f8422044b,315,97.96,0.1817,-0.5333,0.0,0.109,0.7653,0.454,2.38,3.8,0.2013,0.1986,14
633ecdf879b94b5337cca303328e4a25,6,172.93,0.0847,0.0,0.0,0.6667,0.0,0.8333,4.0,1.8,0.8,1.0,346
cc419e0650a3c5ba77189a1882b7556a,1706,61.13,0.2461,-0.1527,0.0053,0.0612,0.6503,0.5516,2.61,4.08,0.1489,0.515,7
8b321bb669392f5163d04c59e235e066,943,18.6,0.8073,-0.4303,0.0,0.1043,0.6413,0.0901,1.17,4.07,0.1502,0.8006,13
855668e0971d4dfd7bef1b6a4133b41b,312,103.23,0.2421,-0.7114,0.0064,0.14,0.6395,0.5449,2.87,3.78,0.2265,0.8378,8
55c26bcb609f480eb7868594245febb5,6,110.73,0.2436,-0.6328,0.0,0.0,0.4082,0.8333,5.33,4.0,0.1667,0.5556,25
c0563dd588b775f2e37747ef6ad6c92c,28,132.04,0.1075,0.273,0.0,0.1071,0.6145,0.7143,3.68,4.36,0.1429,1.0,14
d673a59aac7a70d8b01e6902bf090a11,79,49.48,0.4069,2.8469,0.0,0.1013,0.5101,0.443,2.31,3.92,0.15,0.9535,11
977f9f63dd360c2a32ece2f93ad6d306,24,119.12,0.327,-0.1867,0.0,0.1304,0.4714,0.7083,4.2,3.75,0.2083,1.0,14
d3f39f05462b79a4562d35893a28f159,34,70.92,0.2312,0.9975,0.0,0.1212,0.8545,0.5,2.23,3.65,0.3235,0.5014,78
7d13fca15225358621be4086e1eb0964,565,201.11,0.076,0.4659,0.0,0.1219,0.7267,0.7487,4.0,4.02,0.1747,0.7798,9
f7720c4fa8e3aba4546301ab80ea1f1b,60,34.72,0.641,-0.567,0.0,0.0508,0.8563,0.3333,2.0,4.2,0.082,0.3455,17
5dceca129747e92ff8ef7a997dc4f8ca,325,345.09,0.1218,-0.8804,0.0031,0.0621,0.5531,0.6769,4.35,3.98,0.1994,0.4244,70
d91fb3b7d041e83b64a00a3edfb37e4f,535,76.43,0.2272,-0.3343,0.0,0.063,0.7547,0.1813,1.68,4.1,0.1464,0.8715,10
77530e9772f57a62c906e1c21538ab82,320,145.66,0.1814,-0.3581,0.0031,0.1154,0.6628,0.5656,3.11,4.11,0.1558,0.9548,9
ba5daa4041e1f15cdf34b76e3e18a450,15,53.79,0.1891,-0.2503,0.0,0.0,0.5249,0.2,1.67,4.27,0.1333,1.0,14
fe2032dab1a61af8794248c8196565c9,294,224.35,0.0716,-0.071,0.0,0.0887,0.6177,0.7823,4.67,4.38,0.1,0.9806,13
955fee9216a65b617aa5c0531780ce60,1287,105.03,0.1881,0.1071,0.0008,0.0777,0.7917,0.3877,2.26,4.16,0.1142,0.1798,6
f27e33c6d29b5138fa9967bcd445b6d5,93,95.57,0.1793,4.9626,0.0,0.1075,0.6889,0.3656,1.86,4.1,0.1613,0.1481,9
85d9eb9ddc5d00ca9336a2219c97bb13,509,30.29,0.5588,-0.3416,0.002,0.0361,0.4676,0.3065,1.74,4.18,0.1041,0.8515,15
a5cba26a62b8b4d0145b68b841e62e7f,54,272.92,0.0938,-0.4691,0.0,0.0189,0.8385,0.7778,5.07,4.52,0.0556,0.3904,14
a1043bafd471dff536d0c462352beb48,718,141.92,0.3125,-0.1929,0.0042,0.057,0.705,0.6198,3.09,4.22,0.1091,0.5031,9
f5f46307a4d15880ca14fab4ad9dfc9b,9,158.1,0.1626,1.7929,0.0,0.1111,0.4843,0.7778,4.3,4.11,0.1111,0.38,278
a3a38f4affed601eb87a97788c949667,254,104.46,0.1976,8.2031,0.0,0.0478,0.6604,0.5472,2.69,4.39,0.0837,0.2456,11
980640c45d7a4635885491d077167e4d,14,71.73,0.2413,6.6741,0.0,0.0714,0.5714,0.2857,1.64,4.64,0.0,0.5,12
e9779976487b77c6d4ac45f75ec7afe9,657,65.7,0.2349,-0.1703,0.0015,0.0729,0.479,0.2892,1.78,4.22,0.1177,0.2988,6
f8db351d8c4c4c22c6835c19a46f01b0,667,75.75,0.2485,-0.3995,0.0015,0.0516,0.4642,0.4183,2.17,4.24,0.1023,0.1203,9
f52c2422904463fdd7741f99045fecb6,12,47.32,0.3118,0.6202,0.0,0.0833,0.3536,0.3333,1.83,4.25,0.0833,0.3964,13
669ae81880e08f269a64487cfb287169,162,81.78,0.2546,-0.4471,0.0062,0.0435,0.5789,0.3704,1.98,4.22,0.1296,0.5353,26
6860153b69cc696d5dcfe1cdaaafcf62,74,51.72,0.3894,1.512,0.0,0.0946,0.7815,0.4054,2.19,4.1,0.1507,0.9532,10
33cbbec1e7e1044aaf11d152172c776f,15,48.71,0.5458,-0.7373,0.0,0.0,0.7601,0.6667,3.0,4.73,0.0,1.0,16
f7ba60f8c3f99e7ee4042fdef03b70c4,219,312.31,0.0635,0.9932,0.0,0.156,0.5822,0.7123,4.63,4.21,0.1086,0.7796,8
b33e7c55446eabf8fe1a42d037ac7d6d,152,295.96,0.0606,-0.8856,0.0,0.1275,1.0303,0.7697,4.72,4.16,0.1382,0.744,19
1025f0e2d44d7041d6cf58b6550e0bfa,915,151.88,0.2439,-0.0386,0.0,0.1011,0.5862,0.5716,3.22,3.99,0.1751,0.8228,8
ef0ace09169ac090589d85746e3e036f,129,125.76,0.1427,0.365,0.0,0.0859,0.6138,0.6899,3.29,4.37,0.0846,0.7551,11
d1ef48b38baca7e831711c4a0aeb398f,29,50.66,0.4598,0.735,0.0,0.1071,0.6479,0.3103,2.24,4.45,0.0345,0.2114,40
db4350fd57ae30082dec7acbaacc17f9,137,24.32,0.6275,-0.864,0.0,0.0368,0.6204,0.3796,1.91,4.14,0.125,0.7855,13
391fc6631aebcf3004804e51b40bcf1e,526,75.95,0.2551,-0.1529,0.0,0.1036,0.4056,0.6521,3.18,4.03,0.1536,0.5023,9
80e6699fe29150b372a0c8a1ebf7dcc8,98,116.75,0.2371,-0.1049,0.0,0.0417,0.4295,0.5408,2.87,4.28,0.1031,0.7966,113
a673821011d0cec28146ea42f5ab767f,129,107.47,0.1894,6.0552,0.0155,0.112,0.8257,0.6279,3.32,3.99,0.1811,0.5777,12
70125af26c2d6d4ef401a1d02ae7701f,5,74.24,0.6962,-0.0022,0.0,0.4,0.6,0.4,2.8,4.6,0.0,1.0,16
5b925e1d006e9476d738aa200751b73b,63,122.99,0.1359,0.8062,0.0,0.0635,0.8695,0.4603,2.66,4.61,0.0455,1.0,14
2a84855fd20af891be03bc5924d2b453,164,96.46,0.2182,0.1235,0.0183,0.0323,0.5041,0.6402,3.19,4.25,0.1104,0.2509,5
76d64c4aca3a7baf218bf93ef7fa768d,64,264.25,0.2095,-0.2008,0.0,0.0312,0.6171,0.625,4.41,4.23,0.1385,0.3401,8
5656537e588803a555b8eb41f07a944b,174,46.36,0.4187,0.1655,0.0,0.076,0.6748,0.2414,1.65,3.87,0.1943,0.2989,11
817245bcc3badd82bbd222e0366951a6,29,192.43,0.1295,-0.8437,0.0,0.0357,0.5811,0.6207,3.03,4.0,0.1071,1.0,48
fcdd820084f17e9982427971e4e9d47f,16,299.0,0.1843,0.2419,0.0,0.125,0.6374,0.3125,2.19,3.94,0.1875,0.9287,17
537eb890efff034a88679788b647c564,160,29.25,0.5341,-0.0986,0.0,0.057,0.4638,0.3438,1.76,4.22,0.0932,0.1891,6
f84a00e60c73a49e7e851c9bdca3a5bb,90,66.11,0.3364,-0.2464,0.0,0.1136,0.738,0.5556,2.5,3.83,0.2111,0.8184,40
c8417879a15366a17c30af34c798c332,26,68.0,0.2758,2.0272,0.0,0.12,0.4804,0.2692,1.62,4.28,0.08,0.4244,340
744dac408745240a2c2528fb1b6028f3,79,284.69,0.0842,-0.8246,0.0,0.0128,0.6011,0.8987,5.94,4.57,0.038,0.8433,20
6560211a19b47992c3666cc44a7e94c0,1854,66.51,0.2268,-0.0094,0.0038,0.0643,0.5087,0.534,2.45,3.94,0.173,0.6696,5
1ca7077d890b907f89be8c954a02686a,115,116.01,0.1244,-0.9426,0.0,0.2222,0.9782,0.5739,2.85,2.33,0.614,0.451,147
6df688df543f90e9b38f4319e75a9d88,40,48.75,0.4019,-0.2899,0.0,0.0,0.5148,0.55,2.24,4.58,0.025,0.7812,285
3b15288545f8928d3e65a8f949a28291,104,135.21,0.1744,-0.74,0.0,0.0693,0.7534,0.7692,4.41,3.96,0.1509,0.9514,21
4a3ca9315b744ce9f8e9374361493884,1806,111.0,0.1749,-0.3168,0.0011,0.11,0.4085,0.6633,3.77,3.83,0.1916,0.6436,7
76d5af76d0271110f9af36c92573f765,131,255.43,0.1219,2.0805,0.0,0.0938,0.5682,0.5344,3.57,4.12,0.1462,0.4627,33
4c8b8048e33af2bf94f2eb547746a916,23,87.86,0.2168,6.7629,0.1739,0.1053,0.4802,0.5652,2.96,2.96,0.4348,0.4815,10
00fc707aaaad2d31347cf883cd2dfe10,103,123.15,0.1801,0.0337,0.0,0.0485,1.465,0.3107,1.91,4.05,0.1604,1.0,82
a6fe7de3d16f6149ffe280349a8535a0,51,56.96,0.2557,-0.4545,0.0,0.16,0.5147,0.4118,1.87,3.98,0.18,1.0,28
e5a38146df062edaf55c38afa99e42dc,121,126.94,0.1233,-0.005,0.0,0.0917,0.8239,0.5041,3.05,3.97,0.1721,0.2837,13
562fc2f2c2863ab7e79a9e4388a58a14,260,33.9,0.4884,0.099,0.0077,0.0353,0.5587,0.4692,2.51,4.22,0.1008,1.0,13
0b90b6df587eb83608a64ea8b390cf07,164,174.34,0.1264,-0.3313,0.0,0.0368,0.9548,0.372,2.16,4.01,0.1716,1.0,18
e70053bf73d1b5863932e53a9fa47496,7,575.0,0.0332,0.1451,0.0,0.0,0.5714,0.7143,7.29,4.29,0.0,0.5918,30
d566c37fa119d5e66c4e9052e83ee4ea,65,79.16,0.1903,1.2352,0.0,0.0308,0.6016,0.3385,2.03,4.69,0.0312,0.744,8
23613d49c3ac2bd302259e55c06c050c,70,61.33,0.505,-0.897,0.0,0.1449,0.5778,0.5286,3.16,3.83,0.2464,0.8828,15
dc4a0fc896dc34b0d5bfec8438291c80,231,104.68,0.1908,0.0197,0.0,0.0667,0.7967,0.6797,3.77,3.75,0.2218,0.8486,14
36890be00bbfc1cdb9a4a38a6af05a69,13,104.72,0.176,-0.2058,0.0,0.2308,0.2878,0.6154,2.8,4.23,0.1538,0.4793,15
fd386aa7bed2af3c7035c65506c9b4a3,69,33.39,0.4392,0.3664,0.0,0.1014,0.6996,0.3623,1.78,4.35,0.1449,0.1679,6
28405831a29823802aa22c084cfd0649,7,35.0,0.3599,4.0,0.0,0.0,0.8081,0.0,1.0,4.29,0.0,1.0,16
04308b1ee57b6625f47df1d56f00eedf,94,639.69,0.0508,-0.4772,0.0,0.1196,0.9317,0.8085,5.52,3.88,0.2128,1.0,22
95f83f51203c626648c875dd41874c7f,52,61.87,0.5001,0.1501,0.0192,0.06,0.3922,0.4808,2.89,3.62,0.3019,0.7674,14
5c243662ce92d84573bfaff24c3e3700,98,335.33,0.054,-0.0273,0.0,0.0306,1.092,0.7959,5.45,4.14,0.102,0.9418,206
e5a3438891c0bfdb9394643f95273d8e,224,34.55,0.436,-0.5882,0.0045,0.1852,0.7274,0.317,1.63,3.91,0.1964,0.5433,145
7e93a43ef30c4f03f38b393420bc753a,336,525.09,0.0358,0.0,0.0119,0.0564,0.8693,0.8393,5.47,4.21,0.1194,0.8542,52
813348c996469b40f2e028d5429d3495,179,62.6,0.3208,0.946,0.0,0.0523,1.1613,0.5922,2.55,4.06,0.1486,1.0,132
903037660cf848a717166eb7a06d616e,45,177.59,0.1366,-0.7754,0.0,0.1364,0.6313,0.4222,2.89,3.89,0.2,0.4283,21
7a425d299613df3e613bcf9d2eaf5c49,18,67.71,0.2352,-0.4008,0.0,0.0556,0.8012,0.5556,2.68,4.11,0.1667,1.0,33
8ed8ea9a57c862f2c18c2fe41f601d56,19,201.68,0.1908,-0.9079,0.0,0.0,0.71,0.6316,4.0,4.47,0.0526,0.9003,85
d98eec89afa3380e14463da2aabaea72,168,41.48,0.4674,-0.2408,0.0,0.0238,0.514,0.3333,1.84,4.33,0.0774,0.3289,7
0adac9fbd9a2b63cccaac4f8756c1ca8,110,145.1,0.1566,-0.1395,0.0273,0.066,0.6428,0.5909,3.21,4.05,0.1364,0.6567,18
bc47d5d1490df2b36add65d733eafaba,24,41.87,0.4131,1.6545,0.0833,0.0952,0.4714,0.1667,1.33,3.25,0.375,1.0,26
da8622b14eb17ae2831f4ac5b9dab84a,1314,121.95,0.1557,-0.2845,0.0,0.0763,0.5851,0.5578,3.29,4.18,0.1185,0.7082,6
d23019c84ffae2d5ef2270367b8605fc,39,748.85,0.0942,5.7579,0.0,0.0256,0.5186,0.6923,4.92,4.41,0.0513,1.0,12
640e21a7d01df7614a3b4923e990d40c,116,65.51,0.3219,-0.1879,0.0,0.0696,0.5773,0.6379,3.11,4.3,0.0862,1.0,9
fa74b2f3287d296e9fbd2cc80f2d1cf1,11,223.63,0.0715,3.4934,0.0,0.4,0.6803,0.6364,4.27,2.36,0.6364,1.0,251
822166ed1e47908f7cfb49946d03c726,69,53.84,0.4902,3.7264,0.0,0.0145,0.5283,0.4783,2.19,4.0,0.1884,0.8616,43
3f9c56764fabca627406093dcb3ef0b4,7,129.9,0.1162,-0.3333,0.0,0.0,0.202,0.5714,2.14,4.71,0.0,1.0,132
4de6e4ba574aa9dfdc824bc44dc47fdd,14,32.22,0.5616,-0.6875,0.0,0.0714,0.4041,0.3571,1.8,4.07,0.2143,0.5408,60
c70c1b0d8ca86052f45a432a38b73958,261,139.99,0.1078,-0.1858,0.0,0.0846,0.2788,0.5594,2.66,4.36,0.0927,1.0,5
385799a1cddbd26dfeb9157356a42282,5,126.79,0.1303,0.122,0.2,0.0,0.0,0.4,1.3,4.0,0.2,0.7551,359
57df9869a600bd6b7c405f2a862eccfb,5,25.0,0.5777,0.0,0.0,0.0,0.3464,1.0,2.8,4.4,0.0,1.0,20
3d871de0142ce09b7081e2b9d1733cb1,1080,87.88,0.2364,-0.0565,0.0037,0.0592,0.7509,0.55,2.55,4.15,0.115,0.5771,8
33ac3e28642ab8bda860a2f693000e78,34,107.68,0.1339,0.3416,0.0,0.0,0.5688,0.5294,3.33,4.21,0.1176,0.8922,42
4e06067cc08b3f41d837768d392c3ee3,31,30.38,0.608,-0.963,0.0,0.0323,0.7278,0.4194,1.88,4.13,0.1935,1.0,30
1f50f920176fa81dab994f9023523100,1404,76.17,0.3288,0.0946,0.0007,0.1058,0.7418,0.4074,2.39,4.13,0.1425,0.9504,9
6ec1a01e866584bb679eb9b098345919,31,137.06,0.1918,-0.5391,0.0,0.2,0.5824,0.5161,3.22,4.13,0.1667,0.8301,10
ef506c96320abeedfb894c34db06f478,324,30.16,0.5319,2.9088,0.0031,0.0854,0.6618,0.3951,2.17,3.93,0.1708,0.8554,13
b6e1504972665f739dec4facb9943775,14,106.03,0.1522,-0.4462,0.0,0.0714,0.6227,0.3571,3.0,4.36,0.1429,0.3367,161
2e1c9f22be269ef4643f826c9e650a52,167,75.97,0.1919,0.2664,0.006,0.0683,0.4715,0.485,2.41,4.17,0.1333,0.5091,10
f789d2c4f2c2eb38fc4373e7a4b35264,44,110.55,0.1787,0.5819,0.0,0.0455,0.5741,0.5,2.8,4.16,0.1364,0.96,12
ba143b05f0110f0dc71ad71b4466ce92,85,71.89,0.2198,-0.4937,0.0,0.1566,0.7733,0.4118,1.94,4.42,0.0952,0.8478,16
1a3df491d1c4f1589fc2b934ada68bf2,167,139.54,0.1842,-0.6562,0.0,0.0563,0.7604,0.7305,4.56,4.18,0.1124,1.0,19
bacb1f0ed56ad24198f5810d2b3fe9a5,42,165.25,0.1287,1.0011,0.0714,0.0263,0.7559,0.7143,3.19,4.08,0.15,0.5794,229
aba1721a889e04decc910aa13b768ef4,83,169.92,0.0886,0.6894,0.0,0.1084,0.4014,0.4337,3.02,4.45,0.0964,0.8755,13
cd68562d3f44870c08922d380acae552,125,148.56,0.1189,-0.6705,0.008,0.1803,0.7968,0.56,2.71,3.94,0.1855,0.1994,80
82cb9f452fe8334df74b22d37824b431,14,59.87,0.3783,0.008,0.0,0.0,0.6925,0.0714,1.29,4.71,0.0,0.6296,33
cbd996ad3c1b7dc71fd0e5f5df9087e2,165,50.98,0.3417,-0.3053,0.0,0.0875,0.6227,0.4,1.93,4.15,0.1304,0.4508,7
e26901d5ab434ce92fd9b5c256820a4e,202,59.36,0.2459,-0.8973,0.005,0.0254,0.6705,0.3861,2.06,4.12,0.1238,0.2484,356
ad781527c93d00d89a11eecd9dcad7c1,44,156.81,0.3449,0.2923,0.0227,0.3158,0.6908,0.7955,4.95,3.07,0.4091,1.0,110
1da366cade6d8276e7d8beea7af5d4bf,43,160.87,0.2539,-0.5983,0.0,0.119,1.3186,0.3721,2.98,3.93,0.1905,0.5918,256
0d33a55da925bbf1ff02af5f6059fc7f,22,24.88,0.7046,-0.687,0.0,0.0455,0.3521,0.2727,1.5,4.48,0.087,0.3681,33
8bb48dc19fccaa8613b6229bf7f452a2,82,51.11,0.4432,-0.6624,0.0,0.0244,0.4287,0.2683,1.92,4.42,0.0843,0.4748,42
c864036feaab8c1659f65ea4faebe1da,58,180.24,0.1765,-0.4828,0.0,0.0345,0.4265,0.7414,3.49,4.57,0.0517,1.0,25
42b729f859728f5079499127a9c2ef37,104,39.6,0.3193,-0.145,0.0,0.0777,0.3768,0.3077,1.73,4.47,0.068,0.5871,11
128639473a139ac0f3e5f5ade55873a5,533,22.34,0.8217,-0.5014,0.0,0.0626,0.6092,0.0863,1.2,4.19,0.112,0.9304,16
54965bbe3e4f07ae045b90b0b8541f52,78,140.53,0.201,-0.7873,0.0,0.3014,1.0213,0.641,3.55,3.0,0.4459,1.0,62
e5e33c0d8e7e002f398f5dc4cbbb338f,28,239.24,0.1162,-0.0332,0.0357,0.1154,0.7906,0.75,4.64,4.32,0.1071,0.8716,26
17a053fcb14bd219540cbde0df490be0,125,325.63,0.2169,0.0558,0.0,0.0806,0.4607,0.536,3.48,4.23,0.1048,0.9351,21
131fcb0a0c9a47bba4474aacff0f14b7,4,92.45,0.099,-0.3106,0.0,0.0,0.0,0.5,2.5,4.0,0.0,1.0,25
aae3bfea055532c57fb453ed3ec80b30,48,63.71,0.2614,2.1045,0.0,0.0,0.5758,0.3125,1.88,3.6,0.2128,1.0,111
f3b80352b986ab4d1057a4b724be19d0,87,120.75,0.2082,1.8,0.0,0.0,0.7697,0.5977,3.26,4.17,0.1264,0.8972,39
1d8dbc4f32378d715c717c1c1fc57bae,92,123.0,0.186,0.5186,0.0,0.0989,0.4581,0.587,3.52,4.02,0.1556,1.0,71
37be5a7c751166fbc5f8ccba4119e043,272,203.49,0.1099,0.8408,0.0,0.026,1.2614,0.8051,5.42,4.3,0.0952,0.9719,105
e59aa562b9f8076dd550fcddf0e73491,70,451.06,0.0706,-0.4654,0.0,0.1014,0.5928,0.5714,3.41,4.21,0.1143,1.0,14
520b493b57809f446cb0a233bb3e25c7,63,58.71,0.2876,1.0698,0.0,0.0317,0.8095,0.5238,2.91,4.3,0.0938,0.3158,258
a416b6a846a11724393025641d4edd5e,162,158.46,0.1169,0.4253,0.0309,0.1274,0.5133,0.6296,3.68,4.15,0.1543,0.9568,13
ca3bd7cd9f149df75950150d010fe4a2,71,137.07,0.3534,0.2515,0.0141,0.0441,0.5761,0.3803,2.45,3.96,0.1831,0.9437,28
6bbcb8924baf70b7fe2fe2097e8cd407,10,238.25,0.1109,5.6057,0.0,0.0,0.3464,0.5,3.1,4.5,0.1,0.6033,25
a56a8043ebf66e42119618fb8cf232c6,1,83.0,0.2859,0.0,0.0,0.0,0.0,0.0,1.0,5.0,0.0,1.0,31
11305281b50fff20ae8bb473f8e11876,35,186.53,0.2213,-0.0263,0.0,0.1143,0.4866,0.5429,3.77,4.31,0.0857,0.2988,13
376a891762bbdecbc02b4b6adec3fdda,57,112.39,0.201,-0.8965,0.0,0.0351,0.6359,0.4737,2.53,4.67,0.0175,0.7776,124
4e922959ae960d389249c378d1c939f5,420,109.6,0.158,-0.4504,0.0,0.1068,0.5813,0.4548,2.24,3.95,0.1831,0.1537,6
240b9776d844d37535668549a396af32,36,377.56,0.0633,0.5421,0.0,0.0571,0.3889,0.7778,4.42,4.28,0.1111,0.4985,13
1b4c3a6f53068f0b6944d2d005c9fc89,113,130.62,0.2054,3.7842,0.0,0.0631,0.8291,0.5575,3.42,4.22,0.1062,0.3547,39
09f952a5f58d2285b0372551ae8f9b01,50,236.43,0.129,0.0816,0.0,0.06,0.6337,0.56,3.47,3.84,0.18,0.6078,10
062ce95fa2ad4dfaedfc79260130565f,55,136.75,0.1596,-0.9171,0.0,0.037,0.6919,0.5818,3.37,4.04,0.1091,0.2989,358
53243585a1d6dc2643021fd1853d8905,358,622.28,0.0587,0.7491,0.0,0.0431,0.8153,0.7207,4.46,4.13,0.1208,0.5322,13
5b07547f10dd980738a1a27f685af669,13,87.28,0.1635,0.0,0.0,0.1538,0.0,0.4615,1.92,4.46,0.0769,0.8673,10
0241d4d5d36f10f80c644447315af0bd,238,131.92,0.2183,-0.3685,0.0,0.0588,0.4373,0.6387,3.72,4.33,0.1088,1.0,6
cab85505710c7cb9b720bceb52b01cee,206,55.29,0.2552,0.3133,0.0,0.0249,0.5166,0.5,2.14,4.28,0.0773,1.0,6
6d66611d7c44cc30ce351abc49a68421,166,81.89,0.2399,0.2633,0.0,0.061,0.458,0.4759,3.11,3.95,0.1585,0.3705,9
71039d19d4303bf9054d69e9a9236699,35,101.06,0.1757,2.0,0.0,0.2286,0.6791,0.5143,2.57,3.8,0.2,0.4917,31
c68fb906c8f4b4b946d8386bfa6e5467,45,100.91,0.1965,0.817,0.0,0.0222,0.4018,0.4222,2.5,4.52,0.0682,0.4905,35
46dc3b2cc0980fb8ec44634e21d2718e,521,245.89,0.0921,0.1651,0.0058,0.0656,1.1149,0.7217,4.16,4.19,0.132,0.5001,17
7681ef142fd2c19048da7430856b5588,59,541.39,0.0913,1.1599,0.0,0.1379,0.4947,0.6271,3.82,4.19,0.1356,0.4029,12
bd15ee794d5e640d9dd71b665b2ab15b,12,31.23,0.5852,-0.3438,0.0,0.1667,0.7071,0.5,2.92,4.0,0.1667,0.8472,20
36a968b544695394e4e9d7572688598f,154,61.58,0.2263,2.5128,0.0065,0.0473,0.5388,0.3117,1.9,3.66,0.2387,0.3366,7
33a17d60c64393351ebf1ef860f4e0f2,43,189.59,0.1569,-0.3688,0.0,0.0233,0.7536,0.6977,4.0,4.63,0.0233,1.0,20
609e1a9a6c2539919b8205cf7c4e6ff0,87,75.81,0.4074,-0.0759,0.0,0.023,0.5429,0.6782,3.74,3.81,0.2118,0.9696,10
dee656f0f566ed1aa85bd137c943f08f,93,67.44,0.2705,-0.4324,0.0,0.0543,0.382,0.3441,2.06,4.37,0.0761,0.1825,12
d1c281d3ae149232351cd8c8cc885f0d,215,125.31,0.2003,3.0901,0.0,0.0888,0.5185,0.6465,3.92,3.81,0.2192,0.9512,18
26d8a1c7c75d513045798992ead43aa2,36,229.0,0.0851,3.0903,0.0,0.0882,0.4082,0.75,3.46,4.31,0.1111,0.7659,22
2a5b78b41cd05baeac8df54c6606b92c,49,388.27,0.0582,-0.7583,0.0,0.0217,0.6978,0.6122,3.49,4.33,0.102,1.0,19
d9bd94811c3338dceb4181f3dbc0c73e,54,127.98,0.1116,0.039,0.0,0.1111,0.3722,0.463,2.56,4.8,0.037,0.3324,13
6cd68b3ed6d59aaa9fece558ad360c0a,149,75.09,0.2261,0.1297,0.0,0.0201,0.5325,0.5638,2.52,4.46,0.0336,0.4708,133
527801b552d0077ffd170872eb49683b,90,199.36,0.115,-0.8782,0.0,0.1,0.5511,0.5556,3.79,4.47,0.0787,0.8755,10
04e38a233f726ef161074ab1c9b0399a,23,58.79,0.3395,-0.8419,0.0,0.1579,0.8868,0.3043,1.67,3.65,0.2174,0.375,121
b1fc4f64df5a0e8b6913ab38803c57a9,107,74.72,0.2685,0.2893,0.0,0.1215,0.771,0.6916,3.1,3.86,0.2095,1.0,24
7299e27ed73d2ad986de7f7c77d919fa,338,102.74,0.1974,0.0133,0.003,0.0478,0.4454,0.4467,2.39,4.42,0.068,0.3116,13
48efc9d94a9834137efd9ea76b065a38,33,10.47,0.9271,29.7064,0.0,0.0,0.9394,0.0,1.0,5.0,0.0,0.2232,585
1127b7f2594683f2510f1c2c834a486b,114,60.1,0.2659,0.3471,0.0351,0.0273,0.7454,0.4123,2.12,4.1,0.1739,0.8846,12
18a349e75d307f4b4cc646a691ed4216,121,72.0,0.2523,0.2382,0.0165,0.0642,0.6079,0.1818,1.45,3.44,0.3167,0.1103,8
8fdca8e349553f99bc738833a62c8802,22,44.97,0.385,-0.7997,0.0,0.0455,0.6742,0.3182,2.05,4.19,0.0952,0.4697,390
8f580d36c1e9d6fbce95283403c7d447,8,601.66,0.0374,1.0755,0.0,0.125,0.3536,0.5,4.38,4.38,0.125,1.0,20
41b39e28db005d9731d9d485a83b4c38,195,87.76,0.2297,-0.2636,0.0103,0.0642,0.6023,0.6154,3.09,4.05,0.165,0.6023,14
fa1a9dec3a9940c072684a46728bf1fc,55,121.35,0.1801,-0.6306,0.0,0.0,0.456,0.7091,3.6,4.11,0.1296,1.0,12
c458e2045a8aa8964f8879af03fdcce6,4,123.73,0.3976,1.7149,0.0,0.0,0.3536,0.25,1.4,2.75,0.5,1.0,486
91f0eec23d4a61d7d7caeefa3f0ad1ca,11,199.16,0.1618,0.0,0.0,0.2727,0.3149,0.7273,4.33,3.55,0.2727,1.0,38
634964b17796e64304cadf1ad3050fb7,268,147.26,0.1509,-0.2133,0.0037,0.1019,0.3757,0.3731,2.28,4.04,0.1573,0.7323,16
23ff42c4bf1f8f16cddb19d8b972974a,2,87.35,0.3032,-0.8338,0.0,0.0,0.0,0.5,5.5,4.0,0.0,1.0,290
620c87c171fb2a6dd6e8bb4dec959fc6,740,155.1,0.1232,0.0776,0.0081,0.0997,0.5569,0.6959,3.71,4.25,0.1258,0.5007,10
891071be6ba827b591264c90c2ae8a63,92,45.41,0.3057,-0.378,0.0109,0.1765,0.8309,0.3043,1.62,3.78,0.2473,0.2876,11
f80edd2c5aaa505cc4b0a3b219abf4b8,119,76.54,0.3295,1.598,0.0084,0.0517,0.8066,0.4202,2.59,4.08,0.161,0.3617,7
c826c40d7b19f62a09e2d7c5e7295ee2,354,128.94,0.1221,0.0064,0.0,0.0954,1.0121,0.4831,2.06,4.08,0.1562,0.9947,7
2b3b9ce054da76a7428df143a567b156,5,60.2,0.2069,-0.1151,0.0,0.0,0.2828,0.2,2.4,3.6,0.2,1.0,15
cca3071e3e9bb7d12640c9fbe2301306,712,89.9,0.2245,0.7331,0.0014,0.0587,0.7042,0.6096,3.32,3.85,0.2011,0.5162,12
1f9ab4708f3056ede07124aad39a2554,78,174.39,0.1794,-0.8889,0.0,0.0526,0.7552,0.7436,2.99,4.08,0.0779,1.0,93
8160255418d5aaa7dbdc9f4c64ebda44,385,122.12,0.167,-0.5479,0.0,0.1658,0.4859,0.6779,4.13,3.94,0.1719,0.9724,14
54a1852d1b8f10312c55e906355666ee,200,86.13,0.1967,-0.5442,0.0,0.096,0.5675,0.35,1.96,4.33,0.09,0.7569,13
b76dba6c951ab00dc4edf0a1aa88037e,159,16.19,0.896,1.5918,0.0,0.0318,0.5581,0.3459,1.53,4.18,0.1146,0.592,7
116ccb1a1604bc88e4d234a8c23f33de,61,32.87,0.4706,-0.6641,0.0,0.0656,0.4303,0.3115,1.98,4.64,0.0328,0.6108,13
fa40cc5b934574b62717c68f3d678b6d,307,52.3,0.2822,0.4663,0.0033,0.0625,0.4446,0.2638,1.65,4.46,0.0784,0.7776,105
04aa0a1c5ce6b222003403a3e11c3cc0,11,501.64,0.1489,-0.9548,0.0,0.1818,0.668,0.8182,5.09,4.09,0.1818,0.8893,222
edb1ef5e36e0c8cd84eb3c9b003e486d,166,477.62,0.0493,0.059,0.0,0.0788,0.4474,0.747,4.4,4.42,0.0783,1.0,14
06a2c3af7b3aee5d69171b0e14f0ee87,392,92.88,0.3335,-0.1281,0.0,0.2314,0.5567,0.6122,2.91,3.99,0.1671,1.0,12
aafe36600ce604f205b86b5084d3d767,129,71.72,0.2618,-0.4607,0.0,0.0465,0.5686,0.4109,2.19,4.4,0.093,0.6435,18
0ea22c1cfbdc755f86b9b54b39c16043,237,45.2,0.4074,0.8617,0.0,0.0171,0.5037,0.3924,2.23,4.4,0.0628,0.8376,12
7a67c85e85bb2ce8582c35f2203ad736,1160,122.19,0.1475,-0.3281,0.0009,0.0594,0.5361,0.6319,2.94,4.24,0.1065,0.841,13
7142540dd4c91e2237acb7e911c4eba2,319,117.16,0.185,-0.8592,0.0,0.0823,0.556,0.4953,2.54,4.03,0.1437,0.5736,17
715bbd5ba4e6b74cb0d2f29eb45058b0,62,65.21,0.3147,-0.4059,0.0,0.0806,0.5689,0.5645,2.51,4.47,0.0645,0.3354,15
f262cbc1c910c83959f849465454ddd3,192,54.6,0.2392,-0.0731,0.0052,0.0952,0.6628,0.2865,1.66,4.15,0.151,0.3126,7
c3867b4666c7d76867627c2f7fb22e21,245,151.65,0.1358,-0.5715,0.0204,0.1184,0.7904,0.6816,2.9,3.91,0.2041,1.0,56
8ae520247981aa06bc94abddf5f46d34,65,251.09,0.0886,0.4092,0.0,0.0154,0.1853,0.6923,4.29,4.45,0.0923,0.6649,14
66dc1b1632bd6a3e508510c5b3492107,37,100.58,0.1956,3.8898,0.0,0.0278,0.3175,0.4054,2.35,3.57,0.2703,0.2098,22
7ea5bfa6c340f58f8e71fc1f0412b0d6,98,112.27,0.151,-0.2911,0.0,0.0729,0.6068,0.6531,2.62,4.12,0.1134,0.8567,23
966cb4760537b1404caedd472cc610a5,75,683.81,0.0322,-0.8014,0.0,0.0299,0.4948,0.7467,5.45,3.85,0.1867,1.0,26
3bb32fedaa74e4ad20f4ce067733bd31,2,51.85,0.5676,0.0,0.0,0.0,0.0,0.0,1.0,4.5,0.0,1.0,29
f5f1f2c5f923f36ad79ea1d07185ddc9,12,159.35,0.1065,-0.8768,0.0,0.1,0.8898,0.8333,3.75,3.25,0.3333,1.0,152
4a3ccda38b2129705f3fb522db62ca31,66,258.52,0.0839,12.1551,0.0152,0.0938,0.7329,0.4848,3.32,3.88,0.209,0.545,15
48162d548f5b1b11b9d29d1e01f75a61,68,301.62,0.1015,-0.5891,0.0147,0.0303,0.6102,0.5882,3.9,3.9,0.1912,0.3129,17
a3082f442524a1be452e3189e003b361,3,100.53,0.3238,2.8437,0.0,0.0,0.0,0.6667,2.33,4.33,0.0,1.0,25
30a2f535bb48308f991d0b9ad4a8c4bb,71,66.64,0.2291,0.466,0.0,0.0282,0.8978,0.5634,3.15,4.29,0.125,1.0,38
014d9a685fd57276679edd00e07089e5,11,66.35,0.2013,0.8184,0.0,0.0,0.5301,0.3636,4.82,3.73,0.1818,0.625,17
dfa0c4c6229ab200a4a1336b4d7128ff,77,62.04,0.3699,0.9325,0.0,0.039,0.1486,0.4675,2.77,4.0,0.1818,0.2704,11
52f9db5cfb423382a2fa5c9e39303202,22,57.72,0.2825,-0.7976,0.0,0.0,0.391,0.2273,1.57,4.14,0.1364,0.3535,32
e2aee0892199b1d92530e371abd825bf,38,149.01,0.4688,-0.672,0.0263,0.1389,0.5766,0.4474,3.46,3.79,0.2368,0.511,34
2e1a7d075abe038c1b2743005fe42ff1,19,73.51,0.2533,-0.6849,0.0526,0.1667,0.7274,0.3684,1.81,4.05,0.2105,0.6597,33
ce27a3cc3c8cc1ea79d11e561e9bebb6,135,79.13,0.218,-0.8113,0.0,0.0246,0.8196,0.4222,2.3,3.91,0.1908,0.17,9
1acde099eb406aa220b1169b188b42da,9,34.57,0.4738,-0.3333,0.0,0.0,0.2722,0.4444,1.78,4.22,0.1111,1.0,301
b19f3ca2ea475913750f25a5c37c8d8f,24,258.45,0.2171,-0.7001,0.0417,0.3158,0.5,0.7083,4.67,2.79,0.5,0.7222,27
973f21788dfab357250f69a8dcb7ddee,10,90.9,0.5904,-0.5522,0.1,0.5556,0.5292,0.5,2.2,2.0,0.7,1.0,70
4be2e7f96b4fd749d52dff41f80e39dd,1,267.0,0.123,0.0,0.0,0.0,0.0,0.0,1.0,1.0,1.0,1.0,698
5a8e7d5003a1f221f9e1d6e411de7c23,139,80.37,0.2412,-0.6384,0.0072,0.0584,0.4386,0.4748,3.01,4.14,0.1304,0.7686,10
11742f81550ac064cc9a40f67151d9ad,2,390.95,0.0628,0.0,0.0,0.0,0.0,1.0,6.5,5.0,0.0,1.0,17
f18112da765e0971ca5d510dec322bdd,2,163.9,0.2531,0.0,0.0,0.0,0.0,1.0,3.0,4.0,0.0,1.0,244
e882b2a25a10b9c057cc49695f222c19,57,895.75,0.0559,6.9097,0.0,0.0,0.724,0.807,6.77,4.59,0.0508,0.3954,16
bbad7e518d7af88a0897397ffdca1979,69,64.67,0.2999,-0.8664,0.0,0.1618,0.4683,0.3478,1.91,3.16,0.4118,0.3531,28
53e4c6e0f4312d4d2107a8c9cddf45cd,473,63.74,0.3279,-0.1512,0.0042,0.054,0.4277,0.592,2.95,4.09,0.1392,0.8359,7
7ad32824caee82087b3e2e5f33b1bf32,151,149.04,0.1575,1.2622,0.0,0.1429,0.592,0.7086,4.05,3.84,0.2027,1.0,7
4d6d651bd7684af3fffabd5f08d12e5a,369,118.12,0.1812,-0.5057,0.0027,0.0468,0.5469,0.4932,2.3,4.2,0.1243,0.9602,11
e9bc59e7b60fc3063eb2290deda4cced,216,159.0,0.1365,-0.119,0.0046,0.11,0.7302,0.463,2.18,3.99,0.1667,0.7165,18
850f4f8af5ea87287ac68de36e29107f,187,242.54,0.0687,-0.7441,0.0,0.0645,0.7444,0.6364,3.79,4.29,0.0924,0.458,68
e333046ce6517bd8bb510291d44f0130,68,106.88,0.1969,1.6992,0.0,0.0588,0.3957,0.6176,3.39,4.34,0.0882,0.534,10
95ec4458365c4d11f452ccf538377619,27,69.14,0.2339,-0.3589,0.0,0.037,0.5264,0.3333,2.0,4.62,0.0385,0.3528,14
ba90964cff9b9e0e6f32b23b82465f7b,38,1163.49,0.0297,0.7946,0.0,0.0526,0.8462,0.7895,6.38,4.42,0.0526,0.3657,19
7e3f87d16fb353f408d467e74fbd8014,92,51.68,0.3026,-0.0234,0.0,0.1209,0.5325,0.1739,1.54,4.13,0.1196,0.6254,8
c3acdfac4e3e97ff87529454fbc03642,12,1399.0,0.016,-0.5572,0.0,0.0833,0.5,0.8333,6.38,4.25,0.0833,1.0,18
81f89e42267213cb94da7ddc301651da,46,85.98,0.1937,0.0,0.0,0.0,0.0,0.5435,3.04,3.67,0.2174,0.4815,7
7178f9f4dd81dcef02f62acdf8151e01,203,182.61,0.1189,4.4052,0.0,0.0495,0.8327,0.4778,2.96,4.04,0.1478,0.1831,17
97512d3fc193b2d1dfcdba0f9d1f0f8a,12,121.57,0.2341,2.7934,0.0,0.0833,0.4082,0.1667,1.92,4.25,0.0833,1.0,16
e48b04bf1aa1ef711caebeb7aede6180,25,127.48,0.2026,-0.0967,0.0,0.0,0.4733,0.64,2.72,4.48,0.08,0.3792,34
fa1c13f2614d7b5c4749cbc52fecda94,585,331.7,0.0518,-0.2845,0.0017,0.1021,0.522,0.7726,4.78,4.34,0.105,0.9763,5
4be6b962d83299498bae2190f95d6566,11,46.25,0.3583,0.0199,0.0,0.0909,0.3963,0.3636,1.67,4.1,0.1,0.8472,22
98dac6635aee4995d501a3972e047414,91,46.55,0.5759,0.5053,0.0,0.0899,0.5654,0.3846,2.34,4.14,0.1778,1.0,6
7b07b3c7487f0ea825fc6df75abd658b,93,104.64,0.138,0.7752,0.0108,0.044,0.7408,0.4516,2.31,4.35,0.1183,0.9217,10
972d0f9cf61b499a4812cf0bfa3ad3c4,83,97.46,0.2659,-0.3743,0.0,0.1111,0.7878,0.6747,3.53,3.03,0.4177,1.0,12
381c83fdca332ea6afd896da20bf6e4a,46,159.91,0.1358,-0.0505,0.0,0.0435,0.55,0.7609,3.44,4.39,0.087,0.8781,20
0951a6e282947e09cd47969f4ed0b47f,7,70.33,0.1788,1.1802,0.0,0.0,0.4286,0.7143,2.57,4.86,0.0,0.7551,7
7ddcbb64b5bc1ef36ca8c151f6ec77df,334,166.4,0.143,-0.7779,0.006,0.0862,0.6847,0.6168,3.08,3.95,0.1717,0.301,78
2138ccb85b11a4ec1e37afbd1c8eda1f,396,31.2,0.4912,0.2677,0.0076,0.0541,0.7902,0.3662,1.94,3.94,0.1692,0.7437,6
165fc07beebdcb6190fba8a06db2a449,50,349.63,0.0915,-0.3431,0.0,0.12,0.7925,0.4,3.06,3.8,0.22,0.8052,20
7ad41305e96a6cab8294cd65891e9a86,2,90.0,0.32,0.0,0.0,0.0,0.0,0.5,1.5,5.0,0.0,1.0,83
2d518637f53161b973e01f56ea4bb88e,13,93.84,0.2622,-0.7835,0.0,0.0,0.5493,0.1538,1.31,4.92,0.0,1.0,35
8648b1e89e9b349e32d3741b30ec737e,95,78.34,0.202,1.9208,0.0,0.1075,0.5845,0.3579,1.75,4.1,0.1546,0.649,8
70eea00b476a314817cefde4aad4f89a,108,296.25,0.0866,-0.4976,0.0,0.0755,0.7509,0.5926,3.83,4.38,0.0748,0.6757,12
31344c16881c08a8a72c6d2eb29918c1,43,223.62,0.2389,0.8636,0.0,0.0476,0.4692,0.7209,3.84,4.35,0.1163,1.0,14
33a6f4b1e7cdc205511e76ba1b6e0186,105,98.05,0.1835,2.6272,0.0,0.019,0.5447,0.5238,3.0,4.41,0.0857,0.8406,6
681fce914360217db47784ae28905a96,23,179.45,0.1077,-0.154,0.0,0.1304,0.4743,0.6087,4.22,4.0,0.2273,0.7118,35
229c3efbfb0ea2058de4ccdfbc3d784a,121,130.12,0.1501,1.3763,0.0,0.0169,1.0208,0.5041,2.7,3.62,0.25,1.0,17
fdaaf5bfda82b7b80535610c831b8d09,10,258.89,0.1002,-0.8496,0.0,0.1,0.4472,0.7,3.18,4.2,0.2,0.8756,120
b2ba3715d723d245138f291a6fe42594,337,153.34,0.1257,-0.7155,0.0119,0.0895,0.7402,0.5341,2.92,4.1,0.1467,0.1189,12
c42fd8e4d47dfb18ce5222f2dd7752f9,7,66.71,0.3461,0.9685,0.0,0.2857,0.4041,0.7143,5.43,3.8,0.2,0.686,470
3092c0b297aacfb4bb6e056ebe13b9b8,19,85.47,0.2217,-0.817,0.0,0.0,0.5103,0.7368,2.65,3.63,0.2632,0.2018,66
612170e34b97004b3ba37eae81836b4c,107,215.56,0.1,-0.6817,0.0,0.0187,0.6858,0.5047,3.14,4.43,0.0748,0.1304,12
75d34ebb1bd0bd7dde40dd507b8169c3,62,242.71,0.0951,-0.4756,0.0161,0.1579,0.7852,0.5323,3.18,3.74,0.2419,0.8681,210
9bcdfa7b615b3abb9461d9e3ad9886ae,14,151.86,0.1871,-0.1705,0.0,0.0714,0.4403,0.6429,4.19,4.43,0.0714,1.0,140
6d803cb79cc31c41c4c789a75933b3c7,58,150.2,0.1393,-0.6554,0.0,0.069,0.4456,0.569,2.58,4.25,0.0833,1.0,89
7aa4334be125fcdd2ba64b3180029f14,217,74.81,0.2691,1.0851,0.0,0.1355,0.8416,0.5438,2.6,4.1,0.1488,0.6362,265
9f505651f4a6abe901a56cdc21508025,397,66.4,0.2287,0.0153,0.0,0.0509,0.5008,0.2645,1.81,4.34,0.1013,0.7245,5
080199a181c46c657dc5aa235411be3b,79,183.6,0.0718,1.6917,0.0,0.0253,0.6184,0.6203,3.11,4.62,0.0128,1.0,10
9646c3513289980f17226a2fc4720dbd,71,42.81,0.3975,0.0,0.0282,0.029,1.0119,0.2113,1.59,4.35,0.0845,0.831,30
f61c63d13f7cd800549d5acdd390ae72,26,118.17,0.1398,1.5124,0.0,0.0769,0.7712,0.5385,2.47,4.0,0.1154,0.4882,14
1c68394e931a64f90ea236c5ea590300,142,174.88,0.1166,-0.253,0.0,0.0352,0.9541,0.5141,2.46,3.92,0.1622,0.8304,21
f84fa566034f5e8e880a07ec624c56af,91,55.98,0.242,-0.3686,0.0,0.1348,1.5031,0.4835,1.93,4.22,0.1209,0.803,20
b2479f944e1b90cf8a5de1bbfde284d6,103,46.14,0.4713,0.2005,0.0097,0.1386,0.3833,0.4854,2.07,3.41,0.3143,0.9261,14
a4b6b9b992b46e9ef863637af96e04bc,7,1021.0,0.0427,-0.6397,0.1429,0.1667,0.3499,0.4286,3.86,3.29,0.2857,0.7449,429
acce39e832338debb07b02385cde5967,44,107.91,0.2476,0.5731,0.0,0.0,0.8431,0.7727,3.43,4.48,0.0682,0.5258,8
d05ae8f7a5bd1d2a690a44cd079e4e27,78,172.26,0.0863,-0.2966,0.0128,0.0909,0.6304,0.5897,3.38,3.86,0.2208,1.0,16
d20b021d3efdf267a402c402a48ea64b,90,46.0,0.3804,-0.2318,0.0111,0.1744,0.5402,0.4667,2.41,3.7,0.2222,0.9094,35
6a8b085f816a1f75f92dbac6eb545f8f,127,47.39,0.3619,-0.2094,0.0,0.096,0.5212,0.2441,1.72,4.11,0.1172,1.0,11
0432ead42b6c8a0bdf68154add917fdf,85,91.67,0.155,0.0,0.0235,0.0366,0.6747,0.5294,2.94,4.46,0.0941,0.9143,38
fde0cc9ea29c8ccfc0a2c22256a58c71,35,112.06,0.2548,5.5619,0.0,0.0286,0.5496,0.5429,2.37,4.49,0.0857,0.6229,15
ad420dd0c4f92f8af951ac24b86d0cf5,42,112.03,0.1941,0.0649,0.0,0.0714,0.6667,0.6429,3.49,4.12,0.15,0.9575,10
e94b64dc6979b302a5a5be1662c83bb6,2,153.44,0.1034,0.0,0.0,0.0,0.0,0.5,4.5,5.0,0.0,1.0,62
ae45df84722b1d15c5f32b23a095746c,9,100.2,0.1815,0.1285,0.0,0.0,0.9623,0.4444,2.89,4.78,0.0,1.0,13
e21a1e8be4715b0fcfd5385643bc49c4,21,33.5,0.6712,1.0,0.0,0.0,0.7206,0.619,2.73,3.67,0.2381,0.2951,193
b499c00f28f4b7069ff6550af8c1348a,152,67.94,0.2496,0.9892,0.0,0.1293,0.517,0.3487,2.09,4.12,0.1307,0.2003,10
17e34d8224d27a541263c4c64b11a56b,255,221.03,0.093,0.3585,0.0078,0.085,0.7298,0.7255,3.99,4.19,0.1265,0.3151,14
bfd27a966d91cfaafdb25d076585f0da,117,170.26,0.1367,-0.7164,0.0,0.0526,0.7073,0.6667,3.24,4.28,0.113,0.2021,63
b92e3c8f9738272ff7c59e111e108d7c,62,132.76,0.2933,0.7506,0.0,0.0323,0.5952,0.6452,3.79,4.17,0.1746,0.7882,27
9bade61a92bed55a25d2b67b9f4ed739,2,58.84,0.4854,0.0,0.0,0.0,0.0,0.5,1.5,3.0,0.5,1.0,158
f5a590cf36251cf1162ea35bef76fe84,117,454.72,0.0797,-0.2081,0.0256,0.1062,0.5873,0.6496,4.51,4.23,0.1197,0.7639,16
c003204e1ab016dfa150abc119207b24,197,127.45,0.1889,1.0097,0.0,0.0667,0.5411,0.5279,2.49,4.45,0.051,0.6377,8
4371b634e0efc0e22b09b52907d9d469,102,80.33,0.1812,-0.6361,0.0098,0.0792,0.5856,0.4314,2.09,4.45,0.0792,0.4667,21
4830e40640734fc1c52cd21127c341d4,210,46.87,0.3176,0.1757,0.0095,0.0686,0.6965,0.4667,2.14,4.16,0.1232,0.3484,7
4a1f694197d05fe70026b016a7316b41,14,64.84,0.4087,2.6669,0.0,0.0714,0.5714,0.2857,1.71,4.57,0.0714,0.7127,22
17f51e7198701186712e53a39c564617,56,857.48,0.2039,-0.5339,0.0,0.0893,0.4731,0.7321,6.93,4.34,0.0893,1.0,29
ea566164622c6b439516ab18062c42cd,50,206.19,0.0833,0.1166,0.0,0.22,0.5727,0.4,2.22,3.78,0.24,0.1627,15
3985a3c45be355a4c57fde108bfabd1c,7,49.17,0.4997,1.5446,0.0,0.0,0.3499,0.4286,1.89,4.0,0.1429,1.0,441
f00e21b1e91a79653163b7fd8f293ff1,31,125.81,0.1464,-0.8185,0.0,0.0323,0.5851,0.6774,3.45,4.1,0.1333,0.7107,275
5abb8ea023c77787f2c15da891c8d384,13,172.38,0.333,-0.1474,0.0,0.2308,0.5329,0.6923,3.92,3.92,0.1538,0.3728,275
dbec9a0a7efeff029d4d9dce7dc4cc95,3,390.0,0.1014,-0.4605,0.0,0.0,0.3333,1.0,3.33,4.0,0.3333,1.0,20
4da0e408c99d2fdc2126dc9fce518060,44,68.77,0.3102,1.1504,0.0,0.0,0.6894,0.4091,2.13,4.46,0.0625,0.832,21
f4a04f7be452aa3bb31760bf00055dd0,18,72.89,0.1843,1.7143,0.0,0.0556,0.6939,0.5,2.53,4.67,0.0,1.0,17
1838dd9b8977065acf51d95e0053ea7a,64,44.07,0.4452,-0.9192,0.0,0.0484,0.5933,0.125,1.25,4.27,0.1406,0.8084,33
de23c3b98a88888289c6f5cc1209054a,164,160.97,0.1016,-0.7235,0.0061,0.0994,0.9336,0.5976,3.0,4.26,0.1159,0.4547,17
082e0bf4cb865a6533b1e8e498cc0255,11,188.48,0.478,8.438,0.0,0.1818,0.4635,0.6364,5.27,3.27,0.3636,0.9168,17
213b25e6f54661939f11710a6fddb871,155,99.22,0.225,-0.1452,0.0,0.0855,0.711,0.6129,3.24,3.79,0.2129,0.8273,20
709e16e2b25c7474d980076c6bfc4806,60,85.86,0.2382,-0.3795,0.0,0.0333,0.5972,0.4833,2.47,4.52,0.0167,0.545,8
83e197e95a1bbabc8c75e883ed016c47,47,142.42,0.1474,0.0,0.0,0.0217,0.8158,0.7447,3.92,4.81,0.0213,0.8651,188
7daca0837f033a41a6f3428c18657533,7,175.57,0.1368,-0.9406,0.0,0.2857,0.5345,0.4286,1.88,3.57,0.2857,1.0,85
0015a82c2db000af6aaaf3ae2ecb0532,3,895.0,0.0235,1.0,0.0,0.0,0.3333,1.0,7.33,3.67,0.3333,1.0,320
818d28f936e791926d33bcb6ee94ef79,5,27.9,0.5534,-0.5,0.2,0.0,0.2828,0.2,1.6,4.0,0.0,1.0,467
712e6ed8aa4aa1fa65dab41fed5737e4,79,503.99,0.173,8.7338,0.0,0.2208,0.9604,0.7848,6.36,3.39,0.3418,1.0,108
1da3aeb70d7989d1e6d9b0e887f97c23,265,33.3,0.4796,-0.2018,0.0038,0.0575,0.3649,0.3208,1.79,4.15,0.1283,0.1275,13
7202e2ba20579a9bd1acb29e61fe71f6,53,240.58,0.0914,2.4203,0.0,0.0588,0.7072,0.5849,2.97,3.87,0.1923,0.7779,13
db2956745b3a8e9f3785c99f34b5d25e,47,182.96,0.1134,-0.2322,0.0,0.1111,0.3199,0.4894,2.64,3.77,0.2128,1.0,24
897060da8b9a21f655304d50fd935913,317,72.63,0.2981,-0.2392,0.0032,0.1184,0.6999,0.2681,1.69,3.62,0.2587,0.9323,81
23d7c96d4a1160db1c726b248601b25a,53,222.02,0.1172,-0.3423,0.0566,0.12,0.4016,0.6038,3.76,3.8,0.1961,0.1828,18
7b0df942f46435babab05d49b744b2c4,32,706.27,0.0297,-0.2385,0.0,0.0938,0.7655,0.5,3.17,4.39,0.0645,0.9395,70
37515688008a7a40ac93e3b2e4ab203f,228,26.26,0.5731,-0.8599,0.0,0.1013,0.8319,0.364,1.81,4.09,0.1062,0.9917,49
eb4df17aed01d918c65f0f8d650900c0,11,339.99,0.0496,0.1254,0.0,0.2727,0.6618,0.8182,5.27,3.91,0.1818,0.8347,19
d9a84e1403de8da0c3aa531d6d108ba6,54,26.39,0.5137,-0.277,0.0,0.0566,0.4685,0.3148,1.66,4.52,0.0741,0.3192,6
b32be1695eb7ec5f10f72d9610a12527,45,597.2,0.11,0.064,0.0,0.0455,0.646,0.7333,5.52,4.07,0.1364,0.3374,21
1fdc574883ef3b33ad41562d93f3a74a,18,236.17,0.0643,0.6766,0.0,0.0556,0.4082,0.6667,2.83,4.44,0.0,1.0,44
95e03ca3d4146e4011985981aeb959b9,175,62.91,0.2937,-0.3701,0.0,0.0349,0.7714,0.4286,2.02,4.01,0.1429,0.1321,19
b45d7ebfb7378630f1bcd74b6ff86ff7,5,201.5,0.1017,-0.8669,0.2,0.0,0.2828,0.8,4.2,3.8,0.2,0.52,189
f4aba7c0bca51484c30ab7bdc34bcdd1,110,27.36,0.5142,-0.5626,0.0,0.0648,0.5701,0.2182,1.46,3.94,0.1574,0.9176,401
3a3c180dd702a725bd0ba4117689239e,1,41.9,0.8468,0.0,0.0,0.0,0.0,0.0,1.0,4.0,0.0,1.0,122
37dd29b36c458d82f74a953c40c43645,7,648.14,0.1057,0.0198,0.0,0.1429,0.3194,0.8571,7.0,3.86,0.2857,1.0,98
834f8533b2ecb6598dd004ff3de7203a,43,105.54,0.2111,-0.0857,0.0,0.1463,0.5231,0.4651,2.33,3.85,0.1957,0.3653,14
259f7b5e6e482c230e5bfaa670b6bb8f,138,61.78,0.3213,-0.8006,0.0,0.0221,0.6215,0.4493,2.23,4.3,0.1159,0.8969,7
643214e62b870443ccbe55ab29a4dccf,66,49.55,0.2843,-0.2121,0.0,0.1231,0.4782,0.303,1.66,4.41,0.0455,0.9429,12
2ea0861cc19e94cad86438c984c52da4,6,27.6,0.3771,-0.8578,0.0,0.0,0.4082,0.0,1.0,3.33,0.1667,0.2222,48
a3e9a2c700480d9bb01fba070ba80a0e,130,103.39,0.2145,-0.5472,0.0,0.1008,0.4102,0.6077,3.54,3.98,0.1679,0.9592,15
c87abc38c8ed3240861729e1aeadf221,1,133.0,0.1179,0.0,0.0,0.0,0.0,0.0,1.0,1.0,1.0,1.0,251
d13e50eaa47b4cbe9eb81465865d8cfc,67,106.79,0.1199,0.0,0.0,0.2121,0.0,0.3731,2.12,4.82,0.0299,0.732,6
b6dc74ed30f124f95227bed4e43a3bed,11,47.18,0.4406,0.431,0.0,0.1111,0.3402,0.5455,2.64,4.08,0.1667,1.0,272
bccf933e006e9b94a6184af782963e77,45,92.51,0.2125,6.1816,0.0,0.0222,0.7242,0.7111,2.51,4.52,0.0682,1.0,13
b8bc237ba3788b23da09c0f1f3a3288c,45,304.13,0.1414,-0.3705,0.0,0.0222,0.7621,0.7556,4.76,4.32,0.0682,1.0,65
218d46b86c1881d022bce9c68a7d4b15,388,141.99,0.1388,0.2303,0.0026,0.0942,0.6584,0.5464,2.69,4.15,0.1314,0.9229,12
dbc22125167c298ef99da25668e1011f,406,83.19,0.2372,0.0572,0.0099,0.0254,0.5603,0.569,2.77,4.27,0.0911,0.4619,11
79ebd9a61bac3eaf882805ed4ecfa12a,136,110.98,0.2658,-0.6446,0.0,0.0602,0.3814,0.4926,2.95,4.04,0.1377,1.0,16
41b14765bd56c8ad10971074380f9c0c,8,49.44,0.3012,0.1159,0.0,0.0,0.5,0.25,1.25,4.62,0.125,1.0,36
08633c14ef2db992c11f840f04fad4cd,74,103.3,0.1864,-0.0282,0.0,0.0676,0.5185,0.4459,2.55,4.36,0.0676,0.6046,10
1b938a7ec6ac5061a66a3766e0e75f90,30,132.92,0.2283,0.2749,0.0,0.0345,0.5774,0.4333,3.29,4.3,0.1,0.2599,16
439a47cc365d6e3bd526812ea9de3c29,8,148.31,0.1892,0.6314,0.0,0.125,0.3536,0.25,2.0,4.25,0.125,1.0,60
2a261b5b644fa05f4f2700eb93544f2c,51,105.0,0.3813,-0.6887,0.0,0.1961,0.7258,0.5098,2.73,3.83,0.2115,1.0,33
7c4402417d51474d4d0cda9557340e40,1,119.9,0.2309,0.0,0.0,0.0,0.0,1.0,3.0,5.0,0.0,1.0,483
34056b8b55c1775a22af2331670a799c,78,82.76,0.2749,0.0331,0.0,0.1169,0.4992,0.2949,1.47,4.0,0.1538,1.0,11
431af27f296bc6519d890aa5a05fdb11,117,112.05,0.1633,2.0,0.0,0.1552,0.6918,0.7265,3.44,3.79,0.2393,1.0,34
2528513dd95219a6013d4d05176e391a,161,203.04,0.1147,0.2936,0.0062,0.05,0.4965,0.6522,4.51,3.95,0.1772,0.49,10
e9e446d01bd10a97a8ffcfc4a3a20cb2,4,15.01,0.4923,0.0851,0.0,0.0,0.0,0.25,1.25,3.5,0.25,1.0,57
5c853bb56f70f4d14218944bae111d7a,23,11.44,0.9541,0.7222,0.0,0.0,0.624,0.2174,1.56,4.0,0.2174,0.5139,12
d6b1ce66b035a475f00c017792ff9769,92,133.45,0.166,2.3215,0.0,0.0652,0.6342,0.5761,3.01,4.28,0.0778,0.5777,8
5b8154610ebb21fb90eb587365e673df,38,247.3,0.1147,0.1955,0.0263,0.1081,0.5766,0.6579,3.83,4.18,0.1316,0.4027,37
b1a81260566c1bac3114a6d124413f27,51,170.29,0.1803,-0.0597,0.0,0.0196,0.4791,0.6078,3.24,4.27,0.1373,0.4602,17
7fc87cc3e89b3d1d5cabdca32f8485aa,14,153.85,0.3166,-0.8603,0.0,0.2857,0.7143,0.6429,2.93,3.57,0.2857,0.551,32
86ccac0b835037332a596a33b6949ee1,180,92.33,0.2388,-0.7338,0.0056,0.0337,0.7472,0.4833,2.59,4.19,0.1271,0.9625,35
2b3e4a2a3ea8e01938cabda2a3e5cc79,52,454.41,0.0383,1.6023,0.0,0.0,0.791,0.5,2.96,4.37,0.0769,1.0,38
25e6ffe976bd75618accfe16cefcbd0d,108,108.26,0.1459,-0.4924,0.0093,0.0566,0.5202,0.3704,2.48,4.41,0.0833,0.5443,71
41ab63a91b8b264e8c8780368bf1dd5b,12,214.33,0.1175,-0.7633,0.0,0.0,0.4082,0.3333,2.67,4.25,0.1667,0.2663,53
01fdefa7697d26ad920e9e0346d4bd1b,129,115.67,0.1855,2.0115,0.0,0.0625,0.533,0.5581,2.95,4.35,0.0625,1.0,14
9e6229250fedbe05838fef417b74e7fb,74,177.46,0.1412,-0.0689,0.0,0.0411,0.9229,0.7568,4.12,3.89,0.1486,0.3978,12
52f0fe436a347ddad7ed5f9aa4e27eaa,21,70.68,0.321,-0.7881,0.0,0.1579,0.3499,0.381,2.68,3.52,0.2857,0.2439,108
cb6c9f5888a7a090c75beaf615925792,11,70.9,0.2937,1.1899,0.0,0.0909,0.5301,0.6364,2.64,3.82,0.1818,0.438,15
1835b56ce799e6a4dc4eddc053f04066,423,78.83,0.2622,-0.5706,0.0,0.1175,0.2756,0.5248,2.62,3.64,0.2464,0.9822,9
7b1222c3624aa89b9558b50a2594188c,22,459.25,0.0453,0.8473,0.0,0.1364,0.4264,0.6818,5.05,4.45,0.0909,0.6322,69
e45edf75f568ed2f93f78d060e246e25,6,27.38,0.6934,1.5873,0.0,0.1667,0.3333,0.3333,2.5,4.17,0.0,1.0,41
0dd184061fb0eaa7ca37932c68ab91c5,161,114.58,0.2884,-0.2162,0.0,0.118,0.6338,0.559,2.57,4.03,0.1375,0.452,18
48436dade18ac8b2bce089ec2a041202,138,88.93,0.2373,-0.0165,0.0,0.0746,0.9804,0.6159,2.71,4.01,0.1522,0.7326,16
71592660bbcb6a4664e97b6f8b68babc,6,337.86,0.0855,-0.8578,0.0,0.0,0.3333,0.8333,6.0,4.33,0.0,0.2653,34
6edacfd9f9074789dad6d62ba7950b9c,208,63.21,0.2237,0.6778,0.0048,0.0585,0.5137,0.4279,2.3,4.36,0.0962,0.3867,7
a7f13822ceb966b076af67121f87b063,75,166.37,0.2498,-0.7552,0.0,0.0685,0.4953,0.6933,4.25,3.34,0.2973,0.8667,487
0bf0150d5b9d60d9cd2906003332f085,39,148.07,0.1901,-0.6971,0.0,0.2051,0.4735,0.5897,2.85,3.79,0.2105,0.8517,51
6b15924333bd1a741595fe981ea04822,21,29.25,0.3909,-0.3076,0.0,0.0952,0.3956,0.1429,1.3,4.67,0.0,1.0,425
5bffbafbb22daf6d3bfc216a46db8708,21,249.51,0.0867,-0.9428,0.0,0.0,0.8832,0.5714,3.81,4.76,0.0,0.448,435
9c0e69c7bf2619675bbadf47b43f655a,157,214.67,0.0861,-0.918,0.0064,0.106,0.9212,0.465,2.7,4.05,0.1509,0.9807,75
edf96ef93ed595084bbcbd9224bd2894,25,150.28,0.162,-0.3822,0.0,0.12,0.4817,0.4,2.79,3.88,0.12,0.9311,18
9d69ba0a7a626a64dc5db08e529559cf,1,19.3,0.9451,0.0,0.0,0.0,0.0,0.0,1.0,5.0,0.0,1.0,52
730937bf88cb151eb2eb849f642fc213,22,128.24,0.1616,-0.4377,0.0,0.0455,0.7977,0.5455,2.32,4.41,0.0909,1.0,15
7f7b8245c336066a1f9933c359f11d77,38,55.11,0.2559,1.0933,0.0,0.0263,0.8008,0.2895,1.87,4.55,0.0789,0.4213,17
50c9975695009e5e6473912e83a6d1da,50,79.29,0.7364,0.3228,0.0,0.14,0.4915,0.54,2.9,3.94,0.1837,1.0,42
4d9fea3499bdc22aa4da4e339365f215,2,96.27,0.1569,0.0056,0.0,0.0,0.0,1.0,4.5,5.0,0.0,1.0,61
0afccdb8a34ee5c79f7c06faf2b4d56e,25,49.02,0.3168,0.0,0.0,0.0833,0.6261,0.24,1.56,4.04,0.125,1.0,149
25cf099de44674fde97473224f9d59ab,50,33.09,0.4263,3.2393,0.0,0.04,0.6145,0.24,1.41,4.33,0.102,1.0,9
b561927807645834b59ef0d16ba55a24,85,52.96,0.2899,0.4015,0.0,0.1412,0.4774,0.2471,1.58,4.34,0.0941,0.7587,8
fdb9095204a334cd8872252ffec6f2db,46,177.3,0.139,-0.1761,0.0,0.0652,0.7958,0.6522,3.46,4.17,0.1277,1.0,98
883dd81e82754ac2c65e9790a7db8c9a,5,63.9,0.2346,0.2004,0.0,0.0,0.0,0.2,1.4,4.4,0.2,0.68,72
fc906263ca5083d09dce42fe02247800,114,39.45,0.4192,-0.9335,0.0,0.0,0.5201,0.4825,2.57,4.36,0.1043,0.4044,254
06df0c10d34e459d9672bc77388742eb,26,348.85,0.058,-0.875,0.0,0.1154,0.56,0.7308,4.04,4.35,0.0769,1.0,28
2d50d6282f8aa2257819a77bfaa0efe0,44,76.22,0.238,-0.7507,0.0,0.1429,0.5821,0.6136,3.0,3.7,0.2273,0.5141,23
56642bcb79900e777d68e91915cb4267,48,76.2,0.2226,-0.3342,0.0,0.0833,0.5137,0.4167,2.88,4.06,0.1458,0.4841,39
65a7c0788e4d632ccb5e1b594b87f0bb,3,88.9,0.4403,0.0311,0.0,0.0,0.0,1.0,3.33,4.5,0.0,1.0,255
e99e927c81e3f51739c94fcdfca9f10f,22,122.86,0.2433,5.1198,0.0,0.1905,0.5378,0.3182,2.33,3.64,0.2273,0.5136,164
2f09f7d37a97956d11cc1a7cadd5262b,11,182.27,0.2311,18.4615,0.0909,0.1429,0.6618,0.3636,3.0,2.91,0.4545,0.3889,345
b94cc9f10ddc85e4ba73a6f7974e7101,39,649.9,0.0403,-0.7143,0.0,0.0769,0.9977,0.7692,6.58,4.3,0.1351,0.5161,83
a13aaf2d2886ab9fb30fb9a920160b8f,4,252.88,0.0735,-0.6398,0.0,0.25,0.5,0.25,2.0,4.5,0.0,1.0,32
88460e8ebdecbfecb5f9601833981930,248,127.2,0.1584,-0.6568,0.004,0.1951,0.6476,0.4435,1.85,3.43,0.3083,1.0,17
d36b07fd3c5088e477a72d1fccfe29d4,1,328.9,0.0333,0.0,0.0,0.0,0.0,1.0,6.0,5.0,0.0,1.0,485
8bd0f31cf0a614c658f6763bd02dea69,33,135.01,0.2173,0.095,0.0,0.0303,0.4791,0.3939,2.74,4.28,0.0938,0.5576,18
abe42c5d03695b4257b5c6cbf4e6784e,50,343.18,0.0582,-0.5882,0.0,0.1633,0.5755,0.86,5.32,3.92,0.1837,0.7048,29
adbc26658d6c7b4b6219f9d934598091,88,134.16,0.1597,0.394,0.0,0.1591,0.8053,0.7159,3.89,4.12,0.1591,0.534,13
ed859002ad59dbf8cf3602696a6c3000,7,345.96,0.1111,-0.5771,0.0,0.0,0.4286,0.8571,7.0,3.71,0.2857,0.7278,588
cac4c8e7b1ca6252d8f20b2fc1a2e4af,75,55.58,0.3729,1.7056,0.0,0.2297,0.6609,0.3733,2.48,3.53,0.2933,0.5898,18
516e7738bd8f735ac19a010ee5450d8d,76,87.41,0.2207,-0.5598,0.0,0.0541,0.5329,0.6316,2.94,4.57,0.0395,0.7902,10
c9aafcd0621b2207c10e32c649cada4d,44,68.12,0.2965,0.2993,0.0,0.1,0.0455,0.5227,2.28,4.02,0.1818,1.0,22
3ab971ce71839580d2ae5b4e40fe8044,36,138.97,0.1791,-0.107,0.0,0.0857,0.1361,0.6111,3.08,3.91,0.2059,0.6676,14
7ecd59e5e20407131822c1a68ac59c1f,24,61.11,0.4008,0.5,0.0,0.1667,0.4249,0.2083,1.32,4.42,0.0833,1.0,31
4b9750c8ad28220fe6702d4ecb7c898f,218,73.01,0.213,1.0771,0.0,0.0783,0.5785,0.4128,1.98,4.36,0.0688,0.8977,7
e24fc9fcd865784fb25705606fe3dfe7,52,248.77,0.0797,1.2105,0.0,0.0784,0.7731,0.75,4.0,4.17,0.1154,0.567,161
b14db04aa7881970e83ffa9426897925,83,71.07,0.3773,0.3579,0.0,0.1154,0.3754,0.6145,3.05,3.71,0.2,0.7663,15
d2e753bb80b7d4faa77483ed00edc8ca,14,94.34,0.3439,0.2959,0.0,0.0714,0.5345,0.5714,3.79,3.6,0.1333,0.8756,108
c013e57c075a06e5b5c48ee03c525719,42,46.94,0.4347,0.1386,0.0,0.0714,0.6726,0.3333,2.2,4.24,0.0952,1.0,8
c31eff8334d6b3047ed34bebd4d62c36,122,108.13,0.1815,-0.5322,0.0,0.1417,0.5954,0.5,2.09,3.85,0.1818,0.7737,17
8b9d6eec4a7eb7d0f9d579ce0b38324d,49,86.38,0.398,-0.3786,0.0,0.1667,0.6307,0.551,2.65,4.0,0.1837,0.963,14
f3da5b2ff499efb8d4a6d371d175d7dd,79,46.86,0.3037,-0.7207,0.0,0.1429,0.4082,0.3671,1.76,3.82,0.2025,0.1369,55
a17f621c590ea0fab3d5d883e1630ec6,65,42.75,0.4041,0.7348,0.0308,0.0794,0.7125,0.3846,2.03,4.06,0.1746,0.9753,151
0417b067eeab773d2f7061a726dc477f,13,143.01,0.3456,13.0016,0.0,0.3077,0.5217,0.5385,2.79,3.92,0.2308,1.0,14
ca4b77513ac2040591b0d8fae6958380,14,126.6,0.1135,2.1433,0.0,0.2143,0.5714,0.8571,4.21,4.5,0.0714,1.0,12
718539d38d07dd351c76db862760e2e2,37,35.65,0.4997,1.2956,0.0541,0.0,0.6013,0.4595,2.03,4.43,0.0811,0.9141,193
4e42581f08e8cfc7c090f930bac4552a,3,112.0,0.3506,-0.5198,0.0,1.0,0.3333,0.3333,1.25,1.0,1.0,0.375,270
02f623a8eb246f3c5f7c2f96462654e6,44,144.95,0.1301,0.0005,0.0,0.0909,0.59,0.5227,2.16,4.56,0.0465,0.8729,12
dbb9b48c841a0e39e21f98e1a6b2ec3e,108,66.54,0.22,6.8207,0.0,0.037,0.5241,0.4722,2.6,4.27,0.1111,0.2109,69
13d058e4eeac2ce8217660b2f8a05812,23,166.51,0.2418,-0.6572,0.0,0.1364,0.5253,0.4348,2.87,4.22,0.1304,1.0,45
ba89796db68db180bd389de96b2ff3b6,2,154.9,0.1403,0.0,0.0,0.0,0.0,0.5,3.0,5.0,0.0,0.5,36
f25e239052084705e17a982bc600ab2a,8,922.5,0.0549,-0.1266,0.0,0.0,0.0,0.5,5.0,4.25,0.125,0.2812,19
4b5f66b7adcf57f1ecc0d3c07dd6b177,23,277.47,0.115,-0.0141,0.0,0.0435,0.5413,0.5652,3.13,4.09,0.1364,1.0,40
42bde9fef835393bb8a8849cb6b7f245,35,220.09,0.1019,-0.6055,0.0286,0.0294,0.6797,0.6286,3.71,4.26,0.0857,0.5012,15
a69aa24cec11168e7e39a3fbc727e925,3,35.32,0.3239,-0.3939,0.0,0.0,0.3333,0.3333,1.67,5.0,0.0,1.0,47
ceaec5548eefc6e23e6607c5435102e7,203,260.68,0.1197,-0.5808,0.0099,0.0606,0.4221,0.7734,4.66,4.15,0.1256,0.7567,19
9fe7c6641c79970ab48185498f547c09,1,130.0,0.267,0.0,0.0,0.0,0.0,0.0,1.0,5.0,0.0,1.0,420
6973a06f484aacf400ece213dbf3d946,95,115.91,0.1238,-0.75,0.0316,0.1685,0.6913,0.3263,1.9,3.59,0.2604,1.0,62
82e0a475a88cc9595229d8029273f045,42,260.24,0.1359,0.2092,0.0238,0.0976,0.5095,0.6667,4.02,3.52,0.3182,0.9512,228
3c7c4a49ec3c6550809089c6a2ca9370,141,28.61,0.4524,1.7148,0.0,0.0791,0.681,0.2553,1.57,3.64,0.2887,1.0,16
651fe66032c9520ee5587f694908040d,7,66.29,0.2774,1.1141,0.0,0.0,0.4286,0.8571,3.14,4.0,0.1429,0.7551,13
92eb0f42c21942b6552362b9b114707d,341,19.2,0.755,1.1384,0.0,0.0808,0.6665,0.3226,1.55,3.99,0.1509,0.867,12
3c3017960b2dbd72711a61f0400aab8f,10,96.88,0.2623,-0.7977,0.0,0.0,0.6633,0.7,1.9,4.0,0.2,0.54,516
aced59e9b31ef866a94f9e7f29d8d418,61,119.16,0.1441,-0.6462,0.0,0.082,0.5942,0.4754,2.59,4.42,0.0645,0.7349,8
cf8ab1616079e2793aa29d524df01bb1,9,1599.0,0.0528,-0.8333,0.0,0.1667,0.7201,0.8889,8.22,2.0,0.7778,1.0,178
777a0c55737f34ffeb78010f7542ab41,6,75.42,0.1676,3.8006,0.0,0.0,0.7071,0.8333,2.33,4.33,0.1667,0.5556,14
2eb70248d66e0e3ef83659f71b244378,202,211.03,0.0758,5.069,0.0,0.139,0.943,0.5693,3.21,2.69,0.5025,0.4152,46
751bdc4d83a466c7206cd42e8f426b03,54,123.13,0.1586,0.3821,0.037,0.0196,0.6186,0.4815,2.47,3.75,0.2642,0.5842,39
827f8f69dfa529c561901c4f2e0f332f,91,37.45,0.4681,0.7007,0.0,0.0989,0.9078,0.3407,1.63,4.28,0.1111,0.5758,168
59fb871bf6f4522a87ba567b42dafecf,126,172.29,0.0943,-0.5,0.0,0.065,0.5459,0.6508,3.66,4.24,0.0873,0.5687,145
44f091b5abab8018f682fce8124b85e5,6,280.02,0.064,1.4582,0.3333,0.6667,0.4082,0.5,2.17,2.5,0.6667,1.0,294
0bb738e4d789e63e2267697c42d35a2d,30,79.61,0.269,1.2095,0.0,0.0345,0.786,0.5,1.9,4.6,0.0,0.5047,75
51702dc2a3e106c76dbff722b5bf0726,13,208.08,0.2151,-0.6532,0.0,0.0,0.344,0.3846,2.69,4.31,0.0769,0.6429,127
57e632711dec9ec14ca7546769483e7e,62,102.42,0.1902,-0.0389,0.0,0.0,0.5054,0.4839,2.73,4.4,0.0476,0.7614,26
2e3be8a987a30d7544dbbda6861cc14e,18,246.16,0.0782,-0.6371,0.1667,0.0714,0.4303,0.5,3.06,3.17,0.3333,1.0,47
11d4c477d09821164bca4f70a2eae031,3,27.68,0.6963,-0.3504,0.0,0.0,0.3333,0.3333,2.0,5.0,0.0,1.0,371
4c498c7345e89aebad651544829beca0,48,100.41,0.1183,-0.2467,0.0,0.1277,0.3187,0.5625,2.52,4.29,0.0833,0.5139,18
05d2173d43ea568aa0540eba70d2ca76,62,92.9,0.2916,-0.4521,0.0,0.0645,0.8668,0.2903,1.9,4.18,0.1167,0.6107,22
4e85b538b0dad58852641540686d0e14,4,90.49,0.2054,41.3492,0.0,0.5,0.0,0.0,1.0,3.75,0.25,0.625,70
152ee17e4c8aaf53dac99f3462e4999b,6,51.49,0.3106,0.1051,0.0,0.0,0.3333,0.5,1.67,4.33,0.0,0.5556,324
ea67327e24487bdfac5fbfa37ea124df,32,195.32,0.1488,1.2624,0.0,0.0312,0.8004,0.75,4.45,3.53,0.25,1.0,12
d558ebe531605a1285ab2b1bc3256dfb,3,236.33,0.1033,-0.5123,0.0,0.0,0.0,0.6667,4.67,4.67,0.0,1.0,86
725c32fa80c2faacc4fc88450d27314e,89,88.08,0.1694,-0.3585,0.0,0.0112,0.7536,0.5393,2.88,4.52,0.023,0.9376,22
ffff564a4f9085cd26170f4732393726,20,71.32,0.2416,-0.8921,0.2,0.0,0.7874,0.45,1.85,2.1,0.65,0.295,518
49cdc90518a4f82676b38b3c1aa43ff6,5,307.9,0.0537,1.8754,0.0,0.0,0.2828,0.8,2.4,3.8,0.2,0.36,6
5d9dc90a686a8fddacffab6bab5653a3,12,313.49,0.0982,51.5254,0.0,0.0833,0.3536,0.3333,2.33,4.17,0.0833,1.0,19
9dda5bbacd45e18d6485fee649205d09,19,100.66,0.2649,1.7255,0.0,0.1053,0.5103,0.6316,4.0,4.11,0.1579,0.9132,27
921323538c9f1c4e816f2720eac02bea,15,93.46,0.1715,-0.5084,0.0,0.2,0.5033,0.2667,1.88,3.93,0.1333,0.6125,27
0df3984f9dfb3d49ac6366acbd3bbb85,87,115.19,0.1496,-0.7841,0.0115,0.0116,0.9125,0.5977,3.05,4.34,0.1034,0.8743,78
55dedd83e501d8248880557d9073cbfd,8,131.91,0.105,0.0,0.0,0.0,0.0,0.875,2.62,4.88,0.0,1.0,6
282f23a9769b2690c5dda22e316f9941,99,65.71,0.2893,0.5312,0.0,0.051,0.5891,0.2727,1.93,4.33,0.0505,0.3388,11
6c177e38df6d3f34182b1f1d427231bf,55,151.67,0.124,0.556,0.0,0.0377,0.5994,0.5636,3.19,4.04,0.1636,0.6849,13
06e5eefc71ec47ae763c5c6f8db7064f,92,241.18,0.0988,4.0211,0.0,0.0222,0.7283,0.5543,3.18,3.92,0.1556,0.2687,12
3d8fa2f5b647373c8620330c4e077a9f,43,83.06,0.2293,-0.304,0.0,0.0238,0.5334,0.6047,2.91,4.09,0.1628,0.2465,19
9b00ed88b7fdb95d6ff76e27c1b52d16,47,34.64,0.3535,2.3333,0.0213,0.0652,0.8934,0.2979,1.79,4.47,0.0851,0.8893,31
03a2a6dcbe45d639c4dc2a0d24769c40,9,119.82,0.1597,0.4797,0.0,0.1111,0.3685,0.7778,3.0,4.11,0.1111,1.0,19
d921b68bf747894be13a97ae52b0f386,77,203.19,0.1124,0.0899,0.0,0.013,0.5802,0.7922,4.5,4.56,0.0519,0.7625,12
00ee68308b45bc5e2660cd833c3f81cc,135,150.07,0.157,0.6639,0.0,0.0889,0.9952,0.7037,3.58,4.3,0.1111,0.7769,25
d650b663c3b5f6fb392b6326366efa9a,60,320.72,0.0473,0.2484,0.0,0.0702,0.6289,0.95,5.66,4.2,0.1167,0.905,21
94144541854e298c2d976cb893b81343,68,254.21,0.0827,-0.8595,0.0,0.0441,0.6145,0.5588,3.38,4.21,0.1324,0.8757,209
a938325a4b357fd23a6a4d5bb126408e,24,134.62,0.1736,-0.1565,0.0,0.0417,0.5336,0.7917,3.72,3.83,0.2083,1.0,20
e89c4adbe7b1d0819dbb636e16461cf1,24,132.55,0.143,-0.5604,0.0,0.125,0.5774,0.5417,2.42,3.83,0.1667,1.0,17
392e0502231ae2f8b29994ef6398cd77,20,93.59,0.1901,0.8107,0.05,0.1176,1.1489,0.7,2.9,4.16,0.1053,1.0,48
0db783cfcd3b73998abc6e10e59a102f,132,68.77,0.2202,-0.7017,0.0,0.0379,0.5544,0.5227,2.85,4.21,0.1298,0.3612,149
3f995f07c49d0d55a99d5c54957f7d81,43,91.99,0.1698,1.5,0.0,0.0233,0.7765,0.4884,2.62,4.21,0.093,0.9113,14
670c26e0f1bf8d0576271d5cfaec6d2b,78,81.3,0.2671,-0.6873,0.0,0.0519,0.8225,0.3462,1.81,4.27,0.0897,0.8716,33
a6bd7d1ccdac48c6b33b28596b7eb122,16,898.04,0.0472,-0.4967,0.0,0.1333,0.4419,0.9375,6.69,3.33,0.4,1.0,43
232a6014e7b10cba61c6c2b2ea6bb4b0,33,118.78,0.3096,0.6027,0.0,0.0625,0.5034,0.7576,3.39,4.16,0.125,1.0,45
d12c926d74ceff0a90a21184466ce161,78,50.57,0.3166,1.7747,0.0,0.0132,0.6482,0.3974,2.02,4.31,0.0875,0.2231,113
dc317f341ab0e22f39acbd9dbf9b4a1f,55,345.24,0.1886,-0.82,0.0,0.0545,0.7862,0.6,4.21,4.15,0.1636,0.9007,64
ff1fb4c404b2efe68b03350a8dc24122,46,147.2,0.1323,2.5894,0.0,0.1522,0.6009,0.4565,1.85,4.0,0.1739,0.4611,13
2a6fbeaa7ab9e5d59a35841a8da71ce4,30,54.43,0.3874,-0.9551,0.0,0.0667,0.5207,0.5333,2.59,3.93,0.1724,0.36,64
7aa538dd6e114e503a2e6154ea352253,5,203.34,0.1002,-0.3245,0.0,0.0,0.5657,0.6,2.8,4.4,0.0,0.52,17
900ba814c251a692506d7834c1218441,88,330.68,0.0814,2.413,0.0,0.1395,0.4751,0.7045,4.74,4.19,0.0941,1.0,9
701938c450705b8ae65fc923b70f35c7,75,159.78,0.3178,-0.75,0.0,0.0676,0.708,0.5733,3.12,4.01,0.1216,0.8986,155
9d39404483343dd55c7ae254494d8388,10,29.32,0.4812,1.6656,0.0,0.1,0.4472,0.1,1.07,3.5,0.3,1.0,132
ccc4bbb5f32a6ab2b7066a4130f114e3,187,395.75,0.071,-0.0557,0.0,0.0761,0.402,0.7166,4.83,4.28,0.1183,0.9493,13
8b28d096634035667e8263d57ba3368c,143,65.56,0.2764,-0.2378,0.007,0.1151,0.8746,0.4755,2.63,3.97,0.156,0.252,46
cfb1a033743668a192316f3c6d1d2671,147,87.1,0.2681,-0.9357,0.0068,0.1189,0.4324,0.6054,3.45,3.96,0.18,1.0,24
9535a841eecebed61a9fb1ac1cbb5597,2,392.45,0.0426,2.2199,0.0,0.0,0.0,1.0,3.0,3.0,0.5,1.0,570
0cbcee27c791afa0cdcb08587a2013a8,39,136.52,0.1535,-0.4232,0.0256,0.1081,0.7289,0.7179,2.98,3.85,0.1795,0.6205,51
31561f325664a8a7aba4c8d0c3a9b3db,36,75.06,0.2321,-0.5432,0.0,0.0278,0.2357,0.4722,2.68,4.64,0.0278,0.9003,17
77a515caa36327151d1cc6c32a9f00e1,26,85.28,0.1787,-0.4755,0.0,0.1154,0.8391,0.3077,1.92,4.42,0.0769,1.0,11
8e6cc767478edae941d9bd9eb778d77a,106,64.44,0.3345,4.1596,0.0189,0.08,0.7298,0.5472,2.65,3.94,0.1887,0.9826,76
c8b0e2b0a7095e5d8219575d5e7e1181,84,144.88,0.1222,-0.3373,0.0,0.0714,0.7147,0.7857,3.66,4.08,0.1446,1.0,17
12b9676b00f60f3b700e83af21824c0e,135,198.33,0.1333,2.759,0.0074,0.015,0.6016,0.6815,4.22,4.51,0.0519,0.9563,8
9de4643a8dbde634fe55621059d92273,72,243.89,0.0981,0.4882,0.0,0.0417,0.3514,0.7917,4.69,4.53,0.0556,0.8421,194
cd06602b43d8800bd0afad514919d35c,44,58.82,0.2887,-0.8961,0.0227,0.0465,0.9437,0.5,2.46,3.68,0.2727,0.7928,30
b83cedfb587e7911540e3f576d6917ce,24,92.71,0.1545,0.0,0.0,0.0833,0.7773,0.625,2.68,4.21,0.125,0.9232,112
8d956fec2e4337affcb520f56fd8cbfd,211,52.2,0.3021,0.1724,0.0047,0.1048,0.645,0.2559,1.67,4.2,0.0991,0.2149,8
5ab05b6d86d417796c69ffd6774ec832,10,188.61,0.1361,2.928,0.0,0.1,0.2828,0.6,3.0,3.8,0.2,1.0,8
42fa4ee7240e9b8eb4576358ec142ba7,22,174.8,0.1349,1.2141,0.0,0.0,0.603,0.7727,4.05,4.81,0.0,0.4421,56
2745f798279e0ed033addcc1474776d7,32,114.64,0.1898,-0.623,0.0,0.0938,0.5555,0.4688,2.45,3.97,0.129,1.0,96
ed4acab38528488b65a9a9c603ff024a,32,398.73,0.0478,2.3277,0.0,0.0312,0.4507,0.4062,2.79,3.72,0.2188,0.6937,38
f3975e8a41157005d4bcbb358678cd9b,2,89.4,0.4697,-0.5569,0.0,0.0,0.0,0.5,5.5,5.0,0.0,0.5,15
1e8b33f18b4f7598d87f5cbee2282cc2,123,140.72,0.1561,-0.1121,0.0,0.0492,0.4811,0.748,3.84,4.37,0.1157,1.0,7
b6d44737c043328708f6749c2dbe50bd,62,86.61,0.2916,-0.5797,0.0161,0.0656,0.4828,0.5484,2.76,4.47,0.0968,1.0,27
6d22a1fcebb6dd08c9cd90b92a93e8d0,12,60.31,0.3078,6.6653,0.0,0.0,0.7071,0.5833,2.54,4.25,0.0833,0.574,220
594f9aaa48e5bf431f011ddc5669b0d5,37,87.81,0.2732,5.5584,0.0,0.027,0.6019,0.5946,2.58,4.59,0.027,0.3476,7
45c20d94d9171b0bcfab3c955e47d67b,4,32.37,0.6265,-0.5805,0.0,0.0,0.3536,0.25,2.0,4.5,0.0,0.375,369
b05b432bf68945d4d9783f9e3ca29ee8,2,112.4,0.1161,0.0,0.0,0.0,0.0,1.0,2.5,4.5,0.0,1.0,356
58f1a6197ed863543e0136bdedb3fce2,44,155.3,0.1567,-0.9271,0.0,0.0227,1.1624,0.7045,3.34,4.18,0.1364,0.5417,16
4b0fdb526525f9890eb145bf1534640e,18,134.39,0.2213,4.5154,0.0,0.0,0.7454,0.7778,3.84,4.06,0.1667,0.905,12
59b22a78efb79a4797979612b885db36,125,217.48,0.1802,0.3995,0.0,0.128,0.4222,0.616,3.58,3.98,0.2016,0.5531,10
93dc87703c046b603023e75222018b45,35,243.35,0.0809,0.4596,0.0,0.0909,0.5993,0.8286,4.29,3.97,0.1515,0.7515,37
39d54ff918774174706fb065d7f9dc07,23,69.29,0.228,-0.1704,0.0435,0.1364,0.5882,0.5217,2.29,3.91,0.2609,1.0,41
ececbfcff9804a2d6b40f589df8eef2b,98,69.31,0.2751,-0.2194,0.0,0.1031,0.8212,0.5714,2.45,4.12,0.1313,0.5472,19
5cf13accae3222c70a9cac40818ae839,149,96.53,0.2099,1.0277,0.0,0.0338,0.6112,0.651,2.69,4.45,0.0811,0.9873,11
1d503743d2526f03f0c2c89540ee008c,12,43.0,0.3963,-0.067,0.0,0.0833,0.6009,0.0833,1.08,3.92,0.1667,0.2941,50
659e8466eb3ff1b0e8740d74fb7bbedd,11,135.16,0.2645,0.0844,0.0,0.0,0.3521,0.9091,4.27,4.36,0.0909,1.0,120
0ebd97a106433a45a4aebe57c1799778,31,98.28,0.2018,-0.8612,0.0,0.0,0.3884,0.7419,3.5,4.48,0.0645,1.0,52
f45122a9ab94eb4f3f8953578bc0c560,187,118.07,0.1506,11.3748,0.0,0.0761,0.7026,0.4439,2.72,3.96,0.1765,0.521,12
67bf6941ba2f1fa1d02c375766bc3e53,16,350.62,0.2531,1.0,0.0,0.1333,0.5376,0.6875,4.76,4.12,0.125,0.5661,5
b76f4d90e85657a240495c876313adc5,1,299.0,0.0645,0.0,0.0,0.0,0.0,1.0,2.0,5.0,0.0,1.0,9
ad87df7699e83b8a91822a4a0b765c3a,6,58.32,0.2536,5.2475,0.1667,0.0,0.5774,0.3333,1.83,3.83,0.0,0.5918,435
cb8bcce248bb1fb274ba762d8b971456,68,138.27,0.1311,-0.4498,0.0,0.0152,0.6557,0.5882,2.81,4.25,0.0735,0.8378,16
32b8764b4ef628b53608fc34011fcc13,36,246.78,0.3344,1.7914,0.0,0.0833,0.3967,0.75,4.38,4.19,0.0556,1.0,12
86bb7c4b535e49a541baf3266b1c95b1,16,510.15,0.0398,-0.8701,0.0,0.1875,0.4507,0.75,6.31,3.2,0.4,1.0,210
f9244d45189d3a3605499abddeade7d5,21,749.12,0.0557,-0.6785,0.0,0.0,0.5173,0.8095,5.86,4.29,0.0476,0.5556,16
530ec6109d11eaaf87999465c6afee01,97,133.85,0.2046,-0.0611,0.0,0.0106,0.7429,0.5052,2.18,4.24,0.1134,0.757,11
7a2d2949aea47fab95fd98d6c9f618b1,11,149.0,0.1289,0.0,0.0,0.0,0.5143,0.4545,1.91,4.27,0.0909,0.625,70
e63e8bfa530fb16910dd6956e592bb81,42,31.23,0.5089,1.4745,0.0,0.0488,0.7237,0.4762,2.2,4.26,0.1163,0.8702,6
556a6409838156ea299c9d1f9e2dde43,4,340.7,0.0637,-0.4824,0.0,0.0,0.5,0.25,2.75,3.25,0.5,1.0,23
432c37c9dfba871172ec162e20118b8c,46,64.54,0.3266,-0.625,0.0217,0.0909,0.624,0.3478,2.19,4.11,0.1522,0.3832,144
3fd1e727ba94cfe122d165e176ce7967,37,75.82,0.21,-0.1041,0.027,0.2,0.5027,0.4324,1.74,3.78,0.2162,1.0,152
440dd6ab244315c632130ecfb63827b1,94,145.71,0.153,0.1282,0.0106,0.1319,0.5001,0.6489,3.45,3.85,0.1613,0.9388,30
522620dcb18a6b31cd7bdf73665113a9,174,328.55,0.0815,-0.9587,0.0,0.1047,0.7668,0.6437,3.48,3.89,0.1941,0.3517,30
15aac934c58d886785ac1b17953ea898,25,174.16,0.1529,4.2616,0.0,0.12,0.6951,0.48,3.0,4.24,0.08,0.1006,69
d4910f1cdcfdabd48d6b316e395d4a23,11,104.26,0.1875,9.6081,0.0,0.0909,0.8182,0.5455,2.45,4.91,0.0,1.0,17
f457c46070d02cadd8a68551231220dd,199,95.94,0.1945,4.4079,0.0151,0.0615,0.8473,0.3266,1.7,3.85,0.2108,1.0,65
1354d51653f645349064725ed204e85e,18,133.89,0.1181,0.1471,0.0,0.0556,0.3333,0.2222,1.94,3.79,0.2105,0.535,13
c3cfdc648177fdbbbb35635a37472c53,278,154.85,0.1412,1.0257,0.0,0.0252,0.4231,0.5935,2.68,4.47,0.0777,0.9871,7
ac3508719a1d8f5b7614b798f70af136,103,124.04,0.2361,1.6663,0.0,0.0297,0.8821,0.6796,3.69,4.6,0.0396,0.6646,29
9add47bf45ce8e8c7db6b9cf670b1e09,43,112.31,0.2398,0.1372,0.0233,0.0244,0.468,0.7442,4.11,4.17,0.0952,0.6178,16
6061155addc1e54b4cfb51c1c2a32ad8,28,558.34,0.0563,2.191,0.0,0.0357,0.7071,0.5357,3.5,4.67,0.0333,0.787,8
cce6ab8d1682639fe45ab70234f1665f,63,40.04,0.4628,-0.9286,0.0159,0.0492,0.6642,0.5397,2.22,4.41,0.0794,1.0,50
7722b1df1b0e383e000397b2c11e3e19,134,52.94,0.292,-0.8883,0.0,0.0301,0.5606,0.4701,2.34,4.23,0.1128,0.5474,7
d94ba08b99bedd6a5f6c875ecc4a6fac,9,66.56,0.2993,5.0,0.0,0.0,0.9623,0.5556,2.44,4.78,0.0,1.0,403
2c43fb513632d29b3b58df74816f1b06,3,286.0,0.0841,2.4227,0.0,0.0,0.3333,1.0,6.33,3.67,0.3333,0.5556,42
5b85809efd0d0e4dea1a9544e1280ed9,12,150.38,0.1622,-0.7085,0.0,0.0,0.2357,0.75,4.25,4.25,0.0833,0.8673,14
49e7217cfe4e427191c378ec626d8737,13,230.98,0.1251,2.4795,0.0,0.0,0.6057,0.6923,4.31,3.85,0.1538,0.8673,99
0c7f30ae9b147eca07affbef92832a6a,5,95.9,0.1827,-0.4517,0.0,0.0,0.2,0.4,1.6,5.0,0.0,0.28,504
4c2b230173bb36f9b240f2b8ac11786e,261,55.91,0.3014,0.4792,0.0,0.1008,0.6586,0.2069,1.33,3.98,0.1822,0.9942,14
e8a85b5f3df47be0984c55fd4064dbb4,8,92.88,0.3001,5.0889,0.0,0.125,0.559,0.375,2.12,4.5,0.125,0.4592,13
fec6275253471ace26d209bbaa64cd0f,9,315.56,0.1252,-0.6667,0.0,0.0,0.4157,0.7778,3.78,4.56,0.1111,1.0,59
45d33f715e24d15a6ccf5c17b3a23e3c,59,82.0,0.1868,-0.7078,0.0339,0.0714,0.7625,0.5085,2.67,4.02,0.1356,0.1873,17
77e4abfd739aed9c46480f90f81c0eb4,18,207.61,0.0951,-0.1446,0.0,0.0,0.5329,0.5556,3.61,4.78,0.0,0.3272,20
2a1348e9addc1af5aaa619b1a3679d6b,52,54.67,0.2773,-0.1185,0.0192,0.2708,0.8549,0.3654,2.12,3.12,0.3725,0.1544,32
f7ccf836d21b2fb1de37564105216cc1,70,39.82,0.4029,3.2756,0.0,0.1014,0.4764,0.6,2.6,3.81,0.2059,0.9474,15
3be634553519fb6536a03e1358e9fdc7,83,64.71,0.3455,2.3867,0.0,0.0875,0.5039,0.5301,2.43,3.95,0.1786,0.5313,7
c6bda72e4dbf5c5866b13cb1810c6d03,59,238.29,0.0809,-0.786,0.0,0.0339,0.6349,0.6441,3.8,4.38,0.0833,0.6817,11
09883d9ab71c8fe8a9bfc7fc3075b07e,5,65.9,0.2327,1.3339,0.0,0.25,0.3464,0.6,2.4,3.4,0.4,0.68,283
2f4b0d3b9634b647d4edee577d7ebb7e,10,33.79,0.2498,-0.7197,0.0,0.0,0.5657,0.5,1.9,4.9,0.0,0.8347,177
af3ef48d0e13835e529c29ac573c63e5,21,66.93,0.3326,-0.068,0.0,0.0476,0.2076,0.381,2.18,3.76,0.2381,0.9093,12
382229d1e840115ffe3dbf5ff460e417,46,89.06,0.2123,-0.4924,0.0,0.1111,0.5253,0.3261,2.12,4.22,0.1304,0.1745,14
a2b5b6105ea5942300631d2e76f4ffe0,16,205.42,0.2199,-0.4525,0.0,0.125,0.559,0.5,3.0,4.75,0.0,0.7812,14
5670f4db5b62c43d542e1b2d56b0cf7c,22,301.37,0.0879,-0.0982,0.0,0.0455,0.468,0.7273,4.73,4.41,0.0909,1.0,17
3935fe5fe0f82787a9dcb8deb62be09d,16,105.11,0.2495,0.5,0.0,0.125,0.4593,0.5,4.69,4.0,0.0625,0.5571,10
157c3e4b42f81ac4a44e8b1ca2fe9876,23,110.8,0.2289,6.5944,0.0,0.087,0.5163,0.4783,2.38,3.7,0.2174,0.7752,18
8a32e327fe2c1b3511609d81aaf9f042,132,48.7,0.3676,-0.4746,0.0152,0.0317,0.4635,0.5379,2.54,3.84,0.188,0.7006,192
ce69a8021d18961dd2a40269b7c2c293,19,253.58,0.0978,-0.7528,0.0,0.1053,0.4965,0.5789,3.76,4.47,0.1053,0.5069,14
1554a68530182680ad5c8b042c3ab563,247,117.62,0.234,0.8866,0.0,0.0691,0.4107,0.502,2.98,4.32,0.1048,0.3974,19
ec21206b7894c503788a684a7bc822a6,3,82.6,0.1962,-0.2287,0.3333,0.0,0.3333,0.3333,3.0,2.67,0.3333,0.5556,290
e0878efa0e0b7e5313ac0b43bc04c081,27,187.6,0.1046,-0.8335,0.0,0.1923,0.8331,0.5556,2.81,3.54,0.2857,0.5054,182
25c5c91f63607446a97b143d2d535d31,158,346.07,0.128,-0.0002,0.0,0.0705,0.6198,0.3861,2.44,3.8,0.2062,0.9493,159
d5c530f4884a75ae0dba9c148718d278,6,46.81,0.5841,12.051,0.0,0.2,0.6667,0.5,2.0,3.5,0.3333,0.6543,279
1771297ac436903d1dd6b0e9279aa505,28,102.9,0.2031,-0.1025,0.0,0.0357,0.5714,0.5357,3.0,4.63,0.0,0.3719,17
99a54764c341d5dc80b4a8fac4eba3fb,45,82.42,0.3552,-0.8504,0.0,0.2045,0.3143,0.4667,2.44,3.61,0.2273,0.8851,6
a7d0f8dd44f57ef6de7f7f02e3d82630,2,36.89,0.3507,0.4687,0.0,0.0,0.0,0.0,1.0,4.5,0.0,0.5,15
768a86e36ad6aae3d03ee3c6433d61df,17,34.56,0.3068,1.0026,0.0,0.1765,0.6809,0.3529,1.65,4.65,0.0,0.5156,11
7f152321c60a266edc53af1925ef96c1,20,195.99,0.1409,-0.5,0.0,0.3,0.5916,0.7,2.9,3.8,0.25,1.0,32
729f06993dac8e860d4f02d7088ca48a,96,213.39,0.2438,0.1853,0.0,0.117,0.2997,0.6979,4.0,4.17,0.1158,0.6407,7
eba88037e1dca898cd02881f67ced679,6,139.68,0.1115,0.8158,0.0,0.1667,0.3333,0.6667,5.67,4.33,0.1667,1.0,177
2e90cb1677d35cfe24eef47d441b7c87,127,109.41,0.2078,0.8289,0.0,0.1339,0.5755,0.4016,3.02,4.12,0.1417,0.471,8
9b013e03b2ab786505a1d3b5c0756754,174,51.88,0.2885,1.0894,0.0,0.0588,0.4806,0.3103,1.73,4.16,0.1387,0.2634,7
bb135baca94c82fcb731335ad5b04a03,18,58.32,0.4504,-0.8125,0.0,0.0,0.4303,0.5556,2.36,3.06,0.3889,0.6066,23
575df70bde3f9f2b30bf8d2e9910d725,27,200.37,0.1393,-0.0489,0.0,0.0741,0.5493,0.4074,2.86,4.07,0.1481,0.4931,20
e64d65bc8dbec2accda90c58de5d1246,12,139.9,0.1317,1.4328,0.0,0.3333,0.3536,0.75,3.25,3.08,0.4167,1.0,172
de722cd6dad950a92b7d4f82673f8833,339,163.5,0.1748,-0.3802,0.0,0.0445,0.3781,0.5369,2.32,4.29,0.095,0.9143,11
3bdff180c7e1f6551a643b99c265a120,59,52.79,0.3361,-0.5608,0.0,0.0536,0.5682,0.2373,1.52,4.09,0.1379,1.0,139
a369d693961cb93b61ca2cc518872a85,11,236.09,0.2375,8.2812,0.0,0.0,0.3521,0.6364,4.18,3.91,0.1818,0.6543,44
8c16d1f32a54d92897cc437244442e1b,108,52.25,0.3743,0.0311,0.0,0.0093,0.7597,0.3148,2.05,4.36,0.0748,0.5582,10
e7d5b006eb624f13074497221eb37807,28,124.25,0.2131,7.0,0.0,0.0714,0.5,0.4286,2.0,3.93,0.2143,0.6059,46
d1b65fc7debc3361ea86b5f14c68d2e2,40,292.58,0.1229,-0.075,0.025,0.0513,0.5099,0.75,4.36,4.55,0.05,0.5407,89
ede0c03645598cdfc63ca8237acbe73d,46,54.75,0.2984,-0.4823,0.0217,0.3488,0.675,0.1087,1.22,3.52,0.2955,0.7848,76
6d988d6174a2c27441597174f8905515,19,19.56,0.9832,-0.3333,0.0,0.1053,0.5495,0.3158,1.7,4.11,0.1579,0.5766,25
c731d18cea9bf687ffee82a241c25b11,24,152.58,0.1668,0.1699,0.0,0.0,0.559,0.7083,4.2,4.22,0.1739,0.3787,7
276677b5d08786d5dce7c2149dcce48b,33,106.73,0.2268,-0.2972,0.0,0.0968,0.5404,0.4242,3.0,3.91,0.2121,0.4676,21
e3d3b3efac954a60d61be70b7e05b49b,3,427.35,0.0965,0.0,0.0,0.0,0.0,1.0,6.67,4.33,0.0,1.0,70
7a9c12e235c36247c3c81f50d6ea9cea,5,196.78,0.1176,-0.8797,0.0,0.0,0.5657,0.8,5.5,4.6,0.0,1.0,487
056b4ada5bbc2c50cc7842547dda6b51,65,189.74,0.1059,0.241,0.0,0.1094,0.7689,0.9077,5.06,4.17,0.1406,0.86,11
398cb257329ef7af7f1943a8974a3cbc,1,145.9,0.106,0.0,0.0,0.0,0.0,0.0,1.0,5.0,0.0,1.0,45
2156f2671501a81034d7d07f217609d0,22,135.52,0.1517,-0.0724,0.0,0.1429,0.4454,0.4091,3.0,3.86,0.1818,0.5207,39
1ce3ae5a399804d1a87e706f8a813c3e,40,64.08,0.3331,2.0,0.0,0.1,0.4316,0.325,2.37,3.75,0.2,1.0,14
87e24fc7052259b1f7f607d61c10d8be,8,934.19,0.0316,4.3158,0.125,0.1429,0.6124,0.5,4.0,3.5,0.25,0.5938,20
e62b2d6ac10570a035a30bafcf01d263,62,86.14,0.1938,-0.0802,0.0,0.129,0.9209,0.5323,3.16,3.97,0.1525,0.1581,14
2e7ea2aafec5835e781b21d6d1faf1f1,7,75.49,0.2237,5.658,0.0,0.1429,0.7143,0.5714,1.86,4.5,0.0,1.0,11
340636a908b13bbe0f4fb63fbe1d0c03,5,164.64,0.2065,-0.7915,0.2,0.0,0.5657,0.4,1.4,3.4,0.4,1.0,120
1b45169b635ef59425637e9a33eb5fb3,7,44.13,0.3576,-0.7628,0.0,0.0,0.4738,0.5714,1.86,4.57,0.1429,0.3438,19
6f229cc508fc6915ed5c499efd93baa4,13,204.22,0.1258,0.643,0.0,0.1538,0.675,0.4615,2.38,4.38,0.1538,1.0,23
4917cee8d902e13428c3ec4b1ca6f315,33,164.3,0.2213,1.0,0.0606,0.0323,0.6917,0.5455,3.14,4.16,0.125,0.787,17
610f72e407cdd7caaa2f8167b0163fd8,16,849.07,0.0621,0.1166,0.0,0.125,0.4146,0.625,4.81,3.62,0.3125,1.0,9
7f2617c58d5d06806987308b45654351,22,166.22,0.0893,-0.3999,0.0,0.0909,0.4767,0.6364,3.18,3.82,0.1364,1.0,74
dd2bdf855a9172734fbc3744021ae9b9,108,100.15,0.1883,-0.7635,0.0185,0.0571,0.8131,0.5833,3.33,3.85,0.181,0.6069,243
31da954dc0855f2495c6310f70a2f931,29,158.03,0.0981,0.0612,0.0,0.1034,0.7134,0.5862,3.45,4.21,0.1034,0.52,14
ba6b4a237f92479743cf0ca06b67a9ac,8,100.24,0.1394,-0.3559,0.0,0.125,0.5,0.375,1.88,4.25,0.125,0.25,31
624f4ece8da4aafb77699233d480f8ef,53,173.68,0.1871,0.0,0.0,0.0769,0.6742,0.6415,3.7,4.25,0.1154,0.9643,15
99eaacc9e6046db1c82b163c5f84869f,66,199.08,0.0864,1.5666,0.0152,0.1111,0.8182,0.5,2.79,3.88,0.2121,0.482,197
2b03ac196f5ed62ac483960fe0fa3b65,7,120.44,0.1092,-0.6852,0.0,0.1429,0.2474,0.5714,3.29,4.14,0.1429,0.5102,124
a3dd39f583bc80bd8c5901c95878921e,34,135.52,0.1746,2.0,0.0,0.0294,1.0307,0.6471,2.54,4.6,0.0286,1.0,146
29fe9f200d3fa0c668d2aa1ec7e08dfb,5,80.0,0.2854,0.0,0.0,0.0,0.3464,0.4,3.2,4.0,0.2,1.0,365
058fd0aa2bfdb2274e05e1ae971dabb6,61,125.7,0.1158,-0.5002,0.0,0.0667,0.888,0.7049,3.5,4.39,0.0968,0.9692,88
236585a4ddb5fea9fa40233e2249ed91,11,59.05,0.2897,1.0,0.0,0.0909,0.668,0.2727,1.82,4.09,0.0909,0.6033,25
0be8ff43f22e456b4e0371b2245e4d01,161,73.33,0.2185,-0.3467,0.0186,0.0641,0.7884,0.5031,2.46,3.95,0.1925,0.2133,5
6aa3928696eab49a19a466e665a649fd,18,115.28,0.1618,-0.6886,0.0,0.0556,0.5152,0.6667,3.83,4.61,0.0556,1.0,17
04fdea0c111866e6cf812f1570d6b5bd,10,105.5,0.1962,0.9322,0.1,0.125,0.8246,0.4,2.5,3.2,0.3,0.82,215
e256a62e0ac58c0edfba09966142d561,12,122.84,0.2276,0.6021,0.0,0.0,0.0,0.5,2.58,4.42,0.0833,0.8673,35
1bb2bdb95f4841f1bba2c0d2cd83d3c9,81,61.76,0.2292,-0.4675,0.0,0.0759,0.6755,0.2222,1.48,4.64,0.037,0.2941,21
582d4f8675b945722eda7c0cb61ba4c7,59,79.71,0.2086,0.0365,0.0,0.0169,0.4999,0.4237,2.14,4.15,0.1525,0.7703,31
e49c26c3edfa46d227d5121a6b6e4d37,35,104.41,0.3217,0.4714,0.0286,0.0,0.5714,0.5429,3.1,4.46,0.0857,0.3333,40
870d0118f7a9d85960f29ad89d5d989a,45,70.16,0.4025,1.5597,0.0,0.0444,0.6678,0.6222,3.6,4.09,0.0851,0.7485,7
4992e76a42cb3aad7a7047e0d3d7e729,57,38.79,0.4556,-0.3851,0.0,0.0714,0.5952,0.4386,2.31,3.91,0.1754,0.874,21
8a432f4e5b471f8da497d7dc517666e2,95,79.53,0.2601,0.9651,0.0,0.0526,0.3868,0.6947,3.57,4.19,0.1277,0.6919,6
0ef83d7d83ed97cd2a0049ac8be5f88a,48,92.1,0.2323,0.2682,0.0,0.0208,0.7784,0.5625,2.14,4.17,0.1875,0.5081,6
6b803197e03abd5056b4313306b4f29d,7,58.14,0.3037,-0.2349,0.0,0.0,0.4738,0.4286,2.71,4.71,0.0,0.625,14
e8b4225284fbb02d16f200513f1f395d,31,186.73,0.2242,0.6677,0.0,0.1,0.4828,0.8387,4.72,4.19,0.0645,1.0,15
df560393f3a51e74553ab94004ba5c87,28,130.76,0.1656,-0.5799,0.0,0.0769,0.5714,0.5,2.55,3.68,0.1429,0.5482,177
6c7d50c24b3ccd2fd83b44d8bb34e073,114,76.31,0.3185,-0.492,0.0088,0.0179,0.7606,0.5175,2.62,4.39,0.0796,0.7257,17
5bc24d989e71e93c33e50a7782431b0e,17,185.18,0.187,-0.0834,0.0,0.0,0.4201,0.8824,5.06,4.35,0.1176,1.0,13
c8660dcf9ba70575f45d80fe28c27713,4,83.75,0.3104,-0.5111,0.0,0.25,0.0,0.25,1.5,4.5,0.0,0.7551,532
06579cb253ecd5a3a12a9e6eb6bf8f47,62,76.25,0.3172,3.1919,0.0,0.1311,0.5211,0.5484,2.84,4.08,0.1613,0.9194,23
b906dd0e57f282c7089171b6ed07982e,2,87.5,0.2043,-0.4091,0.0,0.0,0.0,0.5,5.5,4.0,0.0,1.0,70
751e274377499a8503fd6243ad9c56f6,1,218.0,0.0818,0.0,0.0,0.0,0.0,1.0,10.0,5.0,0.0,1.0,14
d379f449f2a3b271bc01c0782020f705,28,157.97,0.2434,-0.4727,0.0,0.0357,0.5825,0.5714,3.55,3.89,0.2143,0.346,12
b372ee768ed69e46ca8cdbd267aa7a38,63,200.48,0.0937,-0.9716,0.0,0.0,0.5158,0.7302,4.32,4.44,0.0938,1.0,11
6b333a05bf188ef3e1f1662a86bd9855,12,332.58,0.1413,0.886,0.0,0.0833,0.5774,0.6667,1.56,4.33,0.0833,0.1953,24
34d1ca11b242c0fee2c834ae8d788566,40,335.56,0.0732,-0.6798,0.0,0.0,0.6828,0.575,3.0,4.33,0.0513,1.0,27
b56906f7fd1696e043f1bcce164c487b,40,53.71,0.3942,0.8398,0.0,0.05,0.7706,0.625,2.62,4.0,0.2,0.8277,26
499ec63c58e51296c9cf57edcfe1c8a8,5,73.0,0.1313,-0.6591,0.0,0.0,0.5657,0.2,1.4,4.8,0.0,1.0,92
7008613ea464bad5cb9b83456e1e6a8f,127,61.24,0.3964,0.5631,0.0,0.0488,0.7204,0.3465,2.23,4.26,0.0794,1.0,13
ce616e1913288884e7742faac9d981db,15,24.34,0.753,2.2022,0.0,0.0714,0.3944,0.2667,1.67,4.47,0.0,1.0,13
e5475dcab1e07b63d7f6e902d8f5eda8,19,115.37,0.1146,0.0,0.0,0.0526,0.434,0.3684,2.08,4.11,0.1579,0.5014,28
1d2732ef8321502ee8488e8bed1ab8cd,4,287.0,0.0698,-0.2649,0.0,0.25,0.0,0.25,3.25,3.0,0.25,1.0,123
82bd0703a4aefd6b599e5bfdaed378fb,21,128.2,0.1458,0.2625,0.0476,0.05,0.4641,0.619,3.29,3.77,0.2273,0.4549,381
fcb5ace8bcc92f75707dc0f01a27d269,62,134.17,0.1148,0.4498,0.0161,0.0339,0.268,0.2581,2.17,3.87,0.1774,0.1451,25
0ac4201fda2c68ebc0e47cb9423cf3c9,13,128.99,0.1395,1.0,0.0,0.0769,0.4283,0.6154,3.38,4.29,0.1429,0.7449,78
3586b8580d9c917874e053a1bb37b5ff,36,42.35,0.5428,-0.5949,0.0,0.0278,0.4581,0.4167,2.28,4.42,0.0556,0.8702,22
bf3c6d2a28b2b5501e6c15448982dcc9,35,113.04,0.1748,1.8305,0.0,0.0286,0.9411,0.5429,2.66,4.6,0.0286,0.8702,117
cda598c48d7c614bc1cad7d8ff6f0010,17,65.8,0.2696,0.0858,0.0,0.0,0.3767,0.5882,2.12,4.06,0.0588,0.4383,19
406822777a0b9eb5c50e442dd4cd3ec5,45,81.07,0.2599,-0.7938,0.0,0.1364,0.6118,0.4444,2.04,4.3,0.0909,0.9584,11
43f8c9950d11ecd03a0304a49e010da6,41,103.65,0.1312,-0.4245,0.0,0.0732,0.6715,0.6098,3.23,4.56,0.0244,1.0,97
974cf2cb8f4b7add98709c30df02fe10,33,90.38,0.1935,0.5591,0.0,0.0333,0.5318,0.2727,1.79,4.06,0.1515,0.9412,13
b335c59ab742f751a85db9c411a86739,33,87.07,0.2114,2.6345,0.0303,0.0333,0.7042,0.4848,1.98,3.85,0.1212,0.3502,265
004c9cd9d87a3c30c522c48c4fc07416,158,124.76,0.1801,-0.5354,0.0,0.0833,0.5408,0.7215,3.89,4.14,0.1366,0.8688,123
9674754b5a0cb32b638cec001178f799,86,58.95,0.2396,-0.7722,0.0233,0.0357,0.7494,0.4302,2.4,4.08,0.1685,0.5536,12
9d4db00d65d7760644ac0c14edb5fd86,98,101.83,0.1536,-0.6959,0.0,0.0412,0.6919,0.4082,1.92,4.52,0.0515,0.5086,16
79ee721b6f766066a80264402548d359,2,269.0,0.0564,0.0,0.0,0.0,0.0,0.5,2.0,1.0,1.0,1.0,567
a420f60ff1aa9acc80d0e42959f2b313,67,111.09,0.1478,-0.8873,0.0,0.0896,0.8469,0.403,2.21,3.95,0.1538,0.2447,21
8e6d7754bc7e0f22c96d255ebda59eba,85,170.56,0.1183,-0.888,0.0,0.1667,0.9536,0.3412,1.79,3.61,0.2614,1.0,8
323ce52b5b81df2cd804b017b7f09aa7,30,85.14,0.1572,-0.1172,0.0,0.1724,0.9117,0.7333,3.2,4.31,0.1034,0.8756,32
f12ff17ad8bbf01ec5c33b17e506649b,29,215.21,0.1044,-0.6356,0.0345,0.1071,0.3992,0.7586,3.16,3.83,0.1379,1.0,104
dbdd0ec73a4817971d962698f2fea022,16,399.0,0.2805,-0.5,0.0,0.0625,0.5376,0.625,3.69,4.38,0.125,1.0,15
3c03b12bab54d8b37d79d914bfdb1aa0,37,114.5,0.1613,-0.608,0.0,0.1622,0.7558,0.4054,2.0,3.83,0.1944,0.8702,10
5d0363b33554b373851fc1622e4d5f3c,94,70.33,0.3316,0.7766,0.0,0.086,0.3752,0.3936,2.3,4.04,0.1277,0.8985,13
f205b1a3ca9a34e0f8a228bae6e4c7b3,8,136.0,0.3648,3.4949,0.0,0.0,0.5,1.0,5.11,4.88,0.0,1.0,8
918717417d88a9f9ae9735567e6c7682,4,86.43,0.1259,-0.9537,0.0,0.0,0.3536,0.5,4.5,5.0,0.0,0.375,188
2dee2ce60de9709b1a24083217181a1f,54,144.16,0.2646,4.9724,0.0,0.0185,0.9962,0.7222,3.76,4.43,0.0556,1.0,67
7040e82f899a04d1b434b795a43b4617,212,45.93,0.3304,0.2225,0.0142,0.0962,0.3862,0.2547,1.68,3.6,0.2714,0.2659,6
33cbda8716511e27e556dff9d8418bf2,5,101.48,0.2132,-0.4369,0.0,0.0,0.0,0.4,2.2,4.8,0.0,0.3889,90
6fd52c528dcb38be2eea044946b811f8,67,115.57,0.147,-0.2168,0.0,0.1343,0.5788,0.4925,2.48,3.39,0.3636,1.0,23
ebd2d60905fb58271facef5596b620d3,84,94.54,0.2183,-0.4031,0.0,0.0366,0.5659,0.6071,2.83,4.15,0.119,1.0,17
f46490624488d3ff7ce78613913a7711,83,69.91,0.3012,0.5198,0.0,0.125,0.5926,0.5422,2.31,3.66,0.2651,1.0,13
b17b679f4f5ce2e03ce6968c62648246,55,74.27,0.2634,-0.6648,0.0364,0.18,0.5497,0.7455,3.35,3.71,0.2364,0.9655,112
066a6914e1ebf3ea95a216c73a986b91,68,138.39,0.1812,-0.4604,0.0,0.0303,0.7709,0.5441,2.8,4.09,0.1194,0.4178,24
7e1fb0a3ebfb01ffb3a7dae98bf3238d,159,172.01,0.1092,-0.2781,0.0126,0.129,0.7389,0.6101,3.09,4.16,0.1146,0.7791,11
c24173065483e421f9e5e7f599de101d,9,41.55,0.3137,0.4376,0.0,0.1111,0.5443,0.1111,1.22,3.56,0.2222,0.5062,283
42b6488f5b8246d9141712abd4b1b693,2,124.0,0.1686,2.2757,0.0,0.0,0.0,1.0,6.0,4.0,0.0,0.5,20
7d294cf9a6a69dc6a0c3e540fff0e039,5,51.45,0.7546,-0.5,0.0,0.0,0.3464,0.4,1.86,4.4,0.0,1.0,33
d624126b9206f595fb3fbb6ba03b28a8,23,312.99,0.0791,-0.8843,0.0,0.0435,0.5033,0.6522,4.5,4.32,0.0,0.9311,18
b0b346d3a89f5eb4c2968af3f083cd43,11,55.82,0.3463,0.3729,0.0,0.4444,0.3149,0.2727,1.64,3.27,0.3636,0.5139,31
570d4583587a5fe2d47c7be89b91ad27,2,62.62,0.189,-0.5761,0.0,0.0,0.0,0.5,2.5,5.0,0.0,1.0,425
d3674f271c91f824f82d24d92011f669,20,85.92,0.2232,2.4561,0.0,0.1,0.4583,0.7,2.9,4.1,0.15,0.905,22
17908cf9b444ee34047cadd5c0f4a516,11,181.27,0.2515,1.1652,0.0,0.0909,0.4635,0.5455,2.45,4.55,0.0,1.0,23
2ff97219cb8622eaf3cd89b7d9c09824,89,50.3,0.3103,0.5232,0.0112,0.0575,0.356,0.3933,2.21,4.53,0.0337,0.2409,9
ff063b022a9a0aab91bad2c9088760b7,94,128.47,0.1643,0.9614,0.0,0.0319,0.6365,0.5638,2.96,4.31,0.086,0.4807,14
bb7a14e229b1c95156719c3d9552eeee,11,290.01,0.1032,-0.505,0.0,0.1,0.5301,0.7273,4.91,4.18,0.1818,0.4876,136
a2a41aedb70551d4a85aa04dc2fced48,2,26.39,0.5103,0.2097,0.0,0.0,0.0,0.5,2.5,4.0,0.0,1.0,274
c33847515fa6305ce6feb1e818569f13,114,136.14,0.2819,-0.0302,0.0,0.0439,0.5039,0.7544,4.32,3.85,0.2105,0.9845,12
6b3bd31ad8fcda4b2635ec9f3ff2ecdf,36,116.64,0.1803,5.2046,0.0,0.0857,0.8607,0.4444,2.0,4.0,0.1944,0.9546,24
8a40ae794fa3f9892cee24bd5af0488b,6,123.31,0.279,5.4281,0.0,0.3333,0.3333,0.3333,2.83,3.17,0.3333,0.5,76
821fb029fc6e495ca4f08a35d51e53a5,28,685.27,0.0809,-0.6434,0.0357,0.375,0.6547,0.8571,5.62,3.41,0.3333,0.6956,19
91f848e9f4be368f4318775aac733370,63,94.17,0.2083,-0.6207,0.0,0.0333,0.8272,0.5556,3.03,4.29,0.0806,0.744,398
bd0389da23d89b726abf911cccc54596,87,85.89,0.2217,1.3985,0.0,0.0805,0.7554,0.2299,1.78,4.17,0.1149,0.776,20
5343d0649eca2a983820bfe93fc4d17e,71,140.85,0.2392,-0.0649,0.0141,0.1,0.5757,0.4789,2.65,3.83,0.2429,1.0,36
6ee85be3693ed79a8e80718743d80655,9,53.83,0.3526,4.7119,0.1111,0.4,0.4843,0.4444,2.0,2.33,0.6667,0.503,468
f1b93673502375d491780bb49d615dbc,8,329.87,0.1214,-0.6331,0.0,0.25,0.3062,0.5,4.25,3.12,0.375,0.34,16
14a08204d03bb6b6bde8029f801ae0eb,28,78.05,0.2717,-0.2287,0.0,0.0,0.6268,0.2143,1.68,3.89,0.1786,0.482,14
6039e27294dc75811c0d8a39069f52c0,64,213.6,0.1738,0.7943,0.0,0.2222,0.8128,0.4062,3.28,3.71,0.2,0.4133,12
b33aaadd1a8891d2dfef0c4c3bdf0371,16,94.0,0.2387,0.0839,0.0,0.125,0.3536,0.4375,2.5,3.94,0.1875,1.0,74
0ffa40d54288e4f3499b8780dd0f144f,33,65.54,0.2699,-0.0496,0.0,0.1515,0.5797,0.4545,2.85,4.48,0.0909,0.8433,115
f0b47fbbc6dee9aafe415a6e33051b3f,68,55.82,0.352,0.3824,0.0,0.1045,0.6444,0.2353,1.75,4.22,0.1324,0.487,6
52ac6f920b7280e4c6d30dd94de6259b,6,942.88,0.1284,3.7606,0.0,0.0,0.3333,0.6667,6.0,3.67,0.1667,0.7551,103
b4ffb71f0cb1b1c3d63fad021ecf93e1,144,46.22,0.3786,0.3717,0.0,0.021,0.5156,0.3333,2.03,4.23,0.1133,1.0,16
615005a3ef192c00c6f0e977cee3d2bc,10,28.65,0.5432,-0.5,0.0,0.2,0.3464,0.6,2.2,3.8,0.3,1.0,254
70c27847eca8195c983ed7e798c56743,77,156.85,0.1202,-0.0397,0.0,0.0909,0.3035,0.5455,2.48,4.23,0.1818,1.0,12
17ca9b9e9b9ef8fdb529001b49ebb50f,116,84.09,0.2425,-0.5573,0.0,0.0261,0.6328,0.5431,3.11,4.05,0.1453,0.4809,13
138dbe45fc62f1e244378131a6801526,49,22.97,0.6124,-0.3986,0.0,0.0408,0.1207,0.3469,1.78,4.08,0.1633,0.2128,10
054694fa03fe82cec4b7551487331d74,21,475.39,0.0722,-0.4078,0.0,0.3,0.7206,0.5714,4.24,3.48,0.2857,0.3099,147
13074f016982ff2bd6c58ced8682f000,14,151.14,0.4706,0.1213,0.0,0.3077,0.8452,0.4286,1.93,3.93,0.1429,0.68,37
8ab42aa58097fd4668d60cc648225d5f,20,130.84,0.2269,-0.9157,0.0,0.0,0.5477,0.65,3.6,4.2,0.05,0.926,31
95b293867b5862941c9cd74f756a3c68,9,72.01,0.1514,-0.6192,0.0,0.4444,0.5443,0.3333,2.22,3.56,0.3333,0.5556,193
3c487ae8f8d7542beff5788e2e0aea83,30,312.86,0.0767,1.3331,0.0,0.0333,0.4761,0.7667,5.42,4.2,0.1,1.0,17
d354c38a7182125a748cb10474fe963b,18,89.46,0.1961,0.5,0.0,0.0588,0.6236,0.5,2.56,4.29,0.0,0.905,171
12c2ed9cded6138cf0c75f525f565fc7,4,78.74,0.1621,0.0,0.0,0.5,0.3536,0.25,1.25,4.25,0.0,0.375,31
128f9bfbe4c7d5185033914b1de3d39a,14,91.23,0.2922,3.6414,0.0714,0.0769,0.4403,0.6429,3.31,4.71,0.0,1.0,78
671585f5a2af58b6e276bc01003c0d2b,27,46.07,0.3602,12.6353,0.0,0.0,0.8519,0.4074,1.93,4.7,0.037,1.0,9
834f3294fba9f932f56edc879193f925,66,604.66,0.1077,0.9017,0.0,0.0606,0.7803,0.697,5.85,4.55,0.0455,0.9702,19
2be17df1c49978426251562096c3cc09,16,135.31,0.1444,-0.525,0.0,0.0625,0.3423,0.625,3.06,4.19,0.0625,0.7734,65
cee48807215b30a12ca2ca10ffb5f250,39,184.93,0.1266,-0.5643,0.0,0.1538,0.627,0.6154,3.05,3.77,0.2308,0.905,13
37ceb404da208418c9032f0674e57804,1,204.93,0.3376,0.0,1.0,0.0,0.0,1.0,5.0,1.0,1.0,1.0,104
3db66a856d18a9cba7c9241fc5221c50,94,100.83,0.2157,-0.2961,0.0,0.117,0.6022,0.5213,2.8,4.18,0.1042,0.4424,13
8444e55c1f13cd5c179851e5ca5ebd00,99,231.04,0.0909,-0.7565,0.0404,0.0652,0.504,0.6263,4.23,3.26,0.3535,0.1571,60
a0d7fbb07bb5ebc3b05980e750db56f3,3,283.0,0.2782,-0.8665,0.0,0.0,0.3333,0.3333,2.5,2.33,0.6667,1.0,22
070d165398b553f3b4b851c216b8a358,32,106.04,0.2958,-0.562,0.0,0.1613,0.4921,0.375,2.33,3.32,0.3548,1.0,18
10076e5788b8ee532724bcd460baf762,23,35.72,0.4593,0.2504,0.0,0.0435,0.4304,0.6087,2.67,4.57,0.0435,0.5,41
244c2f1bff6afe1f2eaf9bfe9b2aed38,23,112.17,0.4709,-0.5,0.0,0.087,0.6149,0.6957,4.77,3.68,0.2,1.0,209
4c61e37f664c3c88aff092aa5ac779d7,7,112.62,0.152,-0.4495,0.0,0.2857,0.7143,0.2857,1.43,4.0,0.1667,0.7812,139
3968920b9aa752ab98f7d5888c9252f2,8,65.41,0.3014,-0.4896,0.0,0.125,0.6124,0.25,1.75,3.88,0.25,0.52,28
c9c7905cffc4ef9ff9f113554423e671,127,83.91,0.1979,0.8471,0.0,0.1024,0.602,0.2913,1.88,4.15,0.1094,0.2218,13
be8e909810184b9b19e886129149d8e5,15,41.99,0.3433,-0.7778,0.0,0.2,0.3887,0.2,1.27,3.73,0.2,0.6622,113
6b243f80ed07b10f0e8aa0f21a205f3c,79,79.24,0.2472,0.6164,0.0,0.038,0.4162,0.4304,2.46,4.27,0.1013,1.0,11
72c5da29406b4234927b81855e7b64f6,31,380.6,0.0724,-0.3756,0.0,0.0323,0.3128,0.6129,4.45,4.13,0.129,0.6504,8
d51e0a403fe2e689ece6c73359d96e12,19,410.0,0.0864,2.7176,0.0,0.1111,0.8584,0.5789,4.11,4.11,0.1053,1.0,40
2953ce3a88f5e3c3b696d77fc9e4c8eb,14,33.57,0.3432,1.6667,0.0,0.2143,0.9422,0.2857,1.71,4.64,0.0714,0.8756,11
679769a98cfcc6da877c8486ff1c13f3,21,334.71,0.0624,1.5702,0.0,0.0,0.4151,0.7143,5.19,4.57,0.0476,1.0,7
54c04bdb5ec46762f8f08c7e8f86ed4a,18,182.31,0.1451,-0.7915,0.0,0.1111,0.9027,0.9444,3.56,4.33,0.1111,1.0,25
eeb6de78f79159600292e314a77cbd18,83,526.99,0.0699,-0.139,0.0,0.0366,0.7509,0.8072,5.6,4.45,0.0602,0.6738,23
e4ebd3f87bf70440014f07ddda7fbe03,7,95.93,0.1724,-0.576,0.0,0.1429,0.2474,0.5714,2.0,4.57,0.0,0.4286,182
55a5b51f93f2b70ea513f5a047b0262a,39,102.62,0.2116,-0.706,0.0,0.0769,0.6637,0.5641,2.4,4.46,0.0513,1.0,332
238fac594e170b59c6d228f5a4f4f1d9,29,107.79,0.4541,2.7966,0.0,0.1034,0.3714,0.5862,3.31,4.0,0.1429,1.0,15
8629c241b3622ac12cd4118afdc8d394,13,89.82,0.2864,-0.9413,0.0,0.0769,0.792,0.6154,3.15,4.08,0.1538,0.4438,55
f680f85bee2d253556ac91be391d2c82,45,115.2,0.1723,7.1241,0.0,0.0222,0.6981,0.3111,1.96,4.33,0.0667,0.5247,10
0176f73cc1195f367f7b32db1e5b3aa8,38,124.56,0.2719,-0.641,0.0,0.1081,0.3832,0.7105,3.87,4.08,0.1579,1.0,21
270297ead4c65a6cd2593960d2af6b21,18,523.47,0.058,-0.1157,0.0556,0.0,0.6526,0.7778,6.94,3.82,0.2941,0.495,21
2e13c71026e1a39ba5cc1b86dcb679aa,24,158.04,0.1364,2.6974,0.0,0.0833,0.6124,0.5417,2.44,4.38,0.125,1.0,11
fa3a0b5aabb344b9a92e3524b0202123,7,255.57,0.0919,-0.7497,0.0,0.1429,0.4738,0.4286,2.88,4.14,0.1429,1.0,79
4c18691b6037662be2df78a765d98ab5,63,50.72,0.3508,-0.1038,0.0,0.0794,0.5727,0.4921,2.25,3.87,0.1746,0.7786,6
4e17c65a516f69d023a2ae78b84f28d6,61,125.23,0.1513,-0.7383,0.0,0.0656,0.5581,0.5574,3.08,4.23,0.1803,0.3776,8
83deb69e889cf80f82be1dc6d5f2d486,40,134.08,0.1704,-0.2463,0.0,0.05,0.6595,0.5,2.55,4.33,0.15,1.0,22
080102cd0a76b09e0dcf55fcacc60e05,124,46.1,0.3841,0.8432,0.0,0.041,0.6258,0.1371,1.3,4.48,0.0484,0.5928,8
a5a1bfcf728ab0e19182959cf0771ee4,21,86.33,0.1919,0.8704,0.0,0.0952,0.3563,0.4286,1.77,4.33,0.0476,0.5972,14
eb5b6204dde3a6e03b5f1bb8479f055b,19,23.8,0.6084,-0.7731,0.0,0.0526,0.5103,0.3158,1.48,3.95,0.1053,0.3741,84
1eade46fba20122dc4aefb379f8c636b,58,62.68,0.2856,-0.0117,0.0,0.1379,0.8006,0.3276,1.85,4.43,0.0862,1.0,43
efcd8d2104f1a05d028af7bad20d974b,47,51.59,0.3528,0.429,0.0,0.0217,0.5445,0.4681,2.33,4.18,0.0816,1.0,12
cd6efc47efaabf134f8bdb654e10b4f1,31,134.15,0.1439,-0.7575,0.0,0.0968,0.751,0.7742,3.94,4.48,0.0645,0.459,19
4200ddf1967c5e41e48db62bc6d4b5ac,22,33.4,0.664,0.0394,0.0,0.0455,0.2802,0.4091,2.04,4.26,0.1053,0.9535,138
5882820ef11c4c068eea0677a7a879b4,14,708.96,0.0745,0.7903,0.0,0.0714,0.378,0.8571,5.44,4.15,0.0,0.5408,45
5f57db27027655e6c6a391601daa0258,1,98.0,0.5412,0.0,0.0,0.0,0.0,1.0,10.0,5.0,0.0,1.0,20
5058e8c1e82653974541e83690655b4a,63,159.09,0.3048,-0.863,0.0,0.129,0.6188,0.4762,2.69,3.24,0.3065,0.6072,31
784ba75dd9d20200c4caed3d7a77141a,21,395.01,0.0759,-0.9781,0.0476,0.1053,0.3956,0.4762,3.29,3.86,0.2273,0.316,222
714b9a1332840f257b49f476bea4e341,6,249.99,0.1054,0.0,0.0,0.3333,0.0,0.3333,1.33,3.33,0.5,1.0,163
3d621842b2ed28e2b474132480edac3c,10,92.89,0.1634,0.3323,0.0,0.0,0.8246,0.4,2.6,3.9,0.2,1.0,277
994f04b3718c2bab35c2adfa8afecd2a,49,70.32,0.2251,0.6125,0.0408,0.0851,0.6857,0.551,3.29,4.24,0.0612,0.899,24
1c129092bf23f28a5930387c980c0dfc,201,47.53,0.3178,-0.4511,0.0,0.055,0.613,0.6468,2.87,4.24,0.12,0.9731,23
179d859f51292aac5c10806a356f7af9,18,22.47,0.9786,-0.4293,0.0,0.1667,0.5443,0.0,1.0,4.39,0.0556,1.0,24
a36ac007a4d18f865c8d32c3b2402c2d,9,151.09,0.1303,2.6145,0.1111,0.0,0.7286,1.0,5.89,2.56,0.5556,0.6543,362
8f54d64f28a993550aa7943f12572959,15,183.7,0.137,-0.6775,0.0,0.0667,0.4,0.4667,2.4,3.73,0.2667,1.0,19
ae8bfdbf1c2a2a2dee92d799db0a31c6,8,42.49,0.4302,-0.837,0.0,0.0,0.6374,0.375,2.33,4.12,0.0,0.3125,476
0d85bbda9889ce1f7e63778d24f346eb,51,95.0,0.3353,-0.6851,0.0,0.1176,0.787,0.4902,3.08,4.2,0.12,0.437,160
d4a5e99e0dd915df64ba55a7fbd583fd,2,32.58,1.2985,0.0,0.0,0.0,0.0,0.0,1.0,3.0,0.5,0.7222,312
7ecef8194babfec876ca720714327841,7,141.5,0.1249,3.4147,0.0,0.1429,0.3499,0.5714,2.88,4.29,0.0,0.4688,45
9803a40e82e45418ab7fb84091af5231,11,388.98,0.1198,-0.4075,0.0,0.0,0.4724,0.4545,2.45,3.73,0.2727,0.2346,13
d9442042130b7fe579d1295f9f4a248f,19,40.64,0.4389,-0.6953,0.0,0.0526,0.5595,0.4211,2.42,4.37,0.1053,0.3306,357
0c8380b62e38e8a1e6adbeba7eb9688c,182,95.32,0.2367,-0.2742,0.0,0.0556,0.8437,0.7033,3.56,4.05,0.1429,0.4687,13
3dfd3dc96f7f8598eca74e9ac8a2fa31,6,30.5,0.4137,-0.5714,0.0,0.1667,0.5774,0.5,1.71,4.0,0.1667,0.3333,79
5011f0d93373a4c5753adf58ca77af8d,12,84.12,0.3779,2.0015,0.0833,0.0909,0.7265,0.4167,1.77,3.83,0.1667,0.6322,112
0509040ea3fe50071181bbc359eb7738,89,42.0,0.3866,-0.6453,0.0,0.069,0.9405,0.3596,1.91,4.48,0.0115,0.8149,32
528bcf6680c36dddf07620bd35b33a6f,2,484.99,0.0452,-0.1698,0.0,0.5,0.0,1.0,7.0,4.5,0.0,1.0,321
9baf5cb77970f539089d09a38bcec5c3,32,191.55,0.0887,-0.7648,0.0,0.0,0.4002,0.6562,4.03,4.31,0.0938,0.2617,29
d5ba419e26d246a0719437cf37d9b46d,34,119.45,0.1281,1.4063,0.0,0.1212,0.7108,0.4118,2.49,3.91,0.1818,1.0,12
8b2d4ab22f42c5cfc338b846decfda60,6,76.33,0.4046,0.55,0.0,0.0,0.3333,0.1667,2.0,4.83,0.0,0.8025,14
8b2492b7ff4468839593fafeed55bad9,29,126.21,0.1847,0.814,0.0,0.069,0.4913,0.3793,1.77,4.17,0.1379,1.0,35
430315b7bb4b6e4b3c978f9dfa9b0558,20,155.92,0.188,0.2424,0.0,0.0526,0.7348,0.55,3.48,3.95,0.2105,0.161,28
7d456afc660226829370f3173d14520c,56,148.9,0.1822,0.4352,0.0,0.0545,0.6809,0.5893,3.54,4.37,0.0877,0.3892,13
20d83f3ef0e6925fd74bfd59170babf7,40,72.59,0.2251,0.8898,0.0,0.05,0.5244,0.6,2.71,4.4,0.075,1.0,6
fffd5413c0700ac820c7069d66d98c89,60,151.04,0.3127,0.6972,0.0167,0.1404,0.5878,0.65,3.57,3.85,0.2203,0.6582,8
6481e96574816ead57975da2c0f6d80d,32,103.9,0.3056,4.2238,0.0,0.0312,0.7743,0.2188,1.59,4.19,0.0938,0.3932,37
89f69225956f951295ca4c7fb1266553,11,94.66,0.2664,3.7417,0.0,0.0909,0.3963,0.7273,2.82,4.27,0.0909,0.3889,20
2c2c9832d1bb38c5b0034a3b47d313ee,1,49.9,0.3697,0.0,0.0,0.0,0.0,1.0,3.0,3.0,0.0,1.0,38
caa9bc43a9fe8cf9c564ddd8a03cc4a6,13,61.84,0.2909,-0.2057,0.0,0.0769,0.1332,0.4615,2.23,4.67,0.0,0.5918,7
3492e68f37fd1df87f4f2f2ea247f445,8,98.48,0.215,-0.396,0.0,0.125,0.3536,0.25,1.88,3.88,0.25,0.5062,26
ec8879960bd2221d5c32f8e12f7da711,36,112.84,0.2016,-0.7972,0.0,0.1714,0.6667,0.3333,2.24,4.31,0.1143,1.0,145
a8739afb32aaa45e01815ca76f76f54b,13,22.99,0.8859,-0.2544,0.0,0.0769,0.2308,0.0,1.0,3.77,0.2308,1.0,28
89bc797e2e29667aa035d4368f9b7f92,17,23.96,0.6191,-0.8241,0.0,0.1875,0.6935,0.3529,2.18,3.71,0.2353,1.0,511
3a734b715d333a2588a3d54a0c9b8746,18,136.86,0.1606,-0.0484,0.0,0.0667,0.8889,0.5556,3.28,3.94,0.1667,0.2917,232
5721089ba9214e80074f27d5a03fc0eb,5,49.19,0.271,0.121,0.0,0.0,0.2,0.8,4.0,5.0,0.0,0.5918,216
e9d99831abad74458942f21e16f33f92,130,37.87,0.405,-0.4062,0.0,0.1077,0.6679,0.2231,1.56,3.93,0.1628,0.5156,8
aded58c8142dedc5494a81f948431fab,4,72.38,0.3108,0.0,0.0,0.0,0.0,0.5,1.5,3.75,0.25,0.52,133
ad738d3fcf42655ed15c4960b7b6c601,1,65.0,0.2445,0.0,0.0,0.0,0.0,1.0,4.0,1.0,1.0,1.0,470
afa6714acee029b2dfdf357e5579cc03,16,201.3,0.1189,2.4502,0.0,0.125,0.4146,0.6875,3.94,4.25,0.125,0.6055,14
6e4a902d1054e4e17aa6eab87fac1c75,7,83.8,0.186,0.0,0.0,0.2857,0.0,0.1429,1.71,4.14,0.1429,0.4062,13
968268a686aa05d1f529fb07dff08130,12,389.77,0.0435,-0.8015,0.0,0.0,0.6009,0.75,3.83,3.5,0.3333,0.8472,24
a49928bcdf77c55c6d6e05e09a9b4ca5,98,89.97,0.1993,2.636,0.0,0.2604,0.8027,0.5612,2.79,3.01,0.4082,0.7506,99
3a1a1fec38dd360f15fc912e821e169d,15,133.83,0.1849,-0.7002,0.0,0.2667,0.4619,0.6,2.83,3.87,0.2,1.0,121
4736e9d642ef4257cd7622516931eb51,16,67.43,0.3438,-0.2519,0.0,0.0,0.3853,0.4375,1.78,4.18,0.1176,0.24,9
b347677812ea483b0f528eaf8cbc09b7,21,347.09,0.1046,0.8197,0.0,0.0,0.378,0.7143,3.81,4.52,0.0476,0.9093,73
a425f92c199eb576938df686728acd20,17,68.58,0.265,-0.17,0.0588,0.0,0.2821,0.7647,3.83,4.29,0.1765,0.5623,35
0ed6ce5d87fd9c69eaacaeb778d67235,43,49.8,0.3212,-0.8152,0.0,0.1429,0.6495,0.2791,2.02,4.4,0.0476,0.3445,13
c84592044b180dec206770c38603814b,15,34.13,0.4381,1.9319,0.0667,0.0,0.5121,0.2,1.33,4.2,0.1333,0.4844,104
63ffcb71394dd8ea3872ed9ffda17c74,17,23.47,0.6635,-0.5806,0.0,0.0588,0.4779,0.2353,1.76,3.18,0.2941,0.7093,400
f41ce2e25237f9092cd8e6e7516c7a2f,27,75.22,0.1633,0.9698,0.0,0.0,0.7027,0.4074,2.18,4.3,0.0741,0.3061,259
778323240ce2830d68aab11794e00bfb,3,63.33,0.2761,1.8004,0.0,0.0,0.3333,0.6667,1.67,4.33,0.0,1.0,35
d66c305afaec317ebee552073a674429,41,119.18,0.2454,-0.6407,0.0244,0.0263,0.562,0.6098,3.51,4.31,0.0952,0.2005,472
fc99f99385ae90f66f01733856fb88c9,1,89.9,0.2349,0.0,1.0,0.0,0.0,1.0,2.0,1.0,1.0,1.0,447
02a2272692e13558373c66db98f05e2e,2,27.49,0.707,-0.1667,0.5,0.0,0.0,1.0,4.0,3.0,0.5,1.0,544
26d6bbee02420494d471c9f6436929c0,12,36.21,0.5689,-0.0678,0.0,0.0,0.6236,0.1667,1.25,4.67,0.0,0.6095,9
cc63f0dd2acba93ffed4fe9f8e0321fa,55,129.03,0.1973,0.6563,0.0,0.0,0.5279,0.5091,2.91,4.09,0.0909,0.9688,10
bd23da7354813347129d751591d1a6e2,89,118.48,0.1391,1.0,0.0112,0.0465,0.869,0.6067,4.18,4.02,0.1798,1.0,17
a080fc8a850289b27500f6b49cca2553,4,95.75,0.1373,-0.8325,0.0,0.0,0.3536,0.75,3.5,4.75,0.0,0.625,70
b839e41795b7f3ad94cc2014a52f6796,33,1297.85,0.0215,5.119,0.0,0.0303,0.883,0.7879,6.64,4.09,0.1818,0.4552,9
b18dc380845b24038cfc48006478f099,44,189.85,0.1072,-0.6946,0.0,0.1628,0.7551,0.7045,4.43,4.14,0.1163,0.9636,31
8a2d12a90e92f012ce5226fc6592b653,18,88.59,0.2126,-0.5022,0.0,0.0,0.7817,0.3889,2.67,4.61,0.0556,0.8951,10
3785b653b1b82de85ab47dd139938091,21,73.9,0.3101,-0.4196,0.0,0.0,0.9392,0.4286,2.14,4.73,0.0,1.0,33
bca9230d3bbb4efa51872bf605a2f1ad,5,23.51,0.4306,2.7217,0.0,0.2,0.6,0.0,1.0,4.0,0.2,1.0,7
457fe919b032a3f7dadba6fb92cf7855,9,122.77,0.1278,0.8179,0.0,0.1111,0.2722,0.5556,2.89,4.78,0.0,1.0,28
5d3bb11474a06bdc23fb9e89f1164ee0,31,117.89,0.1434,-0.0168,0.0,0.0323,0.4493,0.4194,3.16,3.9,0.1613,0.3496,21
33576ec5412fb5905d876f12f33bfde6,31,87.68,0.2097,-0.3333,0.0,0.0323,0.8559,0.5161,2.47,4.09,0.0938,1.0,71
3f8034bfc6b8b4135534975d49f04c63,12,109.49,0.2136,5.2581,0.0,0.0,0.6236,0.6667,4.5,3.75,0.25,0.5703,467
5a413ade68e8f8d93071a7f52a64cb9e,14,55.64,0.1974,0.0,0.0,0.1429,0.0,0.2857,1.43,4.64,0.0714,1.0,5
ac6417315ae5da8f9a38ee11de6f7780,8,98.61,0.2314,0.4078,0.125,0.1429,0.559,0.625,3.12,3.75,0.25,0.3438,129
fac35d150712afb921ec59ac5f39bb11,5,139.2,0.1503,-0.6491,0.0,0.0,0.3464,0.6,2.8,4.4,0.0,0.5556,49
2a7dc43cecabf23403078e2188437d1d,52,92.23,0.1738,-0.9091,0.0,0.0769,0.6296,0.5385,2.47,4.1,0.1154,0.1735,92
f419677537694f0462a91990df6ca44f,6,36.75,0.3573,2.4958,0.0,0.1667,0.5774,0.5,1.86,4.0,0.1667,1.0,173
f62d7bb4a613ec758a03342d46b580b2,32,770.78,0.0862,-0.3333,0.0,0.125,0.3953,0.7188,5.71,4.38,0.0625,0.5176,25
bf84056e679dbe9c69929847a40e338f,36,56.22,0.2239,1.8908,0.0,0.0857,0.5137,0.3889,1.73,3.75,0.1667,0.9512,127
a888faf2d1baececa6baf9c3d603ee1f,54,329.0,0.0631,-0.75,0.0,0.1509,0.8072,0.8519,6.06,4.04,0.1667,1.0,124
2f9b7ce230a057a98a9f5df5893ee36c,2,70.91,0.2117,6.16,0.0,0.0,0.0,0.5,3.0,4.5,0.0,1.0,442
aac29b1b99776be73c3049939652091d,98,68.94,0.4011,-0.7486,0.0,0.0957,0.6172,0.5408,3.2,4.1,0.1122,0.31,26
99002261c568a84cce14d43fcffb43ea,36,113.56,0.2692,-0.4366,0.0,0.0833,0.572,0.6944,2.89,3.72,0.1667,0.6867,21
ce7d1888639e6fb06b2749cbfdac1ff7,78,151.2,0.2614,-0.4526,0.0,0.0897,0.4668,0.6667,3.63,4.17,0.1667,0.8223,16
ec80e49e69745ab6c14f984bf2149423,12,309.08,0.0508,-0.4132,0.0,0.1667,0.5774,0.75,5.46,4.0,0.0909,1.0,12
3f3486b61f45078d4f31ee5e43d8c5bb,40,95.74,0.2342,4.5493,0.0,0.1538,0.8624,0.475,2.32,4.33,0.075,0.5887,17
5b0cc932433fa5184b5b94bfe6bcc256,12,119.82,0.3869,-0.5209,0.0,0.25,0.5401,0.4167,1.94,3.58,0.3333,0.5433,29
1690cada046eb7e92c12f98b1f8a8167,11,178.09,0.1288,-0.3333,0.0,0.1,0.3015,0.6364,3.27,4.55,0.0909,1.0,24
b494891378bd8f4560abe576c52deacd,20,147.95,0.1054,1.3247,0.0,0.0526,0.8155,0.75,4.32,4.65,0.05,0.7521,14
2ba91c7ad80ff88b23b7db823b43c233,6,123.4,0.135,-0.693,0.0,0.3333,0.3333,0.5,3.67,3.83,0.1667,0.7222,22
f3295428338a40977a03f555246a70f4,7,92.14,0.1929,-0.0941,0.0,0.2857,0.3499,0.5714,1.65,3.57,0.2857,0.5102,210
e8b3a3a38279a82f0e5d006d5e5b7d2c,87,151.2,0.1339,-0.9076,0.0,0.05,0.628,0.3793,2.46,3.81,0.2159,0.4421,182
2b1a40c1daabc6ca280c4b815c101841,23,553.59,0.1494,1.4314,0.0435,0.0455,0.437,0.913,6.91,3.7,0.2174,1.0,79
4dc646b9b9e8e411ef48ba000ea3ac6f,4,72.42,0.2194,-0.4609,0.0,0.25,0.0,0.5,1.75,2.75,0.5,1.0,18
d8c7ba53e7e38711eaef8c2849d6d2e1,22,54.13,0.5017,0.5382,0.0,0.0,0.4166,0.5,2.74,4.5,0.0,0.3595,13
3ade81dab5a172b88e1871c28ae05260,30,191.72,0.2697,5.1775,0.0,0.1429,0.6325,0.8,3.67,4.0,0.2069,0.8301,9
8e8a7ce9f2f970dc00e2acf6f6e199f6,65,140.02,0.1301,0.1774,0.0,0.0952,0.4729,0.5846,1.77,3.98,0.1231,1.0,13
9aa388272ee334b6ae07bc73706e254a,6,113.0,0.2706,3.7857,0.0,0.0,0.5774,0.8333,6.67,4.33,0.1667,1.0,17
d180e07dc1e58c31c3f0cd599dc4d945,1,58.8,0.2408,0.0,0.0,0.0,0.0,1.0,5.0,3.0,0.0,1.0,220
b5e3e38609125694d2ea2417522a60b7,16,62.19,0.3026,-0.3041,0.0,0.25,0.4677,0.6875,3.0,4.31,0.0625,0.7924,349
3df020b72d3d44b3af9d110fa3940b65,55,91.63,0.3392,1.4,0.0,0.1273,0.4021,0.4727,2.47,4.05,0.1455,1.0,15
6f892e20a171e98efe17fdb971ff319b,44,146.33,0.1404,0.4388,0.0,0.0976,0.9404,0.4545,2.82,3.93,0.1628,0.8918,260
ff1e15b778c700abdd4d239b81ac466d,7,59.19,0.2772,0.0,0.0,0.0,0.0,0.0,1.0,4.57,0.0,0.7551,13
534a01cc6df1e034e05c32028a291fa2,5,47.12,0.2541,1.9331,0.0,0.0,0.6,0.4,2.0,4.4,0.0,0.68,315
ef990a83bbea832f36ebe81376335aa8,43,107.97,0.197,0.1818,0.0,0.2558,1.1353,0.3256,2.4,3.63,0.2558,0.8347,22
40d54b51e962dbe09cabbcfd33298dee,30,226.19,0.0792,0.6436,0.0,0.0,0.7916,0.6333,3.33,4.0,0.2,0.6379,9
c33a5c3c983090c8b78a28e65052a20d,9,69.9,0.2306,-0.5,0.1111,0.0,0.4157,0.6667,2.82,4.22,0.2222,1.0,71
45ba18c210d42734ec52c0c1c574e9ee,38,147.08,0.1741,-0.2901,0.0263,0.0571,0.4603,0.5263,2.76,3.87,0.2105,0.3111,11
60562ab00b8054280520d390c8c0045c,17,173.12,0.1033,-0.4363,0.0,0.0,0.3767,0.6471,4.35,4.76,0.0,1.0,31
c878515173c84a492ebe50d6b493230b,9,124.32,0.1691,0.717,0.0,0.2222,0.4157,0.8889,3.9,4.11,0.2222,0.34,292
8f2ce03f928b567e3d56181ae20ae952,153,141.91,0.1767,-0.5468,0.0,0.1523,0.5787,0.268,1.85,4.11,0.1316,1.0,10
47efca563408aae19bb7206c2d969ea9,12,210.17,0.1758,3.0141,0.0,0.0,0.8079,0.8333,6.5,4.08,0.1667,1.0,11
c510bc1718f0f2961eaa42a23330681a,13,942.38,0.0784,3.138,0.0,0.0,0.5909,0.7692,5.0,4.0,0.2308,1.0,21
688756f717c462a206ad854c5027a64a,83,71.89,0.3243,-0.7686,0.0,0.0864,0.2917,0.5301,2.73,3.86,0.1807,0.8147,12
512d298ac2a96d1931b6bd30aa21f61d,11,672.9,0.0435,48.9963,0.0,0.0,0.4896,0.4545,3.18,4.27,0.1818,0.7083,17
9a84ba99f5367fdbd4598363496f1ea2,16,142.81,0.1908,0.0,0.0625,0.0,0.6903,0.3125,2.25,3.71,0.1765,1.0,62
6179a28a13a726c29b3bf54c070dccab,2,300.0,0.1437,0.0,0.0,0.0,0.0,1.0,5.5,3.0,0.5,1.0,370
66e0557ecc2b4dbea057e93f215f68d8,31,402.58,0.0399,-0.7897,0.0323,0.2667,0.8589,0.7097,4.09,3.94,0.1613,1.0,203
8cbac7e12637ed9cffa18c7875207478,67,44.64,0.5561,0.0163,0.0,0.0606,0.4806,0.403,2.15,4.12,0.1194,0.3239,7
9906e7aa42a3c067b7c9a564d01c4320,12,218.25,0.1896,-0.8,0.0,0.1667,0.4082,0.6667,2.42,4.5,0.0833,1.0,13
788e857f317e53de488d393e65a80f45,11,110.0,0.1529,3.0,0.0,0.0,0.8431,0.8182,2.73,4.91,0.0,1.0,12
5f3ae9136c875522250f8184f253413a,43,26.93,0.5317,3.4325,0.0,0.0714,0.5419,0.3023,1.45,4.64,0.0238,0.8062,12
e067ad2c1c0b48758eb1b5228bcf7a68,54,93.38,0.1994,-0.0209,0.0,0.0926,0.6759,0.4259,2.18,4.15,0.1111,1.0,21
3c010235b7345c92f125d14ee232a76b,15,238.53,0.1194,-0.5264,0.0,0.0,0.3333,0.5333,2.53,4.67,0.0,1.0,19
ce248b21cb2adc36282ede306b7660e5,65,234.31,0.1357,-0.6304,0.0154,0.1094,0.6232,0.4615,3.18,4.2,0.1364,0.4495,30
fb89df7f89fd1b8f03fa2acca1ba7364,22,100.91,0.2106,-0.3325,0.0,0.0909,0.5378,0.7727,3.13,3.86,0.1818,1.0,16
d57e18d5f73c7ccb7f7339b61166898d,61,52.26,0.2897,1.8954,0.0,0.0328,0.614,0.3607,1.83,4.43,0.082,0.5616,13
1dcfa3835714681d4ba4a93bc1e0fd41,13,98.35,0.2531,-0.5,0.0,0.0,0.56,0.5385,4.77,4.0,0.1667,1.0,154
4bfc7a4a1cf8d4d2121c27422d9e50b5,26,312.48,0.1314,-0.6233,0.0,0.0385,0.3922,0.5,3.85,4.54,0.0769,1.0,12
be9a160a9011f627c3e121d076c1ec7b,7,419.14,0.0847,1.2556,0.0,0.0,0.3194,0.8571,5.29,3.57,0.2857,0.7551,269
5a05a16bb50629ee31afab8a6d4c2674,14,56.74,0.354,-0.4008,0.0,0.0714,0.6547,0.6429,2.79,4.21,0.0714,1.0,63
08ad4ac1388e4420ca531c3edfc46198,6,36.94,0.4018,0.9533,0.0,0.0,0.4082,0.3333,1.67,2.83,0.5,1.0,16
318f287a62ab7ac10b703ac37435a231,52,48.41,0.4437,-0.5,0.0,0.098,0.5073,0.4615,2.26,3.87,0.2115,0.5021,10
e88165a185134e13fdfc85d4fa654db8,2,54.0,0.3817,4.0,0.0,0.5,0.0,0.0,1.0,3.0,0.5,1.0,77
e09887ca8c7bf8a4621ce481820414ef,3,39.99,0.4893,1.0005,0.0,0.5,0.3333,0.6667,3.33,2.33,0.6667,1.0,282
939e6227d6964a11a70aa91243e418f2,4,106.25,0.1488,0.0,0.0,0.0,0.0,0.5,2.0,4.25,0.0,1.0,9
3dbbce181edfaa4a597ec858c382d2ec,17,49.9,0.519,1.7096,0.0,0.1176,0.4323,0.2353,1.88,4.24,0.1176,0.665,266
d197aa8fbc64087f61984deef05f6227,6,86.51,0.2149,0.0869,0.0,0.0,0.0,0.1667,1.33,4.83,0.0,0.5102,13
739c7d7be81f63812dea0d1b1451c651,2,38.75,0.9265,0.808,0.0,0.0,0.0,1.0,2.5,4.0,0.0,1.0,91
75745ef7bc7d4f3ea3380f6f5303f514,3,76.13,0.2142,-0.8793,0.0,0.0,0.3333,0.3333,4.0,5.0,0.0,0.5556,514
94e93ce877be27a515118dbfd2c2be41,30,189.15,0.153,-0.8912,0.0,0.0,0.7394,0.6667,4.47,3.93,0.1724,0.1869,355
dfc5fb7259bb2b599ca565e6e9448f0f,33,185.59,0.1178,-0.1286,0.0,0.0303,0.7509,0.6061,3.71,4.12,0.0909,0.8391,28
9a1aea68d3efa00862ec88c0768037d0,7,187.03,0.147,-0.25,0.0,0.0,0.5345,0.2857,1.57,4.43,0.0,0.625,46
96493fab2fbb13a14d0c0e8772eef5c3,63,301.1,0.0639,-0.6386,0.0,0.0635,0.5641,0.7143,4.74,4.06,0.1452,1.0,90
10264f60a8f0a4d2f30810f5c661c673,4,71.15,0.1471,-0.2003,0.0,0.0,0.3536,0.5,2.25,5.0,0.0,1.0,25
7dc8c42cc750eeafea6c85712ffee9bf,41,156.33,0.1615,6.3776,0.0,0.0488,0.6608,0.4878,2.59,4.2,0.122,0.3592,6
3078096983cf766a32a06257648502d1,59,140.43,0.1708,1.3624,0.0339,0.0536,0.544,0.5424,3.43,4.2,0.1356,0.2046,117
f181738b150df1f37cb0bd72e705b193,36,153.6,0.1995,1.8397,0.0,0.1111,0.5774,0.5556,3.26,4.47,0.0556,0.347,12
a00824eb9093d40e589b940ec45c4eb0,3,3133.32,0.0404,-0.4333,0.0,0.0,0.3333,1.0,7.33,4.67,0.0,1.0,147
44073f8b7e41514de3b7815dd0237f4f,144,130.07,0.1694,-0.7609,0.0,0.0352,0.7395,0.5903,3.14,3.76,0.2028,0.186,26
62760d278921b5f352461620d68a9cee,3,132.33,0.1338,0.0,0.0,0.3333,0.0,0.3333,4.33,3.67,0.3333,1.0,565
6ddc28b61be28373b4503a1f61cf98a9,11,157.54,0.0965,-0.1673,0.0,0.0909,0.1286,0.4545,1.77,4.18,0.0909,0.8347,19
6cf476a4ca74498db55cbccdaa9dcfb6,6,156.66,0.1974,11.6046,0.1667,0.4,0.3333,0.5,3.0,3.0,0.5,0.5918,460
06bb3a2fe5e7b7a845b13e8fb91bd944,17,90.36,0.2123,-0.6174,0.0,0.0,0.6985,0.4706,2.44,4.59,0.0,1.0,61
c8b3445d737de6befde0c88ede534a5e,30,104.97,0.207,0.0882,0.0,0.0333,0.8718,0.4,2.63,4.43,0.0667,0.5988,68
723cd880edaacdb998898b67c8f9da30,11,194.23,0.1934,0.1502,0.0,0.0909,0.5301,0.8182,4.18,4.09,0.1818,0.5556,14
0c7533c71df861ec58ad7ff999ed0e8d,61,49.0,0.2924,-0.3246,0.0,0.0492,0.4782,0.4754,2.37,4.1,0.1613,1.0,37
5c3460cd3e8a984382ae254e7dd20d9f,9,86.2,0.2559,0.3186,0.0,0.0,0.5092,0.5556,2.0,4.67,0.0,1.0,18
9c690ceacd5c66731bf443ea810195cb,10,87.18,0.2859,1.0,0.0,0.0,0.5099,0.5,2.2,4.3,0.1,0.5139,28
d93844a9c55ba7ce353388bcf849ea56,12,225.71,0.1924,1.2223,0.0,0.0833,0.3333,0.6667,3.92,4.25,0.0833,1.0,127
b55638ad525e906c698fa2ce742c1742,11,99.53,0.2657,3.7458,0.0,0.1818,0.4896,0.5455,2.25,4.18,0.0,1.0,26
08f5819815f3d06545011850bd70f0a8,3,150.67,0.1567,0.9737,0.0,0.0,0.3333,0.6667,3.33,4.67,0.0,1.0,22
f44b6f775a2b390380e0e30b5c9d3eee,10,293.0,0.0881,-0.4905,0.0,0.0,0.3464,0.5,4.3,4.9,0.0,0.68,8
bc302730ea8cf49b5c74f579febb5bbf,11,240.08,0.1095,0.0,0.0,0.0909,0.5062,0.5455,3.73,3.82,0.1818,0.4711,32
a1544b9ea0b2390e020537d4daa89049,8,105.15,0.1276,0.3117,0.0,0.0,0.0,0.25,1.4,4.0,0.1111,1.0,18
55f7a3319d80f7fdf078b8f03e6725fe,22,136.99,0.1349,0.9093,0.0,0.0909,0.2727,0.3182,1.91,3.77,0.1818,0.6033,12
26e2c91ef821e1ff8985f408788fe35b,12,137.45,0.1664,-0.7296,0.0,0.4167,0.4082,0.5833,3.64,3.0,0.3333,1.0,41
b410bdd36d5db7a65dcd42b7ead933b8,44,175.61,0.1303,-0.067,0.0,0.0238,0.7385,0.7727,5.09,4.66,0.0455,1.0,13
08cdbae123ff67ca4e36d9d641ce0119,4,774.75,0.3538,-0.6282,0.0,0.5,0.5,0.75,5.75,3.0,0.6,1.0,36
09bad886111255c5b5030314fc7f1a4a,5,97.5,0.1495,0.0,0.0,0.0,0.0,0.6,1.6,5.0,0.0,1.0,7
ec933281fb017b5020d06df29c3f77e8,8,179.0,0.1612,0.0592,0.0,0.0,0.3536,0.875,4.88,5.0,0.0,1.0,35
d1c7fa84e48cfa21a0e595167c1c500e,12,96.34,0.278,-0.2044,0.0,0.0,0.7728,0.5,2.0,4.33,0.1667,0.3889,42
aaed1309374718fdd995ee4c58c9dfcd,105,89.3,0.2486,1.6938,0.0,0.0288,0.7277,0.4667,2.55,4.07,0.1333,0.3997,33
05f51e13da97139648b8125c31e5f51b,60,229.48,0.1467,22.198,0.0,0.1579,0.7024,0.6333,3.75,4.07,0.1833,0.9083,164
6a38087bc8ad4f89ff453561005f6dea,15,122.23,0.2988,0.8805,0.0,0.0,0.3944,0.4667,2.53,4.6,0.0,0.5165,17
28c7d8743fbc8679f484868cc0fcaefb,3,67.17,0.3417,-0.2206,0.0,0.0,0.0,0.6667,2.33,5.0,0.0,1.0,24
7ade73f1b9b4e965f9009a4c3a7e2c15,27,69.64,0.2435,0.0633,0.0,0.0,0.5809,0.3333,2.3,4.77,0.0,0.2551,23
4ebdc7e6cd6102a022dadc49156d4ea8,29,32.02,0.3975,1.0,0.0,0.0345,0.4209,0.4138,1.91,3.83,0.2,0.4141,46
2a61c271b1ac763450d846849783e922,18,84.26,0.3273,-0.5534,0.0556,0.1765,0.6236,0.7778,2.39,4.06,0.1667,0.9168,196
01c97ebb5cdac52891c0ed1c37ba0012,9,64.17,0.3091,-0.7704,0.0,0.0,0.5092,0.4444,2.0,4.22,0.1111,1.0,34
4559697a8f7e637227c2eeaed843baff,42,88.0,0.2106,0.0,0.0,0.0769,0.9295,0.3333,2.12,4.07,0.1591,0.746,68
1f867308a0ce13133a4e639ff4de0c02,7,125.01,0.2398,-0.5702,0.0,0.0,0.3499,0.7143,4.75,4.14,0.1429,1.0,93
6dd7dce75cd55c1ce255dc38d9f0cd46,1,75.0,0.2844,0.0,0.0,0.0,0.0,0.0,1.0,4.0,0.0,1.0,260
28f10b1c5e5abb9d4857745bede6147c,28,29.82,0.4197,0.4699,0.0,0.2143,0.4601,0.1429,1.21,4.0,0.1786,0.4821,17
81a1104df0f08b59c68aa5b03cfe398e,73,129.05,0.1926,-0.2615,0.0,0.0556,0.6796,0.589,2.66,4.27,0.0845,1.0,140
acb6c2ca5c82411c1fdb88d5fd5eb95e,10,41.39,0.3905,-0.6171,0.0,0.0,0.6633,0.0,1.0,3.9,0.2,0.3884,33
3ca08eeb8d5595949fed424bd3677742,14,126.35,0.2636,0.8008,0.0,0.0,0.2474,0.5714,3.67,4.43,0.0714,1.0,238
02ecc2a19303f05e59ce133fd923fff7,21,250.68,0.0908,-0.5765,0.0,0.0,0.4714,0.619,5.32,4.62,0.0476,0.3438,13
9d681c7e12db302cb261e721040dde65,13,60.43,0.3476,-0.7736,0.0,0.0,0.2551,0.1538,1.31,4.92,0.0,1.0,18
4c03b9dd4c11ee2cb35c96c49efc9420,48,134.55,0.1306,3.9418,0.0,0.0208,0.7108,0.7292,4.14,4.11,0.1489,1.0,332
1d4587203296c8f4ad134dc286fa6db0,42,55.32,0.3031,1.6229,0.0,0.05,0.5249,0.2143,1.6,4.29,0.0952,1.0,7
e644cbadf7eeb30d0d29f335ce7d52ec,8,109.86,0.2101,-0.4304,0.0,0.0,0.0,0.0,1.0,3.62,0.125,0.46,13
4e7c18b98d84e05cbae3ff0ff03846c2,82,111.93,0.3134,-0.2248,0.0,0.0494,0.633,0.5854,3.37,4.18,0.1807,0.6887,53
30829ded4523ab9224b93bc49a62c95f,18,383.98,0.0923,-0.7118,0.0,0.0556,0.4581,0.4444,2.61,3.78,0.2222,1.0,11
55c96925041a14097b6a7825554f4ad5,6,49.13,0.6397,3.8,0.0,0.4,0.3333,0.6667,3.5,4.0,0.1667,1.0,231
1f1bb1f0859883505541bdd6606193e5,27,594.11,0.0325,3.7911,0.0,0.1111,0.4801,0.7778,5.84,4.33,0.0741,0.8692,36
bba74270a87732727b5a3b4fd9ac1c39,36,166.71,0.1264,-0.6333,0.0,0.0,0.6285,0.3889,2.58,3.97,0.1667,0.3956,95
8c351ed7c326c62123318f4f3246e906,2,57.45,0.3112,0.0891,0.0,0.0,0.0,0.0,1.0,5.0,0.0,1.0,16
a44fb5a447105f8469bdf16bf9159f25,19,195.06,0.1583,8.7469,0.0,0.2632,0.5931,0.5789,3.68,4.05,0.1579,1.0,31
23a0ffca143a15b9b5bbdb7d552f626a,23,161.67,0.1575,-0.8143,0.0,0.1304,0.6637,0.5217,2.56,3.91,0.2174,0.9201,20
73a63f72308aa20a46f4b1632018f196,29,331.27,0.1227,-0.96,0.0345,0.0,0.3584,0.8621,6.14,4.14,0.1071,0.53,33
aac51c486b672a9850d59f3e84b1cf88,10,72.83,0.1803,0.0,0.0,0.0,0.0,0.3,1.5,4.8,0.0,0.4556,10
e601b04acf48b4576e73ddca9481f0dc,15,32.8,0.4289,-0.3101,0.0,0.0,0.4216,0.2667,1.4,4.07,0.2,0.2266,7
3a4127e1ba7208ea37044c5092aae170,6,369.93,0.0412,0.2781,0.1667,0.0,0.3333,1.0,5.17,3.5,0.3333,0.7222,18
817f85dbb65aa3e70831d90fe75cdf89,11,141.12,0.1492,1.5934,0.0,0.0,0.6983,0.6364,2.27,4.55,0.0,0.6033,537
c26a2be5b53b7db6b276280da212a779,13,575.54,0.1078,-0.5,0.0,0.0,0.4742,0.6923,6.15,3.38,0.3846,1.0,31
bc07d855eac23aab5ac8a120f21d16b2,12,106.93,0.1661,0.6815,0.0,0.1818,0.4249,0.5833,2.75,4.17,0.1667,0.5148,22
7adbd3210a7b3cc2235e225eef33574d,3,43.97,0.5531,2.9774,0.0,0.0,0.3333,0.3333,2.0,4.67,0.0,1.0,20
6bb62a4912377c7bfe7cb17b406bc7e6,4,184.88,0.1432,41.7845,0.0,0.0,0.5,0.25,3.25,4.25,0.25,0.3889,20
f76a3b1349b6df1ee875d1f3fa4340f0,24,173.37,0.1414,2.8829,0.0,0.375,0.8079,0.5,3.48,3.46,0.2917,1.0,17
404e1ba01358af4cd63f679b2c4d1fa1,8,46.74,0.4756,-0.25,0.0,0.0,0.3536,0.625,2.0,5.0,0.0,0.5139,18
32f1bb9dfa65bc7df5c0d9d95a616be4,5,55.28,0.2018,0.3311,0.0,0.25,0.0,0.8,3.0,4.0,0.25,0.5,26
9616352088dcf83a7c06637f4ebf1c80,92,61.99,0.3134,-0.2326,0.0,0.0,0.9165,0.3152,1.82,4.3,0.086,1.0,12
76ea5315acb3f5f7ade3cd261faf922a,15,72.47,0.2061,-0.3272,0.0,0.0667,0.636,0.6,2.47,4.27,0.0667,0.1733,15
ed4311e67debd72b8610a5347a743087,25,145.44,0.1944,-0.3946,0.0,0.08,0.8295,0.8,4.15,4.62,0.0417,1.0,6
9e94fa26a70ede4d26226e918e8706a2,1,62.8,0.1583,0.0,0.0,0.0,0.0,1.0,3.0,5.0,0.0,1.0,395
febab0275244b9a49a623f0bd613ca2f,109,66.72,0.4148,0.982,0.0,0.0472,0.5147,0.4771,2.53,4.38,0.0917,0.9103,17
78c99c6dff4eeae5be99bf635ed21e3f,31,65.51,0.3274,2.0629,0.0,0.0968,0.7328,0.4839,3.1,4.42,0.0968,1.0,381
7357b52d27cbaa90f81a96cbc1279396,12,110.67,0.164,-0.089,0.0,0.0833,0.3333,0.5,2.14,4.33,0.0833,0.8472,12
7d76b645482be4a332374e8223836592,176,21.84,0.6732,1.8876,0.0,0.1163,0.7884,0.4148,1.8,3.96,0.1494,0.9684,20
18e694e0e48ed6f7aa3f24aade5fd697,31,22.63,0.7187,2.299,0.0,0.0323,0.5261,0.1935,1.53,4.68,0.0,0.7388,8
5a93f3ab0ef4c84ed5e1b5dbf23978bc,39,59.96,0.2981,-0.9192,0.0,0.0263,0.6291,0.3333,1.88,4.69,0.0513,0.5372,184
698f5fa55a5f73d0740e9d9a773e8093,4,30.0,0.6999,0.0,0.0,0.0,0.0,0.0,1.0,4.75,0.0,1.0,75
7238a95bb63ef7e498389fb863b834a1,15,151.05,0.2513,-0.785,0.0,0.0667,1.0111,0.4,3.0,4.73,0.0,0.3689,18
fc38b5dceee1a730fad8853453437fbd,5,23.84,0.4934,-0.4583,0.0,0.0,0.0,0.4,1.6,4.6,0.0,0.52,262
257e61d3251fb5efb9daadddbc2cf7ca,12,644.08,0.1394,1.3469,0.0,0.0,0.4249,1.0,7.75,4.75,0.0,0.8472,19
655220df33262c7e0c4949a147366f94,13,172.69,0.3036,0.9952,0.0,0.1538,0.5217,0.8462,3.92,4.08,0.1538,0.68,112
05730013efda596306417c3b09302475,4,238.0,0.2276,2.0,0.0,0.0,0.5,0.25,2.25,5.0,0.0,0.625,12
4324dd16853115efb0fd9d0d131ba6f4,12,87.69,0.311,-0.6215,0.0,0.0833,0.4082,0.25,2.08,4.08,0.1667,1.0,181
dbd66278cbfe1aa1000f90a217ca4695,85,57.99,0.3132,2.0577,0.0,0.0588,0.7238,0.3412,2.16,4.51,0.0235,0.666,11
850913d59ce317156b00f3705f1c3edb,32,84.06,0.216,-0.8449,0.0312,0.1724,0.7302,0.1875,1.59,3.44,0.3438,0.5848,38
edc518ba25576a0188a0e8f2c3af186f,6,274.56,0.1591,-0.2972,0.0,0.0,0.4082,0.3333,1.83,3.67,0.3333,0.2812,14
7c4618c82226628831613e95e9c22f44,13,25.69,0.4957,9.4308,0.0,0.1538,0.5329,0.2308,1.36,4.08,0.1538,1.0,17
c66dccfb3f109511246da627dd5a2498,45,282.41,0.0766,0.4459,0.0,0.0455,0.3071,0.8222,5.36,4.49,0.0889,0.9565,10
334cab711dee080b079fa5779b584783,11,97.25,0.3288,-0.9,0.0,0.0,0.5301,0.2727,2.08,4.91,0.0,1.0,25
abcd2cb37d46c2c8fb1bf071c859fc5b,45,108.45,0.2706,7.0402,0.0,0.0455,0.9737,0.6667,4.07,4.24,0.0444,1.0,23
503c1de08ae81a2d86f17951b204db55,22,223.04,0.0846,1.2817,0.0,0.0909,0.436,0.5455,3.68,4.41,0.0455,1.0,39
951e8cef368f09bb3f3d03c00ca4702c,64,63.94,0.3423,-0.4512,0.0,0.0806,0.3711,0.5156,2.64,4.08,0.1475,0.6509,13
e81e1f9c3e762e620f3fb60a51499e16,17,262.71,0.115,0.7013,0.0,0.0588,0.3674,0.6471,3.35,4.0,0.125,0.5741,131
e38db885400cd35c71dfd162f2c1dbcf,30,68.89,0.3245,-0.5,0.0,0.1333,0.5657,0.5,2.32,4.47,0.0667,1.0,19
e96498ed8daaa3e9c23f7a62da76591c,34,282.91,0.0741,-0.6228,0.0,0.1471,0.5611,0.6176,3.5,3.94,0.2059,1.0,46
5f1dc28029d2c244352a68107ec2b542,62,45.28,0.3548,-0.927,0.0,0.0645,0.5291,0.5323,2.35,4.43,0.0656,0.216,80
8a9260f2b0340411d6d2a56bcf4f7378,8,157.0,0.1122,-0.9623,0.0,0.125,0.3536,0.375,2.0,4.75,0.0,0.3827,17
c1d1ebb4745cc43cb6f05e9c8a705c9a,3,11.5,1.2368,-0.3704,0.6667,1.0,0.0,0.3333,1.67,2.33,0.6667,1.0,289
0a85ebe4e328db81ac9109781205e2f7,12,55.66,0.2062,0.9086,0.0,0.0833,0.6124,0.4167,2.25,4.58,0.0,0.8472,10
93bef6edaa84956e8e575016449b6351,1,115.0,0.1266,0.0,0.0,0.0,0.0,1.0,6.0,5.0,0.0,1.0,402
01cf7e3d21494c41fb86034f2e714fa1,61,159.5,0.2065,-0.4226,0.0,0.0508,0.6697,0.5738,2.59,4.15,0.1167,0.2194,189
3bb548e3cb7f70f28e3f11ee9dce0e59,46,167.17,0.1166,-0.9142,0.0,0.0,0.624,0.3696,2.13,4.2,0.1304,1.0,25
3d5d0dc7073a299e31fa718ce1bc00b6,23,34.38,0.49,-0.3411,0.0435,0.0952,0.3074,0.4783,2.04,4.3,0.1739,0.3958,28
a1bea7061f61f6fdd9a85a6325ba1033,9,90.11,0.1232,0.8498,0.0,0.1111,0.4714,0.4444,2.44,4.44,0.0,0.1358,8
9f50216bfd01913736a55a11b55ea842,17,79.65,0.2342,-0.5737,0.0,0.1765,0.506,0.1176,1.29,4.41,0.0588,0.2687,16
48fb026ed7455a42f5d3e9390ed5088e,11,50.52,0.4021,-0.8434,0.0,0.0,0.7273,0.6364,3.08,2.64,0.5455,1.0,273
720e6cf846ea7572cbb66b743fb91e6c,1,54.0,0.2694,0.0,0.0,0.0,0.0,0.0,1.0,5.0,0.0,1.0,534
4342d4b2ba6b161468c63a7e7cfce593,20,143.36,0.1033,2.0716,0.0,0.5,0.8124,0.6,3.05,1.26,0.9474,1.0,40
cea729054f157f5870bdd321a958d994,24,103.42,0.1408,-0.7887,0.0,0.0417,0.6124,0.2083,1.67,4.12,0.125,0.858,21
d4e12e7884759a14fa0f5f896c791cae,29,48.28,0.3141,-0.4251,0.0,0.069,0.6321,0.4828,2.23,4.62,0.069,1.0,42
9596c870880d900012f2e8e6e30d06d7,22,391.19,0.2334,0.4516,0.0,0.0476,0.6742,0.5909,4.14,4.14,0.0909,0.4132,28
1a932caad4f9d804097d7f8e615baed1,20,233.05,0.2232,1.4049,0.0,0.2,0.3162,0.6,3.33,3.9,0.2,1.0,12
5b664594895aefb418afaee6d40a9a23,16,63.05,0.2244,2.5938,0.0,0.0,0.4507,0.375,2.53,3.94,0.1875,0.5165,29
55d3daac7c404d59e51c2aa2f4dc5a23,21,213.36,0.2923,-0.8195,0.0,0.0,0.5173,0.2381,1.9,4.1,0.0952,0.8036,17
e504a4e2efaa45cbff7e268a2c58c956,11,108.07,0.2315,1.9499,0.0,0.3,0.6983,0.6364,2.36,3.55,0.3636,1.0,19
ee27a8f15b1dded4d213a468ba4eb391,1,6499.0,0.035,0.0,0.0,0.0,0.0,0.0,1.0,5.0,0.0,1.0,467
2089a6d640999f9b9141ac719b2af596,44,200.7,0.0787,9.2593,0.0227,0.1463,0.808,0.5227,3.61,3.73,0.2955,0.4587,48
0885aaf116795758dfeb5f1032487bcd,28,94.57,0.1942,0.6378,0.0,0.037,0.5714,0.7857,3.93,4.21,0.1071,0.8756,15
11bfa66332777660bd0640ee84d47006,76,51.66,0.4286,0.1712,0.0,0.1579,0.6425,0.4211,2.03,3.88,0.2338,0.5017,11
e3a386fc36e22064434e1fa256f6a9fa,16,49.62,0.319,-0.0138,0.0,0.1875,0.2795,0.6875,2.19,4.19,0.125,1.0,18
5cbbd5a299cab112b7bf23862255e43e,36,75.72,0.2418,-0.9436,0.0,0.0,0.6383,0.4167,1.91,4.28,0.1111,0.3269,18
960945e1a9535cbc0cd6ddd35fbe7ae8,28,120.78,0.1419,-0.1127,0.0,0.0,0.335,0.5714,3.93,4.64,0.0,0.7551,8
602044f2c16190c2c6e45eb35c2e21cb,50,74.78,0.2509,-0.6969,0.0,0.1875,0.6387,0.6,3.42,3.14,0.3922,1.0,11
0b35c634521043bf4b47e21547b99ab5,51,265.37,0.109,3.5183,0.0,0.16,0.639,0.7059,4.85,3.36,0.36,1.0,22
888faa8bfb0b159c37de6d898b961c31,19,127.28,0.2178,2.7808,0.0,0.0,0.4965,0.5789,4.21,4.21,0.1053,0.2287,12
79565f7d5603b24ddf07ade262547f2f,8,48.12,0.2833,1.1158,0.0,0.2857,0.4677,0.375,1.5,4.0,0.25,0.4688,467
26af45f5dfd967225a832838aa4e24a3,10,57.31,0.3464,-0.4875,0.0,0.0,0.4472,0.4,1.7,4.1,0.2,1.0,12
9b1f656ca3060f8af17a50d8a024b533,2,20.5,1.1629,-0.5614,0.0,0.5,0.0,0.0,1.0,5.0,0.0,0.5,12
29c322e3f09f886f8bacbe91dfbd979e,1,48.98,1.1554,0.0,0.0,0.0,0.0,0.0,1.0,5.0,0.0,1.0,12
0743a0239d764b9a0f959a57d07e36ab,4,84.24,0.1966,-0.217,0.0,0.0,0.0,1.0,2.0,4.75,0.0,0.625,30
b1b3948701c5c72445495bd161b83a4c,18,1372.18,0.0197,-0.5151,0.1111,0.6429,0.6236,0.7778,6.78,1.72,0.7778,1.0,387
7a241947449cc45dbfda4f9d0798d9d0,62,129.48,0.248,-0.5,0.0161,0.0714,0.6579,0.5323,2.68,3.87,0.1803,0.4749,25
039e6ad9dae79614493083e241147386,5,2585.0,0.027,-0.7423,0.0,0.2,0.2828,0.8,7.2,4.0,0.2,1.0,55
8d79c8a04e42d722a75097ce5cbcf2ef,27,102.88,0.2727,0.0,0.0,0.1538,0.9883,0.4815,2.35,4.44,0.1111,1.0,172
b2ac621f0d0322434d04a12b078b9369,30,319.18,0.0816,6.7883,0.0,0.1,0.5437,0.7333,5.53,4.4,0.0667,0.8756,18
38102b031c2a15e54623d711bfc753d3,9,50.78,0.7711,-0.6875,0.0,0.0,0.3514,0.5556,3.2,3.67,0.1111,0.4215,201
3d4b1ae7539303b5704493798893e82c,6,179.33,0.1354,1.4598,0.0,0.0,0.3333,0.6667,2.71,4.83,0.0,0.6543,187
de9727ca376d1be6ec121b110aa7954c,10,105.87,0.1997,-0.6381,0.0,0.1111,0.6,0.4,1.5,3.8,0.3,1.0,19
b39d7fe263ef469605dbb32608aee0af,44,118.02,0.2046,1.4481,0.0,0.0465,0.8207,0.6364,3.54,3.88,0.1628,1.0,11
2d22fc3089eb907b29ebff50581fb472,3,105.9,0.1879,0.0,0.0,0.0,0.0,0.6667,2.33,3.67,0.0,1.0,127
1c742ac33582852aaf3bcfbf5893abcf,1,97.9,0.1613,0.0,0.0,0.0,0.0,0.0,1.0,5.0,0.0,1.0,73
49067458c68f7701fd334ce326accbe0,17,61.63,0.5477,0.0,0.0,0.0588,0.4362,0.2353,1.82,3.44,0.3333,0.7663,17
717b78b0950b51ed00b1471d858b0edc,5,27.72,0.5855,-0.3645,0.0,0.2,0.3464,0.2,1.6,4.0,0.2,1.0,63
e883aa812c37a7413226856f4579fe91,26,157.58,0.1116,0.8569,0.0,0.0385,0.6057,0.5769,2.63,4.15,0.1154,0.3341,17
7b7ed56ae755e2880f2b69632e839c1e,5,64.3,0.4202,0.0,0.0,0.2,0.0,0.8,3.8,4.2,0.0,1.0,19
596849622429351f47b32e6cae1055ff,14,78.91,0.1453,7.012,0.0,0.0,0.5345,0.3571,3.27,4.0,0.1538,0.4694,13
3969863bb8af7f72580b3b1ffd3a17b3,12,51.93,0.3641,1.0,0.0,0.0,0.4082,0.5,2.23,4.08,0.0833,0.3136,20
54aa8463e87776b5612f4bdc4bd5d4de,7,92.76,0.1903,0.4057,0.0,0.0,0.7143,0.2857,3.29,3.86,0.1429,0.3469,559
28a26ebce31d5918b181ede016fd693b,1,29.9,0.5732,0.0,0.0,0.0,0.0,1.0,3.0,5.0,0.0,1.0,21
bbf9ad41dca6603e614efcdad7aab8c4,14,560.43,0.0989,-0.2337,0.0,0.0,0.6547,0.5714,4.21,4.5,0.0714,1.0,72
ec4608a1f76453166bb312b2968aeaf4,18,65.65,0.7951,1.2235,0.0556,0.2353,0.5443,0.5,3.58,3.17,0.3333,1.0,20
710e3548e02bc1d2831dfc4f1b5b14d4,136,176.32,0.1616,-0.3481,0.0,0.0458,0.9537,0.5441,3.5,3.36,0.3259,0.366,18
4ba52dfeba874da5b9ee7b17c7494f04,11,133.0,0.1401,-0.1747,0.0,0.0909,0.3963,0.5455,3.55,4.36,0.0909,1.0,315
1dfe5347016252a7884b694d4f10f5c4,21,80.64,0.2576,0.0394,0.0,0.25,0.8207,0.7143,3.5,3.4,0.3,0.9287,148
c113b8df1fc375bc3d73d29c1b1144d1,3,111.0,0.2038,-0.178,0.0,0.0,0.0,1.0,5.67,4.33,0.0,1.0,397
53d00c40e32aeb924a84ce72b1af869d,17,127.4,0.1368,0.8636,0.0,0.2353,1.029,0.6471,3.82,4.35,0.0588,1.0,30
28ea411b354f14b1a494be4e79f0ce02,6,136.67,0.0938,-0.1562,0.0,0.1667,0.3333,0.5,3.17,4.67,0.0,0.5556,216
835f0f7810c76831d6c7d24c7a646d4d,44,116.59,0.1879,0.0,0.0227,0.3095,0.5378,0.7273,4.28,3.34,0.3182,0.6568,202
1996942dc085d7773ba77a529b163cd0,10,294.35,0.0815,-0.537,0.0,0.0,0.3464,0.8,5.7,3.9,0.2,0.66,19
3340ef1913fb70d28420f6ceb685c339,32,210.35,0.1115,18.4907,0.0,0.0938,0.703,0.625,3.24,4.38,0.0625,1.0,284
01fd077212124329bac32490e8ef80d9,31,38.97,0.4763,0.7669,0.0,0.0323,0.4493,0.129,1.12,4.16,0.1613,0.2281,10
1464afc72f696af775557a821c2e253f,29,36.53,0.429,-0.6049,0.0,0.0345,0.5902,0.5172,2.0,4.24,0.1034,0.7222,15
45213867cefbf2cd4c6177e10216a951,14,353.96,0.0875,-0.7624,0.0,0.1429,0.4738,0.7857,5.5,3.86,0.2143,0.5102,327
52562a9f449c3dc3d53f5f5b9ed74903,14,233.33,0.1359,-0.8599,0.0,0.0,0.3499,0.3571,3.43,4.79,0.0,0.4184,142
0ad80de75c811326389cfb1daba7d45e,6,241.57,0.0796,0.6433,0.0,0.0,0.5774,0.5,3.17,5.0,0.0,1.0,241
30a81d8cf85fb2ada1b1b094c9583a95,17,73.26,0.135,0.2929,0.0,0.0,0.399,0.3529,1.58,4.82,0.0,1.0,19
af4a0e4cfe1d9c26b6712b1be25a72e5,21,417.05,0.0678,0.8361,0.0,0.0952,0.5345,0.4286,3.1,3.43,0.381,0.7899,172
0aea4c6ae1505b3228ddf3dd7822ee5b,8,178.49,0.1063,0.3557,0.0,0.25,0.3536,0.875,3.9,3.88,0.125,1.0,126
cb3dd9ce66268c7a3ca7241ac70ab58c,50,57.6,0.2938,-0.0376,0.02,0.0625,0.6356,0.36,2.2,4.17,0.1346,0.926,133
f5403d3f50089112c4eed37928b7f622,2,95.4,0.1698,0.0,0.0,0.0,0.0,0.5,3.0,1.0,1.0,0.5,555
ba6ce6de456f6c11d08c17701ba5c26f,6,124.06,0.1749,-0.4546,0.0,0.1667,0.0,0.3333,1.67,4.17,0.1667,1.0,42
985c92cc412091f8529c12d7f23d3fef,12,114.04,0.174,-0.5674,0.0,0.0833,0.3536,0.8333,3.25,4.75,0.0,1.0,14
f4ce8ca9fa7157e3b33f536ac9a4487d,4,102.4,0.2381,0.0501,0.0,0.0,0.0,0.25,3.25,4.75,0.0,0.5,14
ad97a199236354e53fcd91a5a913e9a2,17,776.82,0.0658,1.9208,0.0,0.125,0.5487,0.7059,5.33,4.53,0.0588,0.3889,42
bb2afe2061d53c6968aa0cffa233a8ec,5,109.88,0.1722,-0.3022,0.0,0.0,0.2,0.6,2.4,4.8,0.0,1.0,44
c847e075301870dd144a116762eaff9a,42,365.45,0.0725,-0.5088,0.0238,0.0976,0.4041,0.4286,3.16,4.17,0.1463,0.4819,236
6f83d9e4da896daae20b9b6b2d3ff8d2,11,69.56,0.2873,-0.6081,0.0,0.0,0.5301,0.7273,4.36,4.36,0.0909,0.7025,34
21c62b998a043ebe31161d38f84929fc,4,187.62,0.121,-0.7071,0.0,0.0,0.5,0.75,3.25,4.5,0.0,1.0,26
7ff588a03c2aeae4fbd23f9ae64b760d,14,84.44,0.1871,3.4508,0.0,0.0,0.6624,0.4286,2.12,4.64,0.0714,1.0,8
65febd49fd28ec955651299159b1f527,35,123.42,0.2272,0.2403,0.0,0.0606,0.3499,0.6,2.97,4.31,0.1143,1.0,12
8fb67a334bacec338885b4e9e1708073,1,59.9,0.6431,0.0,0.0,0.0,0.0,1.0,3.0,5.0,0.0,1.0,50
7c1fea10b5b006671d608b1d7c446ec4,14,30.26,0.5292,-0.7393,0.0,0.0714,0.378,0.3571,2.86,4.0,0.1429,0.6327,82
beadbee30901a7f61d031b6b686095ad,64,68.34,0.2143,-0.5558,0.0,0.25,0.8592,0.4531,2.2,3.91,0.1875,0.7422,12
034b9387752bfa309f350a70cd45ffa3,8,12.0,1.5027,-0.5,0.0,0.0,0.6124,0.0,1.0,4.5,0.0,1.0,12
562f8cfc51f265411f487d07e9c40e7f,13,58.99,0.2599,1.8016,0.0,0.1538,0.5274,0.3077,2.23,4.54,0.0,0.7396,119
df56d7b40d437f88407c5f78b63bc328,22,126.88,0.1649,-0.6409,0.0,0.0455,0.6199,0.5455,2.04,4.09,0.1364,1.0,159
fbc14c0cf93505ef89f64665ffa4a7b5,18,679.32,0.0434,5.5975,0.0,0.0556,0.5443,0.6667,4.94,4.18,0.1176,0.4198,26
a72c2f59332659e361d647515c698798,5,160.58,0.1632,-0.1518,0.0,0.0,0.3464,0.4,2.4,4.8,0.0,0.5556,49
7354220fb240bde543b3c40c060d41e7,7,96.0,0.2457,0.6048,0.0,0.0,0.4738,0.5714,2.67,4.57,0.0,0.551,40
0747d5bb69f0586cc869d8af4c50f93e,14,24.76,0.6027,1.1632,0.0,0.0833,0.7693,0.4286,2.14,3.36,0.3571,0.8756,435
0725b8c0f3f906e58f70cbe76b7c748c,17,128.84,0.3268,-0.7908,0.0,0.375,0.8193,0.2353,2.06,3.5,0.3333,0.2988,27
c2d70ce2c5d0a2eb75e78668236e6dc8,13,190.07,0.0927,8.601,0.0,0.0,0.6057,0.4615,3.31,4.62,0.0,1.0,7
1c5e4e49b9079480255b49d50aac1aa9,12,847.76,0.0874,-0.5008,0.0,0.0,0.2635,0.5,4.17,4.33,0.0833,0.7083,29
3361277dc30b7cccdb0c286b24219756,29,134.66,0.1628,0.2158,0.0,0.069,0.7355,0.4138,2.62,4.34,0.069,0.61,16
04aba03279157f6d4e0fe8ccaf21963c,16,160.99,0.1345,0.3759,0.0,0.0667,0.4507,0.9375,4.56,4.31,0.125,1.0,8
dd7ddc04e1b6c2c614352b383efe2d36,122,75.23,0.3152,1.1433,0.0,0.157,0.5233,0.377,2.08,3.85,0.1901,0.7494,40
048c2757535328e0d7dac690ad3c0aae,51,181.66,0.1388,-0.2998,0.0,0.14,0.4428,0.7255,3.83,4.18,0.16,1.0,13
ade45994b717ccee333492330fbf037b,10,719.6,0.0394,-0.3234,0.0,0.0,0.5657,0.8,4.62,4.5,0.0,1.0,19
51209b446b2073894bdc0face6c73ffc,2,179.8,0.2205,0.0,0.0,0.0,0.0,1.0,4.0,4.0,0.0,1.0,46
cc5a78bbad32776dc4e3af205218368c,33,129.37,0.3055,0.5772,0.0,0.0303,0.4402,0.7273,3.82,4.45,0.0909,0.572,10
5ee7fd217d08dfe5d3e2f51f96a12c9a,9,129.5,0.2314,-0.4318,0.0,0.2222,0.3514,0.4444,2.42,3.44,0.3333,0.6543,13
08084d990eb3f53af056ccbc1730c8a7,12,31.04,0.629,-0.6524,0.0,0.0,0.7728,0.0833,1.33,4.45,0.0,1.0,20
b8555308bfdb4ca1ed54325a58da9a97,26,117.2,0.1913,0.7706,0.0,0.0769,0.4742,0.2692,1.31,4.0,0.1154,1.0,11
ffa6adafb71b807dc13159e26431354c,18,148.33,0.2012,0.1218,0.0,0.0,0.2833,0.6111,2.32,3.78,0.1667,0.2222,21
db46ca7bce82b11f7e247539271fc390,16,58.37,0.2312,-0.7799,0.0,0.0,0.6374,0.5625,2.75,4.56,0.0625,1.0,425
d50d79cb34e38265a8649c383dcffd48,70,185.89,0.1485,-0.0558,0.0,0.0714,0.8609,0.5714,3.41,4.25,0.087,0.4812,24
4e2627090e6e5b9fabba883a37897683,2,99.75,0.3415,-0.75,0.0,0.0,0.0,0.5,3.0,1.0,1.0,1.0,189
aa762680c40618316a896838866140ea,3,87.0,0.2393,-0.5,0.0,0.3333,0.3333,0.3333,1.33,3.33,0.3333,1.0,115
bafc5aa11e413978be29040f51342e70,9,186.62,0.0893,-0.43,0.0,0.1111,0.1111,0.5556,3.67,3.78,0.3333,1.0,221
e250d617a0ad591ba9bd663e584a895d,8,113.02,0.3327,1.6747,0.0,0.0,0.3062,0.625,3.58,3.5,0.375,1.0,13
093805f8f2aeb63881444571e1f48f30,22,55.26,0.2829,0.1128,0.0,0.0455,0.766,0.3182,1.91,4.18,0.1364,1.0,216
9d5a9018aee56acb367ba9c3f05d1d6a,67,153.62,0.1642,-0.8361,0.0,0.0152,0.7329,0.7463,4.17,4.42,0.1194,0.2799,166
ad8ada0ffa993cb1197d102d9ab21a3e,1,599.8,0.094,0.0,0.0,0.0,0.0,0.0,1.0,1.0,1.0,1.0,174
397c4d0c005b6f41f90098ac724e28cb,5,1635.4,0.0545,-0.4571,0.0,0.4,0.2828,1.0,8.2,4.4,0.0,0.28,30
373ee4a3a775a733770ca3f790b8b9ac,13,164.73,0.1356,-0.0454,0.0,0.0769,0.3525,0.2308,1.53,3.93,0.2143,0.2686,118
6bb0724edf0b62fb91ac404873a97241,17,214.88,0.209,1.3178,0.0,0.1765,0.5294,0.4118,3.72,4.47,0.0667,1.0,155
a2deecd5398f5df4987110c80a1972a3,16,51.71,0.353,0.8289,0.125,0.0,0.3644,0.25,1.25,3.71,0.2353,0.8828,10
63a79f5a7eb5cb48a7e5787b141c7993,11,74.1,0.2464,-0.4991,0.0,0.0,0.9045,0.5455,3.36,4.55,0.0,0.8347,49
cfd7ddab722b902f7ac5b5f3ba6d723d,12,282.09,0.1988,-0.3493,0.0,0.0,0.5401,0.6667,3.69,4.75,0.0833,0.2899,32
120476eb7a04c149d14772edaf5d9bf2,4,592.2,0.0637,-0.9372,0.0,0.0,0.5,0.5,3.75,4.25,0.0,0.5,24
6338ea67c41078a46ad99cc009654956,37,61.79,0.4043,-0.5381,0.0,0.0,0.4789,0.4054,2.32,4.6,0.0571,1.0,18
a13580f0e8f782b7a543885a0ef99f08,10,130.49,0.1983,-0.875,0.0,0.2,0.8246,0.7,3.9,4.4,0.0,0.52,119
ac9b01377919cdbd2a1bbb8d5837c70b,1,55.9,0.4211,0.0,0.0,0.0,0.0,1.0,3.0,3.0,0.0,1.0,29
2addf05f476d0637864454e93ba673d5,12,379.33,0.0715,-0.7812,0.0,0.0,0.3333,0.8333,4.67,5.0,0.0,1.0,169
325f3178fb58e2a9778334621eecdbf9,36,27.27,0.4601,-0.3816,0.0,0.0,0.453,0.3611,1.76,4.44,0.0833,0.3318,217
93b9a99027bd8bd6af682aff18dd19bf,20,97.65,0.2392,-0.7714,0.0,0.0,0.5099,0.65,3.15,4.05,0.0526,0.4286,29
293dee954235e4e4e43f129313625ebe,8,222.37,0.1351,10.5221,0.0,0.0,0.8839,0.625,3.62,5.0,0.0,0.5,230
63b464dbf392c7b80d12d932fa7cafed,37,183.27,0.13,-0.8256,0.0,0.0556,0.7257,0.5946,2.84,3.78,0.1892,1.0,218
4e5725ba188db8252977a4f0227bd462,22,87.75,0.1982,1.0432,0.0,0.2857,1.1097,0.2727,1.48,3.41,0.3636,0.8528,101
8def3db7f272735afb2ecd03aeca09a7,2,98.0,0.1716,0.0,0.0,0.0,0.0,0.5,1.5,5.0,0.0,1.0,28
b7e1750c1157341d2abd0251e07c186b,3,53.2,0.382,-0.5013,0.0,0.0,0.0,1.0,3.67,4.33,0.0,0.625,501
10ff823eda2b032e2c93d17a7d294736,9,143.89,0.1271,2.6128,0.1111,0.0,0.294,0.6667,3.35,3.89,0.2222,0.6543,150
17eea220a40cc0d2c0c5346379682398,4,353.75,0.0693,-0.3847,0.0,0.6667,0.5,0.25,2.75,3.75,0.25,1.0,312
8f78f0903005064036736c7173a5c2ed,13,162.59,0.2991,0.0,0.0,0.0769,0.3525,0.8462,5.71,3.77,0.2308,0.6009,36
15cd6eefe58588619aaed41dfa6621b1,16,101.42,0.3489,-0.141,0.0,0.0625,0.6374,0.75,3.35,4.25,0.1875,1.0,114
2aa3443d7bf9d9bb11133f420d75e083,10,64.7,0.2073,0.0,0.0,0.2,0.5477,0.3,1.91,3.0,0.4,0.54,21
b2eecf5ea250510da76590ca79d60e5d,9,117.78,0.1445,0.0,0.0,0.0,0.3514,0.4444,2.9,5.0,0.0,1.0,296
1fe5540d7c1c37a595fefbacd5570d9e,20,226.88,0.1281,0.0,0.0,0.05,0.0,0.55,2.4,4.3,0.05,1.0,18
6219ba2359cfb97f2e38fd4c321eb309,6,81.25,0.2114,1.9038,0.0,0.6,0.3333,0.3333,2.83,3.4,0.4,1.0,66
a0415d9b25ede3c4b1e477e9916ffc03,10,404.41,0.0504,5.6519,0.0,0.0,0.3162,0.7,4.7,3.9,0.2,0.58,237
d94a40fd42351c259927028d163af842,101,136.87,0.2457,-0.335,0.0,0.04,0.5767,0.703,3.88,4.18,0.1111,0.9299,26
23c38debaffe4a25a30fdbd9b586a13f,41,131.27,0.155,-0.6487,0.0,0.1463,0.6471,0.4146,2.27,4.32,0.0244,0.5359,27
c5ebe6598748b0aeaa61cfb820478b92,3,99.0,0.1353,0.8019,0.0,0.0,0.3333,0.6667,2.0,4.67,0.0,1.0,6
d8dd176509baa37f359644d082bf7f7b,2,99.0,0.1611,0.0,0.0,1.0,0.0,0.5,5.5,1.5,1.0,1.0,282
939f6e231201f26803cb5c3a3d2940b3,3,43.53,0.7276,0.0,0.0,0.0,0.0,0.6667,4.33,4.67,0.0,1.0,697
d2f3e277560ed4c6361284429b00f037,7,45.79,0.4184,-0.9465,0.0,0.0,0.4738,0.0,1.0,4.71,0.0,0.5918,330
adcf50477d6a1f5d91bb9d54c4903cb5,19,75.01,0.5604,0.0412,0.0,0.1875,0.337,0.6316,4.11,3.26,0.3158,0.7604,66
d9e8c084b68fe958861d8f2c21202e6b,9,338.89,0.0596,0.5,0.0,0.0,0.3333,0.0,1.0,4.33,0.1111,0.7222,45
d03698c2efd04a549382afa6623e27fb,18,492.53,0.0879,-0.0478,0.0,0.0556,0.4513,0.5556,4.36,4.5,0.0556,0.8277,34
4305fe92735c8a43d154ff6dd2b8d927,19,151.89,0.1484,5.0,0.0,0.0,0.5884,0.7368,3.37,3.95,0.1579,0.8231,9
863d2ebcd347ce4922de7a0f9a5581d6,18,76.8,0.2234,1.0714,0.0,0.1765,0.6236,0.3333,1.79,3.89,0.1667,1.0,21
4aba391bc3b88717ce08eb11e44937b2,29,261.93,0.1105,-0.6357,0.0345,0.1481,0.5592,0.6897,3.63,3.9,0.2069,0.9356,30
c13fb473e7cb8b83ccd543c094df0608,2,27.4,0.5241,-0.4298,0.0,0.0,0.0,0.5,3.0,3.5,0.0,0.5,532
d06d019f72a04e5497a0b64190af170c,17,142.11,0.0933,-0.7649,0.0,0.0588,0.399,0.7059,4.29,4.53,0.0588,1.0,13
3d290fe363c60a77498c1126fd3fb8d3,3,66.33,0.1762,-0.8743,0.0,0.0,0.0,0.3333,1.67,4.33,0.0,1.0,457
f92d8c817434bd2d84d4e9c61322b7fa,5,34.97,0.2904,0.3124,0.0,0.2,0.0,0.0,1.0,4.6,0.0,1.0,39
bdae679a9b282249bc23b9b69dae9a99,6,110.53,0.2847,-0.4831,0.0,0.0,0.3333,0.6667,5.83,3.5,0.3333,0.7222,21
729b2d09b2a0bdab221076327f13d050,49,37.19,0.5195,-0.0974,0.0,0.0833,0.6006,0.3878,1.94,4.49,0.0612,0.5302,13
5b179e9e8cc7ab6fd113a46ca584da81,34,152.16,0.1287,-0.6872,0.0,0.0882,0.5094,0.5882,4.17,3.67,0.2121,0.625,355
e0a366315b1b726b6c7832d664c0f530,43,172.1,0.1007,-0.5523,0.0,0.0465,0.6091,0.6047,4.42,4.3,0.1395,0.7209,18
bbd3acfe6de99892e73940d3fdceaf68,2,34.5,0.3558,0.0,0.0,0.0,0.0,1.0,2.5,3.0,0.5,1.0,13
bf100ecb7997df312b285358fb32f92c,20,99.6,0.1733,-0.9003,0.0,0.0,0.5,0.4,2.0,4.44,0.0,0.4286,211
014c0679dd340a0e338872e7ec85666a,14,504.14,0.089,0.8994,0.0,0.1429,0.4738,0.9286,6.53,3.86,0.1429,0.52,61
cfe94489ddd337d1e29e12f2a7205d10,20,118.8,0.1249,-0.1667,0.0,0.1,0.5431,0.4,1.95,4.3,0.05,1.0,12
7901646fdd36a55f564ffaf2dbccaaf7,22,538.96,0.0524,-0.6421,0.0,0.1364,0.3748,0.7273,4.95,4.5,0.0909,0.5007,11
08d0949a9a17c027262db1f3c450c26c,12,27.07,0.7175,3.4031,0.0,0.0,0.5137,0.5,2.5,3.54,0.3077,1.0,11
8daab2245ebdc277c51098d01c5ad8ef,16,100.29,0.177,-0.4116,0.0,0.0625,0.606,0.75,3.88,4.62,0.0,0.5156,12
df0f42bc4c2142eacf0eaf2cffd0cfbb,14,118.14,0.1768,-0.8,0.0,0.0,0.8018,0.7143,3.21,4.14,0.1429,1.0,50
89c127985a8b130cfa45c1d36764017a,7,202.8,0.085,-0.1054,0.0,0.0,0.3194,0.5714,4.25,3.0,0.5,0.2245,204
c72de06d72748d1a0dfb2125be43ba63,21,834.38,0.0691,0.4687,0.0,0.0,0.2817,0.7619,5.14,4.48,0.0476,0.6901,16
6ba4733aa33f6386e9fb0c0fd3993b38,3,49.93,0.4012,-0.0848,0.0,0.0,0.0,0.3333,2.25,4.67,0.0,0.5556,17
07017df32dc5f2f1d2801e579548d620,8,118.31,0.192,-0.464,0.0,0.0,0.6374,0.5,3.75,4.0,0.25,0.5556,36
c00396cbdd2e088fe4281baa5920aef1,1,832.41,0.0882,0.0,0.0,0.0,0.0,1.0,6.0,5.0,0.0,1.0,152
81336a0f57a33776419727a300249e90,16,85.93,0.2153,-0.8626,0.0,0.2,0.5154,0.5,2.56,3.88,0.1875,0.8116,134
de66a66f2dd06bb9ec37aa96987466a3,7,50.47,0.3274,0.2331,0.0,0.0,0.4041,0.1429,1.14,4.14,0.1429,0.625,576
113e3a788b935f48aad63e1c41dac1bd,39,21.73,0.8103,-0.4489,0.0,0.0513,0.5154,0.4103,1.71,4.32,0.0526,1.0,17
154bdf805377afea75a3bd158e9eab10,1,89.9,0.2205,0.0,0.0,1.0,0.0,0.0,1.0,1.0,1.0,1.0,63
3d0cd21d41671c46f82cd11176bf7277,9,49.76,0.3899,-0.0557,0.0,0.0,0.3514,0.3333,1.34,4.67,0.0,0.3554,28
da7039f29f90ce5b4846ffc0fcc93beb,17,74.06,0.1941,0.4331,0.0,0.0588,0.9948,0.3529,2.88,4.53,0.0588,1.0,16
fadb07c842a2aef5d5a676b85f220e71,7,56.96,0.4304,-0.9353,0.0,0.0,0.5345,0.5714,2.57,4.71,0.0,0.5918,7
66fd84ee7528c0c0de85d0f44a73d5ab,11,130.74,0.3151,1.002,0.0,0.0909,0.6492,0.3636,2.83,3.36,0.2727,0.7551,402
6b536a23086fba0d58c08d68814397f6,19,108.88,0.1784,3.6102,0.0,0.0556,0.8405,0.2105,1.63,3.95,0.2105,0.7732,37
3c4e0452bff7a2a788179488d3d77032,32,117.08,0.1618,-0.3921,0.0,0.0312,0.5303,0.6562,2.88,3.84,0.1935,0.8951,164
f783a638e9c6af4a7d0dbfde811e7a81,5,169.96,0.1802,0.2885,0.0,0.2,0.5657,0.4,1.78,4.0,0.2,0.68,153
27a56ff04b34c2ba34ce6ba4d3b9d616,8,43.66,0.2948,-0.4007,0.0,0.125,0.5,0.375,1.88,4.12,0.125,0.625,325
5160d23075764e18e07c1f4a87fad743,34,71.44,0.2003,-0.914,0.0294,0.0303,0.6127,0.5,3.06,4.38,0.0882,1.0,272
6eeed17989b0ae47c9f11ece6f38ea90,3,185.67,0.2137,-0.6005,0.0,0.0,0.3333,1.0,7.33,3.67,0.3333,1.0,7
f326006815956455b2859abd58fe7e39,9,349.68,0.2116,-0.5137,0.0,0.0,0.3333,0.7778,4.67,4.67,0.0,0.7133,33
d93919c944be9cff128f6c9cb899eacb,33,80.81,0.359,-0.5,0.0,0.1818,0.7417,0.4848,1.88,4.0,0.1818,0.9412,41
343e716476e3748b069f980efbaa294e,17,54.27,0.3383,0.0218,0.0,0.0588,0.348,0.2941,1.76,4.31,0.125,1.0,24
a066df7361163e7ddc5d7452dd17448b,15,71.89,0.247,-0.7153,0.0,0.2,0.5538,0.3333,2.38,4.4,0.1333,1.0,114
ef2fbc2b607d8492bcffe657a4645434,20,48.54,0.3738,1.6036,0.0,0.1053,0.4,0.2,1.5,3.85,0.25,0.4917,8
713e3a23ca5e47786eb6f0d99f94cfac,4,281.5,0.0773,-0.6622,0.0,0.0,0.3536,0.75,2.5,4.75,0.0,1.0,92
c89cf7c468a48af70aada384e722f9e2,14,53.21,0.3034,0.45,0.0,0.0714,0.5533,0.2857,1.53,4.0,0.1538,1.0,28
5debea795b07621e1f90532e18f96145,25,75.35,0.2677,1.0,0.0,0.0,0.4996,0.52,2.08,4.36,0.08,0.9412,19
8bd0e3abda539b9479c4b44a691be1ec,7,85.22,0.417,0.0227,0.0,0.3333,0.0,0.7143,3.71,2.62,0.5,1.0,240
6a0cbc8af2e8abd1bdfb777943d174c6,35,111.26,0.1914,-0.0959,0.0,0.0882,0.7851,0.4857,2.75,4.06,0.1176,0.7976,61
fe1bbc5feda5c8979a8a1b3b2512d5a6,9,80.52,0.1898,-0.8131,0.0,0.1111,0.4157,0.4444,2.6,3.89,0.0,0.82,416
1b1ae47a313a825a7ccceb8e2e30fa9d,11,203.99,0.1099,8.0952,0.0,0.0,0.5301,0.6364,2.54,3.9,0.3,0.3554,119
dd533b429f380718b70ad9922c294bae,41,68.77,0.4083,-0.993,0.0,0.1282,0.7333,0.5122,3.15,3.78,0.1951,0.7689,180
20cb7c2fde3e5bf10f0bbe7394e1c6a9,32,26.93,0.9263,-0.6667,0.0,0.0968,0.559,0.5312,2.85,4.0,0.1562,1.0,13
af7cdac9d9897cddead9c6b08976c642,6,90.59,0.2768,-0.1667,0.0,0.1667,0.5774,0.3333,1.67,3.67,0.1667,1.0,16
1660ad786c27fd935378b6192a90b417,12,130.83,0.1581,1.1923,0.0,0.0833,0.4249,0.5,3.31,4.58,0.0833,1.0,43
edd066cd02126d7800f9b66e980e9931,6,164.62,0.1885,-0.558,0.0,0.1667,0.3333,0.8333,3.33,5.0,0.0,1.0,82
e9c6969d40e6a3d2d0f90013165c2b98,10,524.0,0.0462,-0.3227,0.0,0.0,0.4472,0.7,4.64,4.4,0.1,1.0,92
2bf6a2c1e71bbd29a4ad64e6d3c3629f,30,1687.63,0.0198,0.1016,0.0,0.1,0.3712,0.8333,6.55,4.17,0.1333,0.9376,21
25e47381a6c510ddeb36084e33b89f0c,16,80.6,0.2188,1.9126,0.0,0.0,0.25,0.5625,2.76,4.25,0.0625,0.5848,431
72bc2cce903c872fe376a8faaa81d237,17,126.42,0.119,5.4862,0.0,0.0,0.9245,0.3529,2.29,4.65,0.0588,0.5247,13
e627629ba868740e287800f1a9be81c2,13,38.81,0.2756,6.3166,0.1538,0.0,0.5217,0.3846,2.08,4.46,0.0769,0.4556,417
5f26c1408a65b42a7224cd463bdf3292,10,113.98,0.1906,3.0648,0.0,0.0,0.6164,0.7,2.9,4.8,0.0,0.68,8
4fae87d32467e18eb46e4a76a0a0b9ce,1,100.9,0.1972,0.0,0.0,0.0,0.0,1.0,2.0,5.0,0.0,1.0,17
df91910b6a03bb2e3358fa6a35e32f6f,14,165.15,0.1708,0.54,0.0,0.0,0.6145,0.7857,4.27,4.36,0.0714,1.0,20
431050a06a317f2b38168dec3dcd2b46,12,123.98,0.1567,-0.6814,0.0,0.0,0.5652,0.9167,4.0,4.25,0.0833,0.8472,28
8f119a0aee85c0c8fc534629734e94fd,77,48.49,0.2927,-0.7917,0.013,0.0533,0.6649,0.4935,2.65,4.25,0.0909,0.3851,24
a2e874074c877c5a05abae80ad6e488f,44,183.45,0.149,1.2298,0.0227,0.05,0.7469,0.5455,3.45,3.95,0.1591,0.7259,8
d1b9d4be4b6f9ebd85f8acd6745ba612,11,104.94,0.1682,0.398,0.0,0.0,0.5062,0.4545,2.82,4.18,0.0909,1.0,13
916c9de0b5ad957346eeeb12f332687e,23,238.27,0.0901,1.0068,0.0435,0.0,0.675,0.7391,4.17,4.57,0.0435,1.0,40
ccf8813e5a7d6c84d865cd38bfc2b130,26,101.37,0.1578,-0.1675,0.0,0.0769,0.6482,0.6538,2.93,4.38,0.1154,0.926,11
a9ae440659f48b7849df83e82734150b,1,285.0,0.0948,0.0,0.0,0.0,0.0,1.0,6.0,5.0,0.0,1.0,325
271c58a1d139c45eaf3316107c6d3a3b,29,134.4,0.1722,0.673,0.0,0.0741,0.4181,0.7241,3.41,4.07,0.1724,1.0,20
86bf77bdb52e615674772d5817c6212f,4,70.45,0.3463,9.7417,0.0,0.0,0.5,0.5,2.5,4.75,0.0,0.52,34
8090490573c6c0aa343a7231ebcb8c86,26,148.89,0.1103,-0.5278,0.0,0.0769,0.6923,0.5385,3.19,4.19,0.1154,0.3521,18
5f2684dab12e59f83bef73ae57724e45,68,132.37,0.1247,0.911,0.0147,0.0597,1.2798,0.6029,3.43,3.81,0.2353,0.7988,5
b4a476fbd28de64b1e347abf9089366a,33,173.46,0.1768,-0.9614,0.0,0.1,1.0205,0.6667,3.76,3.84,0.1875,0.8989,69
f214d28e8d8e3ef068748498ccc2f813,54,40.97,0.3657,1.3001,0.0,0.0769,0.5172,0.3148,1.71,4.15,0.1321,0.5346,15
0691148aee60ca47977c187804f935ae,47,124.86,0.2541,4.019,0.0,0.0213,0.6596,0.4681,2.88,4.19,0.1458,0.5906,7
6e864f5c4669eff3d98140a07cc50202,13,56.97,0.2589,2.6006,0.0,0.0769,0.6057,0.6154,2.31,4.46,0.0769,0.3491,96
9c4d31c7e46ab03a43fc06e3142afd4e,2,609.45,0.036,0.0,0.0,0.0,0.0,0.5,1.5,4.5,0.0,1.0,14
ffc470761de7d0232558ba5e786e57b7,28,58.89,0.2657,3.1455,0.0,0.037,0.4226,0.25,1.5,4.44,0.037,0.2112,17
bd4431c1a8dfa744b59e1e2a8bc99b9e,7,115.64,0.2521,-0.0262,0.0,0.0,0.202,0.5714,2.86,4.57,0.0,1.0,20
d25aa0aaacb370e912f8cf6efeba38b3,17,156.38,0.2688,-0.3385,0.0,0.0588,0.3168,0.5882,4.39,4.47,0.0588,0.8277,20
2c3d56f92f360fb89d849b84e8f50eae,8,58.2,0.2681,2.2988,0.125,0.2857,0.3062,0.375,1.73,3.12,0.5,0.3438,164
f7496d659ca9fdaf323c0aae84176632,26,195.68,0.1661,0.029,0.0,0.08,0.5705,0.5,3.0,4.58,0.0769,0.4102,18
e2a1ac9bf33e5549a2a4f834e70df2f8,5,2999.89,0.0134,0.0,0.0,0.0,0.5657,0.6,6.4,4.8,0.0,1.0,424
c60b801f2d52c7f7f91de00870882a75,41,314.96,0.0573,-0.4037,0.0,0.2051,0.4823,0.6829,4.35,3.32,0.3171,0.5931,13
5c6d4016c2a288f074fa0848a2b653d2,32,98.72,0.1628,3.8446,0.0,0.0968,0.7856,0.5312,2.82,4.06,0.1562,0.36,14
9b1ab052f5fca308ba743ac789ebb2e1,2,147.05,0.1088,-0.0927,0.0,0.0,0.0,0.5,3.5,4.0,0.0,0.5,484
c1552b1dab6e6f760950368ae61fb600,2,26.9,0.2768,0.0,0.0,0.0,0.0,0.0,1.0,2.5,0.5,1.0,9
cc1f04647be106ba74e62b21f358af25,1,11.9,0.6966,0.0,0.0,0.0,0.0,0.0,1.0,1.0,1.0,1.0,73
e9874ae10b2d60d43917b6bbfa13a599,1,199.0,0.1161,0.0,0.0,0.0,0.0,1.0,4.0,5.0,0.0,1.0,138
51f108f62cb87d61918159902c8f8583,3,101.24,0.247,-0.8574,0.0,0.0,0.3333,0.3333,1.67,4.33,0.0,1.0,15
c5f7e746b7e6d07def6c0dae9903279b,10,142.9,0.1609,0.5082,0.0,0.0,0.4472,0.5,3.2,4.4,0.0,1.0,12
b74d1c09cb380e1d03a6f859c6f4224b,31,71.66,0.3743,0.2767,0.0,0.1333,0.835,0.4839,2.03,4.26,0.0968,0.2755,25
5acd070dd3fe441bbb2ec1f1ede515ee,7,109.17,0.1599,0.8406,0.0,0.4286,0.4738,0.1429,1.29,3.0,0.4286,0.5312,190
a3f0b55de503387383c7b1de3ad7f678,24,181.18,0.2827,0.2097,0.0,0.0417,0.8375,0.7917,3.56,4.42,0.0417,0.503,105
160e4f13fd3a64b1b86807be88b5ffb0,4,221.5,0.1066,-0.5,0.0,0.0,0.3536,1.0,7.25,4.25,0.25,0.625,202
75fbb52eda0cbc24f479d3b2fbfa8d3e,40,28.27,0.8342,5.2083,0.025,0.0526,0.6344,0.275,1.55,4.36,0.1026,1.0,79
6b90f847357d8981edd79a1eb1bf0acb,45,73.82,0.222,-0.2347,0.0,0.0444,0.144,0.4889,2.15,4.37,0.0652,0.2196,5
da6a60cc8cc724fe51be021ff8be779c,12,60.73,0.351,0.0038,0.0,0.0,0.527,0.5833,2.67,4.75,0.0,0.645,17
f5f2ab9bdb6b30c14c61be68c5ed37da,18,118.59,0.1592,0.5243,0.0,0.1111,0.4082,0.7222,4.06,4.28,0.1111,0.7963,273
b1204cfda1d4948679db3cfc0d3cb95c,7,414.81,0.0601,-0.7651,0.0,0.0,0.3194,0.1429,1.43,4.0,0.2857,0.3719,40
750303a20e9c56b2a6bc45cdce0b897d,54,149.72,0.162,1.7222,0.0,0.0377,0.5329,0.5926,2.63,4.24,0.1111,0.361,10
5b33b527da3c5b969cc99dc435cad09a,16,117.05,0.1952,-0.3684,0.0,0.0625,0.8292,0.625,3.38,4.12,0.125,0.5986,23
f4c4daa86e30c7e5a553a8d518ac03a5,20,315.1,0.0586,-0.6127,0.05,0.0556,0.5292,0.85,5.33,3.7,0.25,0.595,280
05ff92fedb5be47920fea08e501238b9,59,372.76,0.0825,2.9324,0.0,0.0526,0.5418,0.5763,3.77,4.2,0.0656,0.3824,27
b1ac6ea7895bc3dd6f0f6f4abbdd2821,40,78.47,0.2629,1.0,0.0,0.0,0.6452,0.4,2.15,4.35,0.075,1.0,231
8cc6a0e5738e61a87b03c78b2ba9db4b,24,554.68,0.0395,-0.1419,0.0,0.087,0.3536,0.8333,5.92,4.33,0.0833,0.1982,493
2bf28e311bba65237358230cabac3f15,7,42.0,0.6254,-0.3929,0.0,0.2857,0.4738,0.5714,2.29,3.71,0.2857,0.4688,22
9c068d10aca38e85c50202e17b4a7e88,17,156.41,0.1692,-0.3845,0.0,0.1765,0.5912,0.6471,4.53,4.12,0.1875,1.0,35
d5b9a084373da994a6e37f732169a853,7,252.71,0.0997,-0.5,0.0,0.2857,0.4738,0.7143,5.71,3.57,0.2857,1.0,119
5b2e94f2c22b39ccc24d34ad0f669672,10,94.98,0.411,-0.1304,0.0,0.1,0.6633,0.4,2.6,4.9,0.0,1.0,27
e8f6dc8e6a1dcde89d20e3995c8d90b3,36,62.68,0.9093,7.906,0.0,0.0857,0.6667,0.5556,2.89,3.92,0.1667,0.3698,277
70bf57d811208f8923b41bbd499a67a4,7,111.54,0.1139,4.0503,0.0,0.0,0.8081,0.7143,3.86,4.14,0.1429,0.7551,7
2c4c47cb51acd5ea5db5e0ae0e26542a,12,214.66,0.1326,-0.157,0.0,0.0,0.3536,0.5,2.75,4.67,0.0,1.0,36
455befea1bb853c75ccbca94cff26e5c,1,19.99,1.1036,0.0,0.0,0.0,0.0,0.0,1.0,3.0,0.0,1.0,88
b1fecf4da1fa2689bccffa0121953643,19,193.14,0.1082,0.2191,0.0,0.0,0.5103,0.6842,3.03,4.95,0.0,1.0,464
fce62094ffe6a4009188ec44e681dfdd,4,742.43,0.1626,1.2241,0.0,0.25,0.0,0.25,2.75,4.0,0.25,0.5702,186
f918546be4bec7104d117789ba758b2b,20,74.15,0.2341,-0.4749,0.0,0.2,0.5099,0.6,2.95,3.85,0.2,1.0,69
5e9f5bd34e0830569f05c9d4f56e04a8,2,119.99,0.1453,0.0,0.0,0.0,0.0,1.0,4.5,4.5,0.0,1.0,51
b566ab0ef88016e00422755e305103c6,5,241.6,0.1823,-0.5789,0.0,0.2,0.3464,0.8,3.8,3.2,0.4,0.36,42
bf00385a5f7fc1ef39a13c2e9ee50a5f,29,30.01,0.3938,-0.0016,0.0,0.0,0.1034,0.2069,1.55,4.31,0.1034,0.1986,7
50770d25768b0486d89be26afca3108f,6,28.63,0.443,0.4314,0.0,0.1667,0.3333,0.3333,1.33,4.0,0.1667,1.0,47
8fbe2ee446b97e128471be4ce983dc0d,3,49.5,0.2694,-0.5202,0.0,0.3333,0.0,0.3333,2.0,3.0,0.6667,1.0,33
ba8e85df286308fe68a2ce83a8f8b2d6,1,80.9,0.2072,0.0,0.0,0.0,0.0,1.0,4.0,5.0,0.0,1.0,83
2199e7fe213c16213bf5d6a7eadc9a5d,25,163.13,0.1396,0.0,0.0,0.0417,0.4733,0.36,2.78,4.24,0.12,0.2029,14
1d139e3a3b14025640d8df1b230aace0,2,18.25,0.9507,2.8783,0.0,0.0,0.0,1.0,2.0,3.5,0.0,1.0,288
f3c38ab652836d21de61fb8314b69182,15,105.4,0.1566,-0.9195,0.0,0.0667,0.4714,0.4,2.53,4.27,0.0667,0.3422,28
8a130737016f838139d31878787a39c9,56,75.39,0.1995,1.6626,0.0,0.0714,0.4165,0.4464,1.79,4.45,0.0536,0.7752,45
37303482a42fb700d8d127e70a9cd6c8,2,74.44,0.1511,0.0,0.0,0.0,0.0,0.5,3.5,3.0,0.5,1.0,263
184a67a8f9f63234d3a92340bbdb727f,8,33.58,0.7755,-0.572,0.0,0.0,0.3536,0.5,2.25,3.78,0.2222,1.0,299
1e483cc5c76fef08d3ca05f9a8af7d01,10,17.2,0.7156,0.4408,0.0,0.0,0.6633,0.0,1.0,4.1,0.1,0.5702,473
cfa5ab0e4d3fc212fd0b3410e7081c62,16,386.3,0.1681,0.1291,0.0625,0.0,0.559,0.875,4.71,3.69,0.25,0.2426,14
71271995e85f5b8530be99ed54a91b89,8,97.0,0.1557,-0.5,0.125,0.1667,0.3062,0.5,2.75,2.5,0.5,1.0,54
ed9eef5be0992d413d251fadba1a410d,3,134.7,0.3545,0.3333,0.0,0.0,0.0,0.6667,3.33,4.67,0.0,1.0,535
4c60877808f4318ef1107fbeb8f89afa,2,59.0,0.2765,0.4583,0.0,0.0,0.0,0.5,3.5,4.0,0.0,1.0,230
75fdd0a732287f9497b179f6bd445d32,1,59.9,0.2701,0.0,0.0,0.0,0.0,0.0,1.0,5.0,0.0,1.0,349
67225bff54a172ff67579aaf583efd78,8,154.75,0.1253,-0.9132,0.0,0.125,0.5,0.75,3.75,4.5,0.0,1.0,212
cb5df0dcb9e280b1780e9d589889f2c7,16,183.42,0.2571,-0.7742,0.0,0.1818,0.6374,0.5625,3.53,2.6,0.5333,0.3075,446
ecccfa2bb93b34a3bf033cc5d1dcdc69,15,89.24,0.1963,7.9181,0.0667,0.1667,0.8667,0.4286,2.19,2.57,0.5,1.0,693
d71d863e5ef30d94e440c11be17dcd8f,29,410.38,0.0634,29.8391,0.0,0.1304,0.5275,0.7241,4.55,2.96,0.4615,0.2747,107
c1ed9e3daf6154542826a6996af0fb8c,9,107.92,0.3391,0.5415,0.1111,0.125,0.3514,0.2222,1.56,3.89,0.2222,1.0,185
e3dd723429d1b23614b7fa85e2c7a853,7,67.29,0.2687,-0.7692,0.0,0.2857,0.4738,0.5714,2.57,3.71,0.1429,0.625,87
5f5b43b2bffa8656e4bc6efeb13cc649,27,136.19,0.1511,-0.8504,0.0,0.037,1.1167,0.4444,2.52,4.41,0.0741,0.8074,77
b0f2a6122a90a93eb03e68653dd960e3,6,270.05,0.0852,-0.8262,0.0,0.0,0.3333,0.6667,3.83,4.83,0.0,0.5102,26
14d7985702e72162bbf13b6beb74ab2b,37,105.05,0.1425,3.2319,0.0,0.1351,0.5512,0.3784,2.27,4.32,0.0811,1.0,17
60da8bfa7eebe230b7d66ac4082d79b3,3,28.87,0.4465,0.0,0.0,0.3333,0.0,0.0,1.0,4.33,0.0,0.5556,16
7fe21dd00d2f4943ae09525efa2fd674,4,74.9,0.1915,0.4438,0.0,0.0,0.3536,0.5,2.25,3.0,0.5,0.625,393
e7f3bf1ecd8526eb7f3b18059e6716e5,18,81.75,0.1877,0.084,0.0556,0.0,0.7698,0.6111,3.05,4.56,0.0556,0.4737,343
1336efc61c316ddf92c899eb817f7cae,74,65.37,0.3138,-0.381,0.0,0.0946,0.5128,0.5541,2.76,4.0,0.1486,0.3503,18
7d7d2b7a51328016102d4528c411d630,7,131.26,0.196,0.0219,0.0,0.1429,0.202,0.5714,4.0,4.14,0.1429,0.5102,16
712efd3b68f9686dc856b84abd0f21ae,1,139.0,0.1235,0.0,0.0,0.0,0.0,1.0,3.0,4.0,0.0,1.0,35
808d4348b916efa08e766ebad39f61eb,21,34.81,0.3882,-0.1926,0.0,0.05,0.0476,0.1429,1.18,4.43,0.0952,1.0,12
b127efdabeffb5d559349c7b172eb75d,10,30.85,0.3655,2.625,0.0,0.1,0.5477,0.4,2.58,4.8,0.0,1.0,474
73b8eb4a9a729d4019b24ed1be748cbf,8,86.55,0.1525,0.1927,0.125,0.0,0.1768,0.625,2.38,4.38,0.125,0.625,27
8ff38bc3969e67c36c48343a07090f66,2,1736.0,0.1116,0.0,0.0,0.0,0.0,1.0,8.33,2.5,0.5,1.0,339
ffdd9f82b9a447f6f8d4b91554cc7dd3,18,116.73,0.3462,0.0143,0.0,0.0,0.5386,0.6111,3.89,4.33,0.1111,0.745,15
112453736dbe3889cfb74e1aaa0ba0c1,7,270.0,0.1401,-0.625,0.0,0.0,0.5345,0.7143,4.57,4.14,0.1429,0.7551,16
a5dd1946fb63ada8bcaa0c9cd8f11e22,6,36.6,0.9412,1.5002,0.0,0.0,0.3333,0.3333,1.67,3.83,0.1667,0.5102,176
ead2bab70821ea148476ae9bc08548ac,9,45.79,0.282,0.0159,0.0,0.0,0.5443,0.6667,2.0,4.3,0.1,1.0,33
a9b533a26e898b12e8b8d4c07279bf4d,4,29.9,0.5975,-0.5,0.0,0.0,0.3536,0.0,1.0,5.0,0.0,1.0,269
a5bff0f43eb51f0cad7c37fac7244c8a,4,111.25,0.2163,0.0,0.0,0.0,0.0,0.0,1.0,4.75,0.0,1.0,341
ccb83a794700270fde70898fe9ff368b,12,921.83,0.1558,-0.6667,0.0,0.1667,0.7638,0.5,4.18,4.33,0.0833,1.0,393
5b35136197710e16ac5e7b7c2bd4ea85,7,443.46,0.0793,-0.6991,0.0,0.2857,0.3194,0.8571,5.38,2.57,0.5714,1.0,156
87d30a6a0cbf89356e49324971ab1d24,17,125.54,0.1011,-0.6252,0.0,0.0588,0.5327,0.2941,1.82,4.35,0.1176,1.0,75
0bfd0b434243adc5c2e1aa6baf19c6aa,6,61.87,0.1772,-0.559,0.0,0.0,0.5774,0.5,2.5,3.67,0.1667,0.2222,212
57c764b4a836300be881e2ff86e449f9,29,41.76,0.3882,1.0101,0.0,0.1429,0.5309,0.2414,1.3,4.14,0.1429,0.6111,12
c6218512d16fcac0af02fe92691cf274,8,84.25,0.2888,-0.6875,0.0,0.125,0.6374,1.0,6.38,4.11,0.1111,0.625,458
f114dca2828bf718548db175ebe2cfcd,1,139.0,0.1006,0.0,0.0,0.0,0.0,1.0,2.0,1.0,1.0,1.0,240
5b51032eddd242adc84c38acab88f23d,12,273.33,0.082,-0.0103,0.0,0.0,0.6009,0.9167,6.0,4.0,0.0833,0.5408,79
d6ab728cf30867cf3f1a2e216ae2f9b7,12,166.83,0.1158,3.6742,0.0,0.0,0.5,0.3333,2.33,4.42,0.0833,0.8673,13
270d3ef21830ad0ecf3a6c53d08a533a,6,84.83,0.461,-0.7239,0.0,0.0,0.3333,0.6667,2.83,2.33,0.5,1.0,128
2709af9587499e95e803a6498a5a56e9,26,49.21,0.4529,-0.8485,0.0,0.12,0.5547,0.4615,2.59,3.84,0.24,0.665,8
ffeee66ac5d5a62fe688b9d26f83f534,14,131.42,0.2281,-0.6286,0.0,0.1429,0.5345,0.2857,2.57,4.21,0.1429,1.0,112
eddd1991bd6d9309995a480c39b95137,3,288.67,0.1529,1.2679,0.3333,0.0,0.3333,0.6667,3.8,2.67,0.3333,1.0,301
e1b12447a7563944843191754aeb5562,9,52.5,0.2681,-0.6109,0.0,0.2222,0.7286,0.6667,3.22,4.44,0.1111,0.36,241
1caf283236cd69af44cbc09a0a1e7d32,33,27.81,0.6677,-0.0206,0.0,0.0909,0.6728,0.1515,1.35,4.61,0.0606,0.5047,39
39c763cca83e654764b7a4a650fb9b7c,11,69.18,0.2933,0.725,0.0,0.1818,0.4896,0.3636,2.36,3.82,0.2727,0.8347,38
0eaa7e33d73809f1f925f7d07c506cbd,15,103.47,0.1256,4.2,0.0,0.0,0.4714,0.4667,2.67,4.71,0.0714,0.8756,7
39d61be7a92eb77b7da367bd4845bc0e,7,100.08,0.2984,-0.3333,0.0,0.0,0.3499,0.1429,1.14,4.0,0.1429,1.0,27
b87a7ea0c30fad2dd6781b74a0064859,9,57.27,0.2374,0.0,0.0,0.3333,0.7286,0.5556,3.56,3.44,0.3333,1.0,63
d32e3909cfb714fb2a6cb092c85b9c5f,10,282.79,0.0888,-0.7935,0.0,0.3,0.4472,0.6,2.62,3.5,0.3,0.4876,131
52956b80ae65fda598f06f6b9943e7a9,3,264.0,0.0844,0.0,0.0,0.3333,0.0,1.0,7.0,4.0,0.0,1.0,95
35fb511489d9ee3ee27a76debce9df06,7,59.21,0.4157,-0.4068,0.0,0.1429,0.3194,0.4286,2.14,3.57,0.1429,1.0,147
67e43d802fde8cfd3f9580124f8167d1,2,18.0,1.1767,0.0,0.5,0.0,0.0,0.0,1.0,1.0,1.0,1.0,560
820cc752a266cdc6c1a1e61dd4583330,15,186.85,0.0985,-0.65,0.0,0.1333,0.4714,0.5333,3.33,4.13,0.0667,0.6622,129
6861de0f40cacb0602e473c51639f980,5,134.8,0.4091,-0.5,0.0,0.2,0.3464,0.2,2.4,3.6,0.2,1.0,61
8185694b58b2ba6de20fd41ae608bbea,8,171.54,0.1678,1.1594,0.0,0.0,0.3536,0.625,3.0,4.5,0.0,0.625,23
dc64d75cc406bb0697be983831430e60,4,203.25,0.1138,1.1692,0.0,0.0,0.3536,0.5,3.75,4.75,0.0,1.0,18
bdf0d02d36a1d839d0c39c4a887cdd49,5,24.0,0.7996,-0.2857,0.0,0.0,0.6,0.4,2.2,5.0,0.0,1.0,211
3a3e46d10f74d8a6ca76e2b538f106a0,3,111.63,0.2242,-0.8654,0.3333,0.5,0.0,0.3333,2.0,3.33,0.3333,1.0,35
eebb3372362aa9a46975164bed19a7e7,7,84.56,0.2017,1.5,0.1429,0.5,0.5345,0.8571,3.43,2.5,0.5,1.0,468
e439f7176d763f92de325271111b2fd5,7,192.63,0.1747,0.0,0.1429,0.0,0.8081,0.4286,1.57,5.0,0.0,1.0,33
f6122bc84774df1b372bdb3bb88ddb9f,3,1599.96,0.0155,-0.0572,0.0,0.3333,0.0,0.6667,5.33,3.67,0.3333,1.0,168
bba3293d6f5d5af2f415e004e8b93ae3,17,688.36,0.0279,-0.5716,0.0,0.0588,0.6169,0.7647,5.82,4.29,0.1176,0.8893,73
6806dad1da97bfb5a9038eac6881f706,10,147.7,0.2074,0.6667,0.0,0.1,0.4472,0.6,2.91,3.91,0.1818,0.3367,12
a37c340b91cb0169e8b029db6440fba2,5,69.0,0.2752,-0.6667,0.0,0.0,0.5657,0.2,2.0,4.8,0.0,1.0,354
cb41bfbcbda0aea354a834ab222f9a59,12,333.5,0.2216,-0.4987,0.0,0.3636,0.8079,0.9167,6.75,3.33,0.3333,1.0,59
efff9341f3f8f5237b44ff67ed36a7bf,5,174.6,0.1142,-0.1544,0.0,0.0,0.2,0.4,1.6,4.4,0.0,0.44,19
845e8036c3f7bf62099352f5ed910240,21,75.46,0.2907,0.5403,0.0,0.0,0.545,0.619,2.23,3.95,0.2381,0.6701,10
ddd51ae8cda92f3995a51fc0f0f3eec7,8,105.34,0.3286,-0.6571,0.0,0.0,0.75,0.375,3.0,4.62,0.0,1.0,230
c8467937e403e76a8ee9f0ab13f6f5ef,30,61.79,0.3177,-0.5422,0.0,0.1333,0.5925,0.3,1.77,4.07,0.1429,1.0,21
22c32ec35d0116ef02c281798a25bf8b,4,29.89,0.7562,4.6433,0.0,0.0,0.5,0.0,1.0,3.75,0.0,0.5556,193
17306570e772e7718c92a562d33f5f1d,29,333.44,0.0963,-0.6713,0.0,0.0741,0.7282,0.6897,5.13,3.62,0.2414,0.6582,138
c4f7fee5b0db50e87766f5a4d1b1b758,8,1495.23,0.0478,2.3308,0.375,0.0,0.25,0.75,3.44,2.88,0.5,0.3827,53
fcf16b7a8697e559f0123190bb30177d,3,350.93,0.4747,-0.6667,0.0,0.6667,0.0,1.0,8.33,3.33,0.3333,1.0,21
226b05fe067266c59c15dae208213d06,10,105.69,0.1785,-0.86,0.0,0.0,0.6,0.5,2.0,4.5,0.1,0.8347,144
a23266650e7c84bb93fbbba502137478,11,137.49,0.1845,-0.3429,0.0,0.0,0.3402,0.3636,3.0,3.82,0.1818,0.2422,248
c12b92bf1c350f3e6bf88d3596219c86,17,282.87,0.0923,-0.6925,0.0,0.0588,0.8214,0.8824,5.0,3.88,0.2353,0.2941,21
aa1eb17b9fdf6dfd546e25c45c7b9235,3,39.33,0.3074,-0.5,0.0,0.0,0.0,0.0,1.0,4.67,0.0,1.0,131
6902157ee16728322d61a1321fa79e58,2,79.9,0.1979,0.0,0.0,0.0,0.0,0.0,1.0,3.0,0.5,1.0,331
1b8b75e227c9a9c100d0c210fb6176ce,19,100.78,0.1466,1.5909,0.0526,0.0667,0.337,0.6316,3.4,3.37,0.3684,0.6122,277
d4f117125b59ce73c3302f88ee40c458,17,46.08,0.2749,-0.2018,0.0,0.0,0.5823,0.5882,1.84,4.82,0.0,1.0,22
cac876b37d3abcd6bd76caca30277996,27,82.58,0.3269,1.083,0.0,0.037,0.2128,0.6667,3.14,4.46,0.0385,0.4692,39
c447f8dd3ed213f291d65ef074a268eb,7,93.57,0.1866,-0.871,0.0,0.0,0.4738,0.2857,2.0,3.71,0.2857,0.625,441
6750d71153f00fc58829af2a8ef1bcf1,6,585.67,0.032,0.6061,0.0,0.0,0.0,0.8333,4.43,4.29,0.1429,1.0,391
1c40343cc5d18c2d8248ac2f3366de34,21,117.21,0.1536,4.2093,0.0,0.0952,0.665,0.7619,3.86,4.62,0.0,0.3058,14
508808d438fe2ff972ed13bb8f4a82e2,10,29.48,0.416,0.0,0.1,0.0,0.0,0.4,2.5,4.3,0.1,0.2066,7
78ef7e885d17f35e2382a47aae8b8cce,3,129.33,0.1687,5.6333,0.0,0.0,0.0,0.3333,3.67,4.67,0.0,1.0,402
bbaff50f3b708fda865918715276cd87,12,37.48,0.4493,1.8261,0.0,0.1667,0.3333,0.4167,2.31,4.75,0.0,1.0,28
5f67c6082caacb26e431a7b17940cece,13,127.89,0.1254,-0.4373,0.0,0.3077,1.0292,0.3846,2.15,3.54,0.2308,1.0,28
b9ca8e8baa5d4aa038394a700f63e69f,14,92.13,0.301,-0.3582,0.0,0.0714,0.2673,0.5,2.57,4.21,0.0714,0.5612,6
9df5750209b83567ec144eb299d7d634,11,447.0,0.0527,0.0,0.0,0.0909,0.5062,0.4545,3.91,4.0,0.1818,0.686,45
b8578d2d823bd8e251f6fdd02b40902d,9,139.51,0.1943,-0.9206,0.0,0.0,0.3685,0.7778,2.67,4.44,0.1111,1.0,46
42ef3192a9ff87a22d1867b74b3ee205,23,58.87,0.2229,0.206,0.0,0.0,0.6025,0.3043,1.5,4.65,0.0435,0.569,32
1b8356dabde1d35e17cef975c3f82730,56,61.19,0.2881,-0.3402,0.0,0.0182,0.4165,0.4286,2.18,4.16,0.1071,0.3426,294
5f7300535881cef3b625fd683cf7d145,10,66.6,0.2565,0.135,0.0,0.0,0.3162,0.7,2.75,4.4,0.1,0.7025,43
822bad9bc42b51213ba522fe87b7ab5d,18,286.67,0.1022,-0.8837,0.0,0.2778,0.6186,0.6111,4.37,4.11,0.1111,0.6235,86
f0837c8d71434931d9e38e7b79234797,22,156.68,0.1748,-0.0047,0.0,0.0455,0.265,0.6818,3.83,4.61,0.0,1.0,20
749e7cdabbaf72f16677859e27874ba5,1,41.9,0.4735,0.0,0.0,0.0,0.0,1.0,3.0,1.0,1.0,1.0,365
fad44952713764836814be105382aee5,32,160.28,0.099,-0.1,0.0,0.0312,0.283,0.5312,3.47,4.28,0.0625,1.0,20
9140bd1d9de28b197dce077bdd687438,6,209.81,0.1462,-0.9466,0.0,0.0,0.5774,0.5,2.08,4.17,0.0,1.0,24
9d5604a1f112324ad6b2aa552122e0fb,13,32.42,0.8078,-0.7872,0.0,0.0,0.4485,0.3077,1.85,3.54,0.3077,1.0,15
800214c63934acd05d47e84214db8ba8,4,64.9,0.2378,-0.4615,0.0,0.0,0.3536,0.0,1.0,5.0,0.0,0.625,476
74c7dec0a384d8a05950e629bd23bde9,5,37.54,0.3261,-0.8181,0.0,0.0,0.2828,0.0,1.0,3.6,0.4,0.52,337
7139dc5186aa238b006e066d8fbab2e4,22,77.82,0.313,-0.8525,0.0,0.1364,0.6232,0.4091,2.45,4.0,0.1905,0.4618,32
89ad3263c0931c47f976d7c5778e60f6,6,94.7,0.2315,0.456,0.0,0.0,0.3333,0.6667,3.33,4.17,0.1667,1.0,37
5b67882648febfb6e1225e6ad7164f6b,27,252.35,0.0908,0.1013,0.0,0.037,0.4801,0.4444,2.7,4.0,0.1481,0.8756,24
9198786624eaeb375793215cad26cfa6,9,100.92,0.2313,2.08,0.0,0.0,0.5774,0.2222,1.44,3.78,0.3333,0.38,133
05a940b4ecae36cadfd8e93bd9c43257,10,95.2,0.2069,-0.9137,0.0,0.0,0.4472,0.4,2.0,3.9,0.2,0.42,196
099095b050cfe8eb1ddff5317587e96e,17,305.52,0.1377,0.5927,0.0,0.1875,0.8256,0.6471,4.06,3.24,0.4118,0.255,21
83645b1645cdee8953ee54c29ceed564,14,69.92,0.2719,0.5146,0.0,0.0,0.378,0.7143,2.79,4.43,0.0,0.4592,30
78744a20ee2f80ba64f6804c25def2b8,6,452.5,0.1303,3.1583,0.0,0.1667,0.3333,0.8333,4.83,4.17,0.1667,1.0,15
76623fde66e6b63b59440fd34160512d,3,21.8,0.3569,3.9167,0.0,0.0,0.0,0.6667,2.33,4.0,0.0,1.0,238
2d42ebcda99fd55f6f4bc2f1ca035d50,10,92.15,0.3065,-0.7292,0.0,0.0,0.3742,0.4,1.69,4.3,0.1,0.7025,26
52f976b17ea7f2f087f56dcc419328f6,6,1271.67,0.1131,2.2269,0.0,0.0,0.5774,1.0,8.0,3.67,0.3333,1.0,42
cf654707ed6a99f112c7ec3d6f314b8b,3,252.0,0.0444,0.0,0.0,0.0,0.0,0.6667,5.67,4.67,0.0,1.0,20
8cb7c5ddf41f4d506eba76e9a4702a25,2,69.0,0.3215,0.0,0.0,0.0,0.0,0.5,1.5,3.0,0.5,1.0,136
bd697db56ff8e7c9cd1abeb7f72029b2,22,139.54,0.1125,-0.6964,0.0,0.0,0.6618,0.5455,2.03,4.18,0.1364,1.0,24
a414555ce331b8c8aea4a9cb8395194d,7,207.28,0.1672,-0.5,0.0,0.0,0.5345,0.5714,3.29,3.33,0.3333,0.4062,122
fe49ee029e61e789a1f3a5525f57ba8d,17,148.68,0.089,0.0963,0.0588,0.0625,0.5455,0.6471,2.0,4.06,0.1765,0.3287,161
7813ea3ebd9411dc600b4dd01f7a97b9,9,177.71,0.0917,0.5174,0.0,0.1111,0.8889,0.3333,3.0,3.89,0.2222,0.8025,88
f805b96fa705ba7995a221f1749dc141,7,392.06,0.0883,-0.4751,0.0,0.0,0.3194,0.5714,3.29,4.43,0.0,1.0,173
3d700782d7818f2c1e0d7a9e9d75fc00,3,49.9,0.5705,0.0,0.0,0.3333,0.0,0.3333,2.0,3.67,0.3333,1.0,419
ea6b12bf9ffe2bac34602ec631d97a47,11,238.71,0.0783,-0.5099,0.1818,0.0,1.0909,0.7273,3.82,4.09,0.1818,0.3719,461
c79151301b9d90985d1fa52879213105,4,80.58,0.4059,-0.7582,0.25,0.0,0.3536,0.0,1.0,3.75,0.25,1.0,140
3e8bd881d92466e63ba9e3e809cd3c50,9,249.14,0.0927,0.0491,0.0,0.375,0.4714,0.6667,2.56,4.12,0.125,0.3,131
42fb44130ac3134cde8e35cf8ec7df25,3,20.9,0.5812,1.3175,0.0,0.0,0.3333,0.0,1.0,3.67,0.3333,1.0,529
3771c85bac139d2344864ede5d9341e3,26,55.13,0.2853,-0.7416,0.0,0.1538,0.7807,0.5385,2.55,3.85,0.2308,0.6089,265
d8cf3b6a2151949f930d0252b180ec42,6,103.95,0.6517,-0.1663,0.0,0.0,0.4082,0.5,1.67,3.5,0.3333,1.0,74
c157bdeedcbc9a8e3c8bf0d87ff24428,7,73.47,0.4058,-0.4461,0.0,0.0,0.7423,0.4286,2.14,4.43,0.0,0.68,379
f67efa3f0b6761102a7f8c6b7b571f5d,31,167.38,0.1622,-0.2187,0.0,0.0,0.9305,0.4516,3.81,4.48,0.0645,0.3965,147
f88adb15807168d3c43d71021090ce4a,3,162.93,0.1069,0.5862,0.0,0.0,0.3333,1.0,2.67,3.33,0.3333,0.5556,20
fe701d88b67eaca109dffd464d1be9f9,11,140.81,0.1543,-0.7834,0.0,0.1,0.5821,0.8182,2.31,4.0,0.1818,1.0,41
59cea8e446d3834393058e7e0666b6fb,10,69.66,0.2936,2.1153,0.0,0.0,0.6164,0.5,1.82,4.6,0.0,0.34,18
8fe8786ee000001ab51d030dfd4a7bf1,5,451.0,0.0893,0.0911,0.0,0.0,0.3464,0.8,6.8,4.6,0.0,1.0,73
e1a210d482714ce337763a19aef94ba4,1,49.9,0.5333,0.0,0.0,0.0,0.0,0.0,1.0,1.0,1.0,1.0,491
0249d282d911d23cb8b869ab49c99f53,11,35.73,0.3534,-0.8892,0.0,0.1818,0.4724,0.4545,1.82,4.27,0.1818,1.0,165
5b581417df4480f632484ba681e53944,12,149.22,0.3271,-0.7372,0.0833,0.2727,0.5137,0.6667,3.05,3.5,0.25,0.645,212
e0eabded302882513ced4ea3eb0c7059,8,122.3,0.1419,-0.8999,0.0,0.0,0.6374,1.0,5.62,4.62,0.0,0.7812,92
2646baaf662d4d92ac48f047e35db92d,15,84.2,0.2267,-0.8156,0.0,0.1333,0.3651,0.3333,1.8,4.47,0.1333,0.4012,25
ed8cb7b190ceb6067227478e48cf8dde,15,38.23,0.4232,-0.8722,0.0,0.0667,0.8667,0.0667,1.2,3.4,0.3333,0.3149,7
2493dc3f20131696a0ecdb9948051a8d,4,126.09,0.1402,-0.7745,0.0,0.0,0.5,0.5,3.75,4.75,0.0,1.0,573
f615fe7efbef0f4f08fd3086bc7a3e60,23,102.58,0.1652,0.4132,0.0435,0.0909,0.5686,0.8696,3.3,4.35,0.1739,0.5868,317
822b63912576852aea9a8436d72317b7,8,613.21,0.039,-0.2787,0.0,0.0,0.25,1.0,6.12,3.88,0.25,1.0,587
35857757f553273b1056c1cabdace7fb,6,75.77,0.2612,-0.5226,0.0,0.3333,0.3333,0.6667,3.29,4.0,0.1667,1.0,159
32fdd5d44ecb43dfd6a24b9369eca144,8,59.9,0.2894,-0.5,0.0,0.0,0.3536,0.125,1.75,4.38,0.0,0.5312,476
b88e7c57cb2d8b973b7dd4a2bfa14b36,4,88.47,0.1858,-0.7853,0.0,0.0,0.3536,0.25,3.25,4.25,0.0,1.0,276
4170f6a9367e6b5d6401d03ce6d54569,4,142.19,0.1636,0.6014,0.0,0.25,0.3536,0.5,4.25,4.0,0.25,0.52,257
198c7ea11960a9844b544d9bcdca860c,25,69.35,0.2836,-0.2625,0.0,0.12,0.6499,0.44,2.52,3.88,0.24,0.5008,377
fe1b067411b8c5066e962aa146ccee03,8,105.97,0.1688,2.5584,0.0,0.0,0.5,0.625,2.88,4.62,0.0,0.7812,13
c273175f7c6c80fb02f051e2fc6d0d72,14,84.87,0.2148,-0.6748,0.0,0.0714,0.7143,0.5,2.73,3.79,0.2143,0.8673,410
1cbd32d00d01bb8087a5eb088612fd9c,11,95.04,0.2334,1.2192,0.0,0.0909,0.4724,0.6364,3.45,4.18,0.0909,0.3194,15
59417c56835dd8e2e72f91f809cd4092,18,2025.5,0.0329,-0.8191,0.0,0.0,0.6573,0.7222,6.26,4.28,0.1111,1.0,336
e51f22821f0c12a16ad5c020cdcd55e9,4,224.68,0.1092,-0.7299,0.0,0.0,0.3536,0.5,2.25,4.75,0.0,1.0,27
e6a69c4a27dfdd98ffe5aa757ad744bc,24,86.51,0.2132,-0.1643,0.0417,0.0,0.6455,0.2917,1.58,3.88,0.2083,0.3246,85
f1ed6bd0a9b11b581f16c851c6a5a527,17,95.46,0.2304,-0.6014,0.0,0.0588,0.3222,0.5294,3.59,4.39,0.0556,0.4136,107
afe0067131b73e40875c9b6c10bd2e21,46,111.53,0.2194,0.0,0.0217,0.0444,0.6977,0.6739,3.6,4.2,0.1111,1.0,85
c500367424994318b9e779ff1ae9a330,9,482.93,0.0718,-0.8959,0.0,0.1111,0.4843,0.5556,3.56,3.78,0.2222,0.5062,276
c7a0a13cbcf29d5ce51c8f80afdc0b89,8,60.39,0.3617,0.8947,0.0,0.0,0.3062,0.375,2.0,4.12,0.125,0.6543,26
028872bfa080090a9d0abd4f1af168f8,1,70.5,0.6719,0.0,0.0,0.0,0.0,0.0,1.0,5.0,0.0,1.0,380
eae9af4811c294c56795d70e715b7337,1,15.9,0.6987,0.0,0.0,0.0,0.0,0.0,1.0,5.0,0.0,1.0,321
eb72802c83dc7547529c9546d1a9b8ef,8,132.99,0.1106,-0.1989,0.0,0.0,0.1768,0.625,2.75,4.62,0.125,0.1875,38
1976a05ecf2996d6ffb7b5430e635fe7,8,224.52,0.2196,-0.2006,0.0,0.25,0.3062,0.625,4.5,3.88,0.25,0.284,356
38e679b9e0064cd94c6f035707344dae,28,131.95,0.1959,3.1876,0.0357,0.037,0.5933,0.5714,3.24,4.0,0.1852,0.5356,216
a1bea9970d8f65b240555f99c2214f7f,1,75.0,0.3664,0.0,0.0,0.0,0.0,1.0,5.0,3.0,0.0,1.0,42
97e4a63591ca439a2b8b7efd20e6e19e,5,69.99,0.2245,-0.5,0.0,0.0,0.3464,0.2,2.2,4.4,0.0,1.0,18
e48cc16ab70bfa09e1401740dce0b3d7,14,77.49,0.3008,-0.5385,0.0,0.0714,0.3499,0.4286,2.07,3.57,0.2857,1.0,81
c3e1abd72a42fe690fcd89cf5720fe29,13,138.35,0.0939,-0.739,0.0,0.0,0.5909,0.6154,2.31,4.46,0.0769,1.0,21
c4fb51fb1c5b7c07bc5e67be6e7e8f6e,15,104.53,0.3563,4.1754,0.0,0.1333,0.4472,0.3333,1.6,3.53,0.2,0.5,22
a08692680c77d30a0b4280da5df01c5a,6,405.5,0.0937,-0.1667,0.0,0.0,0.3333,0.6667,7.33,5.0,0.0,1.0,220
dbbcfe2c8d026742134ac3e28ccde274,4,77.15,0.1762,0.3289,0.0,0.0,0.0,0.5,1.8,4.2,0.2,1.0,89
6426d21aca402a131fc0a5d0960a3c90,23,52.59,0.3176,-0.7814,0.0,0.0435,0.4861,0.4348,2.38,4.17,0.087,0.4026,336
fe26f3ecb51a15e6d8335cd92da42562,7,386.99,0.0969,-0.4141,0.0,0.1429,0.5345,0.8571,5.14,4.43,0.0,0.7551,197
272f092de69afedd4d2969440b37f18f,26,74.44,0.277,-0.473,0.0385,0.0,0.5756,0.6154,2.96,3.73,0.2692,0.7712,296
6562efe88ce0826a4ca4f189f03b4b84,9,126.21,0.2644,2.0,0.0,0.125,0.4157,0.5556,3.33,3.9,0.1,1.0,238
9539213aa8e023c01937bef95dc006da,9,25.46,0.3926,-0.6154,0.0,0.3333,0.7286,0.6667,1.67,4.56,0.0,1.0,176
c679fb69a36e1d8349e8c50a217b4d58,14,130.41,0.2126,0.0423,0.0,0.1429,0.4286,0.5,3.21,3.85,0.2308,0.8893,14
353e21e8bf8de2722b4fae1636664b76,4,52.0,0.4418,0.0,0.0,0.0,0.0,0.25,2.0,2.5,0.5,1.0,79
ca7c6bd577e559472af1c699de9e764e,6,24.67,0.4785,-0.4,0.0,0.0,0.3333,0.0,1.0,4.33,0.1667,1.0,152
c0e0b73d039eb9a99b6ce4cb7a429cd3,1,29.88,0.257,0.0,0.0,0.0,0.0,0.0,1.0,5.0,0.0,1.0,80
3fac58ce0ad699020c7944d53c41329c,10,124.5,0.147,1.3887,0.0,0.2,0.6,0.5,4.2,4.4,0.1,0.5312,14
4cf490a58259286ada5ba8525ba9e84a,8,156.78,0.1237,1.7748,0.0,0.0,0.3062,0.625,3.88,3.12,0.375,1.0,284
74bafed391319577bce6f4d2acc0589a,3,615.67,0.1287,1.5759,0.0,0.0,0.0,0.6667,3.25,2.67,0.6667,0.5556,140
96e5dc09087bad639b4ee193104ec2e5,2,50.95,0.5156,0.0,0.0,0.0,0.0,0.5,1.5,4.5,0.0,0.5,13
638cba8be1fb599bbb76fd6948351eb3,17,35.19,0.5277,0.3483,0.0,0.0,0.348,0.3529,1.56,4.67,0.0556,0.5473,340
1bc2e21de46adfea6b98cc96b00f3b40,3,346.65,0.0987,3.1251,0.0,0.0,0.0,0.6667,5.67,3.33,0.3333,1.0,475
c3aad7dc65449ae90a5e9c3c6c1e78e0,6,85.0,0.2556,0.0,0.0,0.0,0.0,0.1667,1.11,4.67,0.0,1.0,11
26f6b7ab07be3e9e69ce82a6552efc19,2,27.4,0.4735,0.0,0.0,0.5,0.0,0.5,2.0,3.0,0.5,0.5,19
54219883e72aad869adfb2a54b7bfa0f,5,1350.0,0.1229,0.0,0.0,0.0,0.0,1.0,7.8,3.2,0.4,0.52,55
cbbd5ae8f53de5f5097cd8217b529e24,2,175.9,0.2003,0.0,0.0,0.0,0.0,0.5,3.5,2.5,0.5,1.0,568
b9a03475e6447e631b6799ec8274800f,10,134.91,0.2186,0.6577,0.0,0.0,0.3162,0.5,2.9,4.2,0.1,0.5702,37
0ddefe3c7a032b91f4e25b9c3a08fca1,9,44.77,0.3723,-0.4443,0.0,0.0,0.2222,0.1111,1.67,4.56,0.0,0.34,10
b586cd24c010a13916af621b0325fbba,6,184.82,0.2381,4.0311,0.0,0.0,0.7071,1.0,4.71,3.83,0.1667,0.551,11
403aa86912527d730337ffcb0fb096ab,11,814.54,0.0228,0.5,0.0,0.0,0.4635,0.9091,5.5,4.0,0.1,0.3388,292
06532f10282704ef4c69168b914b77be,8,1277.56,0.0683,2.2024,0.0,0.0,0.559,0.625,2.08,4.25,0.125,0.8025,381
6da1992f915d77be95d7fa48b36904af,7,37.29,0.47,-0.3333,0.0,0.0,0.5714,0.2857,1.5,4.0,0.1429,1.0,396
cc3d14116804f7209f3884f6367f1152,27,202.88,0.1064,0.0,0.0,0.037,0.737,0.6667,3.67,4.63,0.037,0.8156,13
77fccaae319668a8ab6cd0fd16aec48c,11,151.55,0.1328,-0.3987,0.0,0.0,0.4545,0.5455,3.36,4.45,0.0909,0.4306,35
67883baaae6134ee81b271a542613728,19,429.89,0.0402,0.3586,0.0,0.1579,0.2632,0.7895,4.63,4.11,0.1053,0.9003,12
c7fdb77fdbff3c41981bc52f787e959e,10,69.63,0.2521,1.3065,0.1,0.2222,0.4472,0.4,2.31,3.3,0.4,1.0,44
cd3d09fbe6e3e9ff0c0ac0c300e93ae7,12,54.25,0.352,0.1734,0.0,0.0833,0.4082,0.4167,1.85,4.17,0.1667,1.0,16
3f0e48d209018b466fcd3bb4ccfeb520,9,599.89,0.0474,1.8333,0.0,0.0,0.4157,0.8889,7.44,3.89,0.2222,1.0,225
4b1eaadf791bdbbad8c4a35b65236d52,8,231.22,0.0611,6.3178,0.0,0.2,0.5,0.875,4.44,2.0,0.75,1.0,534
51e4e89242cbb846c2deff3dc015650e,16,51.41,0.4293,-0.4219,0.0,0.0,0.4593,0.375,1.72,4.62,0.0,0.7812,14
6fa9202c10491e472dffd59a3e82b2a3,3,2338.08,0.1319,1.0,0.0,0.0,0.3333,0.0,1.0,4.33,0.0,1.0,21
1099a00e0ee3a50935e6c2447ca090c5,3,283.23,0.0719,-0.1667,0.0,0.3333,0.0,0.6667,3.33,3.67,0.3333,1.0,244
85cc55e048b6bcc90c75afe7f0e72f72,9,34.25,0.6276,3.9902,0.0,0.2222,0.4714,0.1111,1.44,4.44,0.1111,0.284,40
7bcd7c5f8631701474db233ccf1c094b,11,60.55,0.2927,-0.7254,0.1818,0.125,0.7441,0.7273,2.82,3.64,0.1818,0.4876,372
61c36f0fc4a47f9532e5512b66668e62,1,750.0,0.0236,0.0,0.0,0.0,0.0,1.0,8.0,1.0,1.0,1.0,157
c6381d2d013342748761e906d45aff76,15,136.2,0.2796,9.82,0.0,0.0,0.4,0.5333,2.33,3.87,0.2667,0.8087,40
83b08de96980757220871b31bf6cffca,5,260.83,0.3483,-0.6897,0.0,0.4,0.3464,0.6,4.6,4.0,0.2,1.0,119
aeb36d67f1414f234d42a29e27cf1f17,4,815.95,0.0871,-0.5061,0.0,0.25,0.3536,0.75,6.5,4.5,0.0,1.0,28
0761743cbffb25d7148189e9f1a5f03a,3,80.4,0.3574,-0.3231,0.0,0.0,0.0,0.6667,2.67,4.67,0.0,0.7551,213
b01c2b7b8599b325103ebcddc67413e1,4,42.36,0.4289,1.9499,0.0,0.0,0.5,0.75,2.0,4.75,0.0,1.0,16
d97df38225e5abadaff1e72cb72b823c,29,63.66,0.28,-0.8737,0.0,0.1786,0.3517,0.4138,2.24,3.93,0.2222,1.0,26
7bac63f6603d382cc8d0832eb6c100a8,19,408.0,0.0468,-0.7244,0.0,0.1579,0.8519,0.7368,4.68,4.0,0.1053,0.3241,31
9e6967d3cf386d284251784b18ccb485,9,57.52,0.2651,0.0806,0.0,0.1111,0.2722,0.1111,1.11,3.89,0.2222,0.3554,20
1de62b6f2fd96227629786db492433db,2,104.4,0.1376,1.545,0.0,0.0,0.0,1.0,3.5,5.0,0.0,1.0,11
f1198c871e0171278b63f40d112caeec,2,237.9,0.1729,0.1062,0.0,0.0,0.0,1.0,3.5,4.5,0.0,1.0,297
b5abf4f36adc043117b4fca82c22984c,11,113.44,0.2276,-0.6974,0.0,0.25,0.3521,0.3636,2.17,2.55,0.5455,0.2639,23
8476243f92442881ddd5b578975cf115,12,653.17,0.0351,2.5247,0.0,0.0833,0.4249,1.0,5.62,4.08,0.1667,0.4583,20
02d35243ea2e497335cd0f076b45675d,14,413.86,0.1046,-0.1038,0.0,0.3571,0.7954,0.6429,3.93,2.64,0.4286,1.0,32
d93b8458c6fe139d85cfa5eadbf55bd2,1,19.9,0.7085,0.0,0.0,0.0,0.0,0.0,1.0,5.0,0.0,1.0,288
dd55f1bb788714a40e7954c3be6df745,35,201.19,0.0936,-0.8105,0.0,0.1714,0.5127,0.5429,3.5,3.74,0.2,0.3251,49
ed49da7cadefc454d6a67de249eab240,2,21.5,0.5309,0.0,0.5,0.0,0.0,0.5,2.0,3.0,0.5,1.0,695
725af026f869236a8dd0ceb98564d156,7,168.24,0.1571,-0.4259,0.2857,0.0,0.3194,0.5714,3.86,3.43,0.2857,1.0,31
5275ca25d0358ca73864e0ae41be1320,4,102.4,0.169,2.1416,0.0,0.5,0.5,0.75,2.0,4.75,0.0,1.0,27
2ee0a0689f2f6a72f35a7cb6033f6e7e,4,68.0,0.1943,0.0,0.0,0.0,0.0,0.25,1.25,4.0,0.0,1.0,281
365e4bce19bda0082c3d15d83fdb8bcd,6,132.73,0.1238,-0.3079,0.0,0.0,0.3333,0.5,1.67,4.67,0.0,0.7551,66
fb3cfbc8a86f5d7fbb4d36b8df63f60d,10,100.73,0.2162,3.6055,0.0,0.0,0.4,0.4,1.64,4.2,0.1,1.0,16
e59e489e2ea74bd409b798b5daf49de3,3,165.0,0.1753,0.0,0.0,0.0,0.0,0.3333,2.0,1.67,0.6667,1.0,125
d6b664fa0667064c6d76394e7848d790,6,1013.33,0.0533,-0.4448,0.0,0.1667,0.3333,0.6667,5.33,4.83,0.0,1.0,110
c3251e13f1bbda6c74e37c160f991e19,2,218.9,0.172,0.9601,0.0,0.0,0.0,1.0,6.5,5.0,0.0,0.5,465
dfc475d54e1b6dbeeb7d7d9bdaa63827,19,94.41,0.2421,-0.0183,0.0,0.0556,0.4276,0.6316,2.95,4.32,0.1579,0.9093,10
08d2d642cf72b622b14dde1d2f5eb2f5,17,53.76,0.3515,-0.7642,0.0,0.1875,0.7228,0.2353,1.71,4.29,0.0,0.2744,271
0e982cff76cc0579f632cea8a0e38c9d,7,186.76,0.1323,-0.2456,0.0,0.0,0.3499,0.4286,1.57,4.0,0.1429,1.0,153
fec8cd45395b3cb0c2b173d7739706a1,4,320.0,0.0757,0.0,0.0,0.0,0.3536,0.5,3.25,3.75,0.0,1.0,131
e1dc0754bada9ee4cfe9713f22f61292,12,73.75,0.2992,-0.1687,0.0,0.0,0.3536,0.6667,3.0,3.83,0.25,0.4861,14
b2c97074649f92197d9387d9033dda5f,10,68.47,0.408,0.757,0.0,0.1,0.5477,0.6,2.8,4.7,0.0,0.6033,20
4049512728d969bec69f84088b012416,7,55.69,0.4115,20.403,0.0,0.0,0.4738,0.0,1.0,5.0,0.0,0.5556,215
94b9108d4b637ba65bb4f1e53cfcf8d8,7,33.57,0.4219,-0.1014,0.0,0.1429,0.3194,0.0,1.0,4.43,0.1429,0.5312,31
d17f467e4bf608a510c20d82f4ba3b6b,12,251.81,0.177,0.0,0.0,0.1818,0.0,0.5833,4.42,4.0,0.0833,0.4583,34
8c5e007d7bd5693fa1386ffefbc99f6c,9,114.35,0.3676,1.9042,0.0,0.0,0.2722,0.7778,3.22,4.33,0.1111,1.0,15
41b86b552e54e3a7009596125aa8b167,10,159.53,0.1471,0.0906,0.0,0.0,0.2,0.6,2.7,4.3,0.1,1.0,512
1e26c56af8d48424e1df0140a2401f83,2,129.45,0.1294,-0.699,0.0,0.0,0.0,1.0,5.0,5.0,0.0,0.5,26
6a51fc556dab5f766ced6fbc860bc613,26,291.45,0.1046,-0.0113,0.0385,0.0833,0.3997,0.6154,3.69,3.77,0.2308,0.6786,13
de0c78824586e9a5f5f04fd84e25df39,14,177.81,0.0838,0.9814,0.0,0.0,0.5714,0.5714,2.21,4.64,0.0714,1.0,31
b7cc6c5e001441ae8cdd5c69a480cbe4,6,108.63,0.3383,3.5434,0.1667,0.0,0.3333,0.3333,2.0,4.17,0.1667,0.7222,216
1430239a858e7682bbc43b20758af153,18,36.71,0.4067,-0.7889,0.0,0.0,0.4303,0.2778,1.67,4.11,0.1111,0.3951,13
c840d3fdbba0790404fdae73d253b253,9,502.48,0.0795,-0.6752,0.0,0.0,0.6479,0.7778,5.33,3.56,0.2222,0.8673,66
1d29dfba02015238dfbe2449a5eaa361,12,51.07,0.289,0.0,0.0,0.0833,0.3333,0.6667,1.92,4.5,0.0833,1.0,116
dcf3755cefcdc158ad0b7bdde51e871b,3,89.9,0.3312,0.0,0.0,0.0,0.0,0.3333,1.33,4.0,0.0,0.5556,23
768de2a4fc06aacecb9a586ccc30746a,14,33.97,0.5003,-0.6762,0.0,0.0,0.4629,0.6429,1.94,4.43,0.0714,0.5408,108
c5e60e39c0f42b8e827daa13cff74afa,6,22.33,0.6649,0.0,0.0,0.1667,0.0,0.1667,1.5,4.5,0.0,1.0,8
5a425cc503b39b262a847fd6212bf53b,15,90.71,0.1981,3.8812,0.0,0.0714,0.8433,0.7333,3.4,4.21,0.1429,1.0,14
6d1b9c9579132c87d2703ec38c30f2c5,4,74.92,0.2259,0.0,0.0,0.0,0.0,0.5,4.5,4.5,0.0,0.5,429
bc2ac6b95e1accce9858528ee566c17e,18,113.61,0.1147,-0.291,0.0,0.0,0.5774,0.6111,2.95,4.56,0.1111,1.0,105
1dc2de47ee26a0a5b12dc14fd6dc0dea,25,66.81,0.3695,0.3527,0.0,0.12,0.2939,0.56,2.96,4.56,0.04,1.0,12
bd4889b5e9133b35b66e42a8665cea5c,36,174.22,0.157,-0.0864,0.0,0.0,0.4082,0.5278,2.86,4.4,0.0857,1.0,41
e53d5b9b29d1218281f4a907ada18626,4,87.67,0.38,1.4477,0.0,0.0,0.0,0.25,3.25,4.75,0.0,1.0,14
0ff83046c3fa22efee8ecf291888b191,10,76.89,0.331,-0.5,0.0,0.0,0.3464,0.1,1.69,4.8,0.0,1.0,155
f08a5b9dd6767129688d001acafc21e5,11,1279.06,0.0353,2.8991,0.0,0.1818,0.3015,0.5455,5.73,4.27,0.0909,0.4506,230
4c8545742faaf58fafd5fd14d25d75cf,4,755.0,0.065,-0.0824,0.0,0.0,0.3536,1.0,7.5,4.5,0.0,0.5,107
92d14edfb62ee5ae7fdff70b0f4e7233,8,40.25,0.5144,-0.1233,0.0,0.0,0.3536,0.125,1.75,3.38,0.25,0.3846,152
bd4ff04377f974574f7f0bf9d6ce7dde,4,41.24,0.304,-0.7308,0.0,0.25,0.5,0.5,2.6,3.5,0.25,0.375,560
76c47a299e4a8fe992316a85865acbe9,6,170.74,0.2166,-0.5833,0.0,0.3333,0.3333,0.6667,3.67,4.67,0.0,1.0,78
8931a84a914b3fe9b1ddaa4d704947ca,29,160.98,0.091,-0.9395,0.0,0.069,0.8751,0.5862,2.97,4.07,0.1786,1.0,46
f021c962aaba8ef6eb527a9c2c8394d1,5,879.7,0.0308,0.5626,0.0,0.0,0.5657,0.6,5.0,4.2,0.2,1.0,393
a64e44665225d19dfc0277eeeaaccc57,6,55.83,0.2739,2.8261,0.0,0.1667,0.7071,0.3333,4.17,5.0,0.0,1.0,12
4978a02ea9c8be7a9b5480680f40334e,18,130.92,0.1444,-0.9823,0.0,0.0,0.5774,0.5556,2.72,3.56,0.2778,0.3407,29
52d76513f0c4d97f3b99570e2c94ee31,19,429.11,0.1091,12.2838,0.0,0.0526,0.9252,0.6842,4.26,4.06,0.1667,0.176,18
b248792ac0b60ec3f93d80af1b4fae47,7,64.93,0.3385,1.7781,0.0,0.1429,0.4286,0.2857,1.25,3.86,0.1429,0.8025,12
c9a06ece156bb057372c68718ec8909b,14,334.92,0.1153,-0.7778,0.0714,0.0,0.6624,0.6429,3.67,3.0,0.3571,0.7449,552
eed78ac17f7f795a19a709745f00cd4e,22,197.7,0.1946,-0.6739,0.0,0.0,0.5301,0.8182,4.83,3.77,0.2273,1.0,48
3076499bbc033a927bf4a8a41bcf7fd4,7,51.33,0.3459,0.3316,0.0,0.0,0.4738,0.2857,2.43,4.29,0.1429,0.6543,12
327b89b872c14d1c0be7235ef4871685,3,392.33,0.0695,-0.7597,0.0,0.6667,0.3333,0.3333,3.67,2.33,0.6667,1.0,537
ebe3dabc4955c9b0d695e7bda38bf5c3,1,55.0,0.2162,0.0,0.0,1.0,0.0,0.0,1.0,3.0,0.0,1.0,195
5a6a02f419701fc8c605af71d4fc57a4,10,60.05,0.1897,-0.3387,0.0,0.1,0.3464,0.3,1.7,4.8,0.0,0.8347,10
b080809eaacb49e5ca07290981472431,11,38.55,0.3382,-0.6078,0.0,0.0,0.575,0.6364,2.55,4.82,0.0,1.0,111
0d4c8269e7f0401201794deef160edd6,3,264.21,0.1254,-0.6012,0.0,0.0,0.3333,1.0,7.33,3.67,0.3333,1.0,300
e84ad2127668df3aafc6b73531a0beb8,19,51.95,0.2905,-0.3333,0.0,0.0526,0.6138,0.2105,1.47,4.37,0.1053,0.6144,26
9485a23c0430ba1d58d359391606fce6,5,225.98,0.0577,-0.5154,0.0,0.25,0.3464,0.8,4.6,3.2,0.2,1.0,249
fe87f472055fbcf1d7e691c00b1560dc,6,180.97,0.1199,-0.8642,0.0,0.1667,0.3333,0.6667,4.83,4.5,0.0,1.0,15
643c01d7c56a724bec0454f4780e8a3e,2,102.78,0.2,-0.7591,0.0,0.0,0.0,0.5,3.0,4.5,0.0,1.0,111
fc4751cfe3b279c419615b9b00c1abb4,1,453.7,0.0382,0.0,0.0,0.0,0.0,0.0,1.0,5.0,0.0,1.0,564
b18871c324516afa228a13e8f1ef0ae9,9,118.29,0.229,-0.1174,0.0,0.1111,0.4157,0.4444,2.11,3.44,0.4444,1.0,77
da03c298e3999e9d828591fc2179d109,4,196.93,0.0695,0.4677,0.0,0.0,0.0,1.0,4.0,4.75,0.0,1.0,187
bd1d49a326abfa9b1036772e40445430,12,53.14,0.2956,-0.5953,0.0,0.0833,0.5774,0.5,2.17,4.08,0.0833,1.0,80
081acf3de680d554796c9cf041be7bc2,4,399.33,0.1287,0.3334,0.0,0.25,0.0,1.0,9.5,3.25,0.25,0.7812,103
80f2cf9abf6b5a0e5c612b5eea6646e6,7,109.44,0.3769,-0.689,0.1429,0.1667,0.4041,0.8571,3.57,4.43,0.1429,0.7551,44
c5f7feb04a6a1fb3596322bfc3cf1917,11,156.42,0.1964,-0.253,0.0,0.0909,0.5143,0.7273,3.25,4.27,0.1818,1.0,17
c6a7539d424a8402232c2228d7a03c5e,10,60.75,0.6483,3.0,0.0,0.1,0.5099,0.4,3.0,3.1,0.4,1.0,104
b2a6d334e2833acea353624840e25a0e,25,66.04,0.2348,-0.893,0.0,0.0,0.5783,0.52,2.73,4.48,0.08,0.5118,90
bb5bd94c8f59cc050072d2930c869cac,16,158.99,0.119,3.1302,0.0,0.0625,0.6124,0.5625,3.24,4.18,0.0588,0.7093,87
2f74af7a0ee5636f12c2336f9fffed47,13,43.13,0.2921,2.2571,0.0,0.0,0.7134,0.5385,2.5,4.31,0.0769,0.7278,287
47648caee88ccfe951fbb27fbf7b4cbe,3,521.66,0.0435,0.6983,0.0,0.3333,0.3333,1.0,8.33,3.67,0.3333,1.0,105
40db9e9aa57f7bb151bcda6b0f9bdbb7,12,1930.67,0.0283,0.0343,0.0,0.0833,0.3333,1.0,7.5,2.36,0.6364,1.0,17
7a188843479798ca813108fa7b959286,1,149.7,0.1747,0.0,0.0,0.0,0.0,0.0,1.0,1.0,1.0,1.0,287
4bf2f4ee540798a61f9636d12cd9cc80,29,172.26,0.1012,-0.6559,0.0,0.0345,0.808,0.6552,3.52,4.14,0.1034,0.8156,25
51ed72984a04e5dd35c2b27e77179038,7,184.9,0.1537,-0.7131,0.0,0.1429,0.5345,0.5714,3.0,3.57,0.2857,0.5918,135
6c12e40690c335dbc2f68a4134d30dc1,16,571.2,0.0531,-0.7078,0.0,0.0,0.5728,0.375,2.81,4.07,0.1429,0.3765,28
3f9be91358837bff69df67edfa3e42e8,7,81.39,0.2323,0.2573,0.0,0.0,0.202,0.4286,2.57,4.43,0.1429,1.0,114
e24d3429d294b2eb200b064ebb035879,19,98.87,0.1981,-0.6999,0.0,0.0526,0.6359,0.4737,2.11,4.26,0.1053,1.0,8
f626e15b7314c267e4429010866f70e9,5,38.71,0.6483,-0.4297,0.0,0.0,0.3464,0.2,1.2,3.8,0.2,0.3878,35
94231344608e603693b0a8891143f65d,3,240.67,0.1415,-0.1715,0.0,0.0,0.0,0.6667,3.67,4.0,0.0,0.5556,27
48e954b2da4f6a750c844173b347ed40,2,198.9,0.3997,1.3429,0.0,0.0,0.0,0.5,2.0,4.5,0.0,1.0,119
402916f742e5c740cc751493d9cf5053,9,139.11,0.1809,0.0,0.0,0.0,0.0,0.6667,2.89,4.67,0.0,0.44,10
9c7fd21e0aa159b20da593371f08ff7c,7,114.04,0.1547,-0.745,0.0,0.1429,0.4738,0.5714,3.0,3.29,0.4286,0.3125,13
88ef59b51bdaa941d10a853429f2b6ce,2,126.45,0.1653,-0.8956,0.0,0.0,0.0,0.5,2.5,2.0,0.5,1.0,16
6fc26fe110feebd80a433e1f012a84f9,35,118.6,0.2354,1.5,0.0,0.1143,0.5391,0.6571,2.89,3.91,0.1471,1.0,17
6c1b6d0c604b776f844125f911eb7377,5,88.61,0.1838,-0.6454,0.2,0.0,0.6,0.4,1.4,3.4,0.2,0.44,540
7e26c750b4cb9f6766f58265ff9ebe95,23,58.45,0.2893,-0.509,0.0,0.0,0.7171,0.5652,2.65,4.43,0.0435,0.8025,325
4b39558c138930b9e5489c93b6df5fe3,4,274.18,0.1207,-0.5097,0.0,0.0,0.5,0.75,5.75,4.5,0.0,0.68,232
117cfc326c6d50da67ca858ff5c0c852,5,90.92,0.1792,0.0,0.0,0.0,0.0,0.8,2.9,4.6,0.0,0.68,107
64b87978a11c1ea7501a89eabe8c2c1a,7,69.99,0.208,1.5,0.0,0.0,0.4286,0.4286,1.86,2.0,0.7143,1.0,571
b90e891671cffd9557f33a97dc523645,34,130.85,0.1421,0.9783,0.0,0.0,0.6577,0.6176,2.65,4.32,0.0882,0.574,11
f9ec7093df3a7b346b7bcf7864069ca3,9,57.69,0.2291,-0.0692,0.0,0.1111,0.1111,0.3333,1.78,4.78,0.0,0.2346,8
9c57bc60cfad5ee62d35d3f1ce4593a1,1,180.0,0.0857,0.0,0.0,1.0,0.0,1.0,3.0,1.0,1.0,1.0,495
6e386f64c84e482f0b9abf960797ee1b,30,431.28,0.0483,4.5574,0.0,0.1034,0.7303,0.6333,4.27,4.61,0.0357,1.0,17
b29d3380981c51df13fc6fbe87e1763d,6,72.55,0.2265,-0.812,0.0,0.0,0.5774,1.0,4.17,3.83,0.1667,0.7551,32
002100f778ceb8431b7a1020ff7ab48f,51,24.21,0.6429,0.9029,0.0,0.18,0.7438,0.2549,1.44,3.9,0.1538,1.0,144
5b97c06a046398e7005b2b7c0d707a92,4,379.99,0.1642,0.0,0.0,0.6667,0.3536,0.75,6.75,3.25,0.25,1.0,403
b4b447d715f9ab302a188fb43d3e96b3,5,137.19,0.1366,-0.3821,0.0,0.2,0.2,0.8,4.4,4.8,0.0,1.0,8
65b081a070633e057c462abdd6fb9dd8,19,99.22,0.2342,1.3333,0.0,0.0,0.513,0.6316,2.71,4.32,0.1053,1.0,119
e4253cef933647000a82ff39c67b7bde,2,34.0,0.599,0.0,0.0,0.0,0.0,1.0,3.5,2.0,0.5,1.0,471
685b870da5b52a710782c9c0fefbeb5b,2,313.5,0.0701,-0.9373,0.0,1.0,0.0,0.5,4.0,2.0,0.5,1.0,186
9bc484c87d79cd4874e05ca182658045,9,124.44,0.1338,-0.4464,0.0,0.25,0.2222,0.6667,3.44,4.0,0.2222,0.3827,124
7816cd9c5b1238e320545f5bf7eb80e8,1,489.0,0.0465,0.0,0.0,0.0,0.0,1.0,5.0,4.0,0.0,1.0,102
0692610d8abe24f287e9fae90ea0bbee,4,43.5,0.1824,1.6507,0.0,0.25,0.3536,0.0,1.0,4.0,0.0,0.5,12
98e164d549402270247f3c96a1a158ef,2,81.35,0.1519,0.0832,0.0,0.0,0.0,0.0,1.0,2.5,0.5,1.0,381
ea00f977a203ff88adf7057cb7806998,19,20.51,0.4713,1.7498,0.0,0.1111,0.2632,0.1579,1.16,4.11,0.1053,1.0,14
78a4d36f65a019172c6154468831a69f,7,220.79,0.1445,-0.7886,0.0,0.1429,0.8081,0.8571,5.29,4.29,0.1429,1.0,269
ad8b531ae67582f096925cff5630d0d1,3,69.45,0.3243,-0.9503,0.3333,0.0,0.0,1.0,3.33,3.0,0.3333,0.5556,283
8ca1551acf9832a4cf467bbbac15851f,11,197.85,0.1225,-0.1376,0.0,0.0909,0.668,0.5455,3.0,3.91,0.1818,0.5972,19
a56e351445e5863fc8960640ba9190c7,3,253.64,0.0855,0.0,0.0,0.3333,0.0,0.3333,2.33,4.33,0.0,0.5,129
4e0d109ccfba9a1151c103049880c857,2,139.94,0.2424,0.8172,0.0,0.0,0.0,1.0,5.5,3.0,0.5,1.0,95
bb7ad8a45c027be8ab075b8e465f8ca0,2,9.99,1.6336,0.0,0.0,0.0,0.0,1.0,2.0,5.0,0.0,1.0,37
2b5ed0c9139dae8883a200dfcb272ece,4,21.35,0.6948,1.0,0.0,0.25,0.3536,0.5,2.25,4.25,0.0,1.0,301
a36b125ac6d5fdbc7f50de85c9157bdc,24,76.82,0.211,-0.85,0.0,0.1304,0.3436,0.2917,1.67,3.96,0.125,0.5059,30
baa49d93c8c8841e27400a300f5d74b2,6,41.07,0.3572,-0.7649,0.0,0.1667,0.6667,0.3333,2.0,4.5,0.0,1.0,455
7dc9a3355bae96dd82008b313d3a456c,1,899.0,0.0563,0.0,0.0,0.0,0.0,0.0,1.0,5.0,0.0,1.0,75
70c0fda4c313d87115644d39e62eec60,1,25.99,1.4271,0.0,0.0,0.0,0.0,0.0,1.0,5.0,0.0,1.0,30
db6a4d4b5f1f5f98820ce6ce2619e2de,1,135.99,0.0894,0.0,0.0,0.0,0.0,0.0,1.0,5.0,0.0,1.0,238
5bc55dbe2f12b6af6d83ed46023e0dc8,17,176.01,0.1395,-0.3604,0.0,0.2353,0.6253,0.7059,2.41,2.41,0.5882,0.8277,21
bff9deb0ec77d437f3305a79cf25529e,5,32.39,0.4989,0.0,0.0,0.0,0.2828,0.2,1.4,4.0,0.2,1.0,18
07a9bc7f61396b658ddf3ac534efe44c,1,119.9,0.13,0.0,0.0,0.0,0.0,1.0,3.0,3.5,0.0,1.0,434
26785a546900236d66f2e4197c211158,15,67.95,0.2212,1.1888,0.0,0.0,0.6325,0.4,1.8,4.67,0.0667,1.0,41
10089e9f2fd0c668a8fd4e52e1698888,3,379.97,0.0521,-0.5386,0.0,0.0,0.3333,1.0,6.75,4.33,0.0,1.0,293
3b872fd4747f01cc56206f2934198618,25,109.07,0.4094,-0.2084,0.0,0.16,0.4363,0.56,3.42,3.88,0.16,1.0,13
4d600e08ecbe08258c79e536c5a42fee,8,558.17,0.0376,-0.1027,0.0,0.0,0.5,0.75,5.25,4.0,0.25,0.7812,537
a254c682cc01e119f83530446f1df9a9,6,94.9,0.4215,1.4521,0.0,0.1667,0.4082,0.5,1.83,4.0,0.1667,1.0,12
bce6a5ecf98e99fd2a8868b15c51f04b,14,247.49,0.0697,0.0614,0.0,0.2143,0.2673,0.8571,3.73,4.07,0.2143,1.0,12
5e105f5c9f63f5f1fd75d6cb942e55b1,8,183.99,0.186,13.9053,0.0,0.125,0.6124,0.625,4.62,4.5,0.125,1.0,9
e8ff5a6ceb895583033fc2a0f314e3c2,1,139.89,0.1364,0.0,0.0,0.0,0.0,1.0,3.0,5.0,0.0,1.0,8
74a9b9bddf14ece02beb81f52c41a88d,2,47.5,0.2322,0.7143,0.0,0.0,0.0,1.0,8.5,3.5,0.5,0.5,208
12a8eb0f8d1cd3270695bf2a99f55966,2,198.5,0.0999,0.9407,0.0,0.5,0.0,0.5,4.5,3.5,0.5,1.0,264
5eeb9c756d9780b96283e5a2ac6da334,9,274.56,0.1003,-0.2576,0.0,0.2222,0.3514,0.4444,3.25,4.22,0.1111,1.0,47
c9d2ba8dde44a275ae06475ed1d2fafc,1,28.79,0.5043,0.0,0.0,0.0,0.0,0.0,1.0,5.0,0.0,1.0,574
c8025364abeecb115431bf95c11a747f,2,464.0,0.0466,0.8207,0.0,0.5,0.0,1.0,5.5,4.5,0.0,1.0,25
84c945f15571830c1a91a33978e94009,2,25.99,0.5013,0.0,0.0,0.0,0.0,0.5,2.0,4.5,0.0,1.0,477
7c5b05cbdb5542049f38d90d7815b97d,22,47.23,0.295,-0.1475,0.0,0.0476,0.5222,0.1364,1.36,4.36,0.1364,1.0,50
d7485b33791774c36108f8c69602d48d,10,39.98,0.5485,-0.6739,0.0,0.1,0.4472,0.3,1.5,3.7,0.1,1.0,41
979e9f8b5b39dd243a2550c8b05aecf0,3,175.0,0.0893,-0.6607,0.0,0.0,0.0,1.0,2.33,5.0,0.0,1.0,152
8e2b3afb420011ef0c88c9d5f11ea526,11,125.86,0.1068,7.8261,0.0,0.0909,0.8182,0.3636,1.45,4.27,0.0909,0.8347,217
f593898ec748b7a8cb81fc04edafd98a,20,140.65,0.2588,-0.7564,0.0,0.1579,0.6164,0.35,2.59,3.7,0.25,0.3006,209
f35b3c613c4f7b2275f4185d0a3c59ec,9,449.69,0.0413,-0.9242,0.0,0.2222,0.6479,0.8889,5.22,4.56,0.1111,0.8025,92
f7df46c1e0ec44eed5c6726478da4a17,3,143.23,0.1344,-0.5667,0.3333,0.0,0.3333,1.0,6.33,1.0,1.0,1.0,425
2305ab43e846518f58dd9d59f3f54e96,3,262.96,0.0537,0.031,0.0,0.0,0.0,1.0,6.67,3.67,0.3333,1.0,77
cad9969167c09b48ae6f1d123f7fa68d,2,21.6,0.6245,0.0,0.5,0.0,0.0,0.0,1.0,3.0,0.5,1.0,34
07de60b03d150fb3ea09eab5da5e4c8b,9,79.9,0.2363,-0.6874,0.0,0.1111,0.6479,0.6667,3.45,4.33,0.1111,1.0,16
54065e9aef7e9e9c2dc23b7594db021a,14,571.64,0.035,-0.2016,0.0714,0.0,0.9147,0.5714,5.29,3.86,0.2143,0.3061,182
6bd503a8230299c9316fb0f726933927,4,81.07,0.3996,-0.6022,0.0,0.25,0.0,0.5,2.75,4.75,0.0,0.52,17
5145090ab595c0d0b8557199f5701fbf,4,364.9,0.1356,1.0459,0.0,0.0,0.3536,1.0,4.75,4.25,0.0,1.0,86
693660429f9dc4ff704eb3d88dad54d7,2,62.0,0.1945,0.0,0.0,0.0,0.0,0.0,1.0,4.0,0.0,1.0,42
2075d8cd4dd63ff12df0749a5866bb06,3,61.57,0.3115,0.0,0.0,0.0,0.0,0.6667,2.33,5.0,0.0,1.0,24
d4ffeb15b67e81ff9af2b4252d99fb7e,11,127.31,0.2317,-0.6776,0.0,0.0,0.7441,0.7273,4.27,4.3,0.0,0.3611,38
5566627eab3fe93fd6ee08798226101a,5,17.1,1.1966,0.566,0.0,0.0,0.3464,0.4,1.4,4.4,0.0,1.0,224
4fb41dff7c50136976d1a5cf004a42e2,3,410.0,0.0543,0.4,0.0,0.3333,0.0,1.0,12.67,4.0,0.0,1.0,213
2cb4700db635baa1c0d4f90ed27b6669,2,99.9,0.1447,0.0,0.0,0.0,0.0,1.0,5.0,2.0,0.5,1.0,534
f4db9b37944bcb8873e6b456ee190bbf,21,162.37,0.1467,-0.5556,0.0,0.0952,0.5813,0.8571,4.55,4.57,0.0,0.7645,19
cb9fb4ca75d7ba8437480e8dde64fe98,10,53.21,0.3259,-0.5,0.0,0.0,0.3162,0.6,2.3,4.0,0.2,1.0,327
851773c885feb5e2da3b4f82bc2b17ce,10,58.53,0.4303,-0.3913,0.0,0.2,0.4472,0.8,3.0,4.2,0.1,1.0,8
41c2bad7229b0c25e6becf179ebf63ff,20,39.1,0.2429,-0.9167,0.0,0.0,0.7348,0.35,1.95,4.95,0.0,1.0,45
9b1585752613ec342d03bbab9997ec48,3,1416.33,0.0235,0.0,0.0,0.0,0.0,1.0,13.33,3.67,0.3333,0.5556,15
9dd59e43f0c9f0553244e8f9c2fb247e,10,35.63,0.4261,0.1453,0.0,0.1,0.2,0.6,2.42,4.8,0.0,1.0,223
ec2e006556300a79a5a91e4876ab3a56,4,31.3,0.5275,0.1089,0.5,0.5,0.3536,0.25,1.25,1.25,1.0,0.7812,19
dc7192adf8ba09569261f4a8d576afe0,7,131.0,0.176,12.5556,0.0,0.0,0.7143,0.4286,3.57,3.86,0.2857,0.375,12
b8a0adc91af209270c2c725168eb00fd,6,46.9,0.3806,-0.7363,0.0,0.0,0.4082,0.3333,2.0,4.0,0.1667,1.0,68
43402bdf22aa2310e8f99e2f94f78628,4,162.49,0.2879,-0.2432,0.0,0.0,0.0,0.0,1.0,2.5,0.5,0.52,67
2eeb6531ee027a48d401e72bebdd87d3,3,12.9,1.0336,0.0,0.0,0.0,0.0,0.3333,1.33,4.33,0.0,1.0,566
c794dab4928dd97beb41d05514441e86,16,82.03,0.1769,10.4286,0.0,0.125,0.606,0.6875,3.31,4.38,0.0625,1.0,71
e06f09ec0a4aca210779cf1cfc63cf19,29,182.05,0.1178,0.8438,0.0,0.069,0.5539,0.5517,3.15,3.97,0.1613,0.1301,258
20a8b0dc55da94fe74d112082427c84f,7,58.2,0.3043,2.0822,0.0,0.1429,0.4286,0.2857,1.75,4.29,0.1429,0.7551,11
bab0a8cd684e41ba6e2637dca0979d3b,1,269.9,0.0709,0.0,0.0,0.0,0.0,0.0,1.0,5.0,0.0,1.0,377
f63d8f293af3a6454377546bd9dd19ff,17,103.05,0.2826,-0.8478,0.0,0.1176,0.6809,0.3529,2.12,4.47,0.1176,0.5102,202
daeb5653dd96c1b11860f72209795012,40,57.65,0.2741,3.1322,0.0,0.0789,0.5244,0.425,2.02,4.05,0.1667,0.2933,24
38874e327ce94d11390b96eb42d61928,6,629.99,0.1001,-0.8353,0.0,0.1667,0.5774,0.8333,8.5,4.0,0.0,1.0,311
961dff0a659b4561334372337dd897d9,4,2486.5,0.0137,-0.5,0.25,0.6667,0.3536,1.0,5.6,3.75,0.25,1.0,383
244b04680fdbded0acf5aebd9c92b44a,3,1159.23,0.0399,0.0435,0.0,0.5,0.3333,1.0,11.33,1.0,1.0,1.0,159
586a871d4f1221763fddb6ceefdeb95e,1,198.0,0.2095,0.0,0.0,1.0,0.0,0.0,1.0,1.0,1.0,1.0,585
21e83881401b92b49fb09a16d3852291,14,256.29,0.1657,3.7494,0.0,0.0,0.5345,0.6429,2.57,4.36,0.1429,0.5556,217
1444c08e64d55fb3c25f0f09c07ffcf2,1,2749.0,0.0254,0.0,0.0,0.0,0.0,1.0,10.0,1.0,1.0,1.0,128
58e4b302b54937e55a678c4d15111da4,3,93.26,0.1753,3.607,0.0,0.0,0.3333,0.6667,3.67,2.33,0.6667,1.0,434
e603cf3fec55f8697c9059638d6c8eb5,8,37.12,0.6245,-0.5,0.125,0.0,0.3536,0.25,1.75,4.25,0.125,1.0,444
3fe7120d6257285ac6a3ce7cb071ccec,2,99.99,0.1414,0.0,0.0,0.0,0.0,1.0,3.5,3.5,0.0,1.0,236
6288c69c4ce638e59925e59193f98b16,22,204.83,0.0679,-0.7724,0.0,0.05,0.5222,0.4091,3.13,3.95,0.1364,0.3595,31
25debeafbce801fdd479539350185eee,6,50.47,0.3302,0.0,0.1667,0.0,0.5774,0.5,3.17,2.67,0.5,0.5102,111
3481aa57cd91f9f9d3fa1fa12d9a3bf7,25,70.92,0.4366,0.8931,0.0,0.0,0.9912,0.24,1.62,3.88,0.2,0.4496,377
ea1776927851da2532aa70d6a32c095a,3,106.27,0.1679,-0.8771,0.3333,0.0,0.3333,0.6667,4.67,2.67,0.6667,0.5556,29
bcc9dd23e2a8bd8267cf92b19304a1b9,3,67.6,0.2142,1.5583,0.0,0.6667,0.3333,0.6667,2.0,2.33,0.6667,0.5556,194
3f84fefc07dc159b268d4a77d3e8c425,3,66.87,0.2558,1.5317,0.0,0.0,0.3333,0.6667,4.33,5.0,0.0,1.0,66
e546117ed9cafbc40239c0c78635c584,2,228.0,0.0621,0.0,0.0,0.0,0.0,0.5,3.5,4.5,0.0,1.0,11
8b8cfc8305aa441e4239358c9f6f2485,15,792.8,0.1025,-0.1441,0.0,0.1333,0.6146,0.8667,7.0,4.2,0.1333,0.7689,145
eb3071b9f0b0ddaa2df5ea130f09f26b,9,692.22,0.0933,-0.0714,0.0,0.1111,0.294,0.2222,2.22,4.56,0.0,0.6033,110
13d95f0f6f73943d4ceffad0fc2cd32c,1,249.99,0.2373,0.0,0.0,1.0,0.0,1.0,10.0,3.0,0.0,1.0,174
a1474fd46fd3430168f7ec202da39408,12,229.38,0.2402,2.8832,0.0,0.1667,0.5774,0.75,4.33,4.33,0.0833,0.5612,316
2cb6eb1b7185064167657fa09f541105,6,202.98,0.1353,-0.8957,0.0,0.0,0.3333,0.5,2.67,4.14,0.1429,0.3061,31
3faf68a3b0af94b10bac70d86077be49,7,188.99,0.0901,-0.5,0.0,0.0,0.4738,0.8571,5.0,4.57,0.0,1.0,489
7d81e74a4755b552267cd5e081563028,1,32.5,0.2305,0.0,0.0,0.0,0.0,0.0,1.0,4.0,0.0,1.0,14
62c50c1af4dfdc4149d25c5222043d39,14,198.98,0.1114,0.5006,0.0,0.0,0.589,0.6429,4.07,3.71,0.2857,0.3407,347
0307f7565ff85b299b6e5ef162b1b1a9,7,675.54,0.0581,-0.681,0.1429,0.0,0.4738,0.5714,4.22,3.14,0.4286,0.4286,466
d594982fd877af63ace38ea1fca27c76,7,31.01,0.4269,-0.5986,0.0,0.0,0.5345,0.1429,1.14,4.43,0.1429,0.7551,13
6e1862e15f33d9994bc25922a85e1efc,8,91.56,0.2013,0.6432,0.0,0.0,0.1768,0.0,1.0,4.43,0.1429,0.5102,13
15fa791d5e017f66402dc28c44480657,8,225.25,0.1006,-0.5277,0.0,0.125,0.6374,0.25,1.44,4.25,0.125,1.0,83
55029529919c0123526150bd26ca8f20,7,64.85,0.2971,1.4691,0.0,0.0,0.5345,0.1429,1.29,4.71,0.0,0.551,21
0e44d110fa6a54e121cb2c095a77762f,6,37.22,0.3137,-0.7507,0.0,0.1667,0.3333,0.1667,1.14,4.33,0.1667,1.0,82
2bd05d410a8fd26dc4184a15f4f2f588,6,219.46,0.1508,0.5806,0.0,0.0,0.3333,0.3333,3.33,5.0,0.0,0.3878,317
01266d4c46afa519678d16a8b683d325,3,30.08,0.5233,0.0,0.0,0.0,0.0,0.3333,1.33,5.0,0.0,1.0,14
6025c79c035c3d772133b8b8238463b2,2,494.87,0.1097,0.5443,0.0,0.0,0.0,1.0,9.0,5.0,0.0,1.0,28
f1fdf2d13186575751aa25876536d85c,1,26.3,0.3152,0.0,0.0,0.0,0.0,0.0,1.0,5.0,0.0,1.0,158
191d55f7edb8524d525ed01b20fe32e8,3,249.0,0.0881,0.0,0.0,0.3333,0.0,1.0,3.75,2.33,0.6667,1.0,228
34f563c82a85b99ae9e6d60db5fc2e28,8,291.54,0.1056,-0.6558,0.0,0.0,0.0,0.875,3.5,4.62,0.0,0.4688,28
3bfba5a77604f6dfae7e6dd7aaf65821,4,523.88,0.0585,0.0,0.0,0.0,0.0,0.5,3.75,5.0,0.0,1.0,13
14f2b3587172b9db894c9bad8dab520b,2,122.0,0.3527,0.0,0.0,0.0,0.0,1.0,4.5,2.5,0.5,1.0,51
20b54c376b794ed028df09a3cd88e8dc,11,122.09,0.1218,-0.528,0.1818,0.2857,0.5062,0.3636,2.09,3.0,0.3636,0.2893,63
954e95f20808d7e5d11f0de292d078e0,3,52.93,0.7506,-0.5923,0.0,0.0,0.3333,0.6667,3.33,4.67,0.0,1.0,281
4dbd95a08b31ede5c82d3f861cb1ce1a,6,217.45,0.1451,-0.8178,0.3333,0.0,0.3333,0.5,2.33,3.5,0.3333,0.7222,293
e8dba4d70f7f2b20e775d09cae01142d,9,95.1,0.2062,-0.3985,0.0,0.1111,0.3685,0.3333,3.0,4.33,0.1111,0.6543,13
fedf2c1386e137f296b3bbf3b635e69d,2,65.87,0.6009,3.0865,0.0,0.0,0.0,0.5,5.5,3.5,0.5,0.52,103
f97e2b0650c2068227e1d366140eb62f,16,228.38,0.277,0.4855,0.0,0.0625,0.4146,0.75,4.62,4.0,0.2,0.5556,15
5ef131ac72773e5b3f6c0d63cf424657,10,57.58,0.4276,0.3256,0.0,0.0,0.2,0.2,1.46,4.1,0.2,1.0,9
a35ef466c6fd6d052f5d241240d3c5e2,3,189.97,0.1398,-0.5572,0.0,0.0,0.3333,0.6667,4.33,4.67,0.0,1.0,338
ff69aa92bb6b1bf9b8b7a51c2ed9cf8b,20,1097.04,0.08,0.5805,0.0,0.25,0.6042,0.85,7.19,3.65,0.3,0.905,77
3364a91ec4d56c98e44174de954b94f6,6,596.66,0.0765,4.0002,0.0,0.0,0.3333,1.0,7.5,3.83,0.3333,1.0,370
abbf6046bbdf1028606a5bc7f00c99e7,7,316.74,0.0794,-0.5,0.0,0.0,0.3499,0.7143,5.88,4.14,0.1429,1.0,124
68ca56ce86830f3d31b1b7ec6a54da3e,6,119.93,0.1992,-0.8003,0.0,0.0,0.3333,0.6667,3.67,3.83,0.1667,0.2778,24
adbe70ab2c97442046d393988c8d1d27,5,57.9,0.225,-0.7917,0.0,0.0,0.6,0.2,1.4,5.0,0.0,1.0,326
ea3ebea5317b0efbc663ecc8ce5e9bc2,3,99.9,0.1924,0.0,0.0,0.0,0.0,0.3333,1.67,4.0,0.0,1.0,106
f08c008c8a8d31417763738a1788a2a8,22,58.71,0.3274,-0.4223,0.0,0.15,0.3748,0.3636,2.17,3.19,0.3333,1.0,224
78ba5933c21686d1c2f64669c8c459e7,2,95.9,0.1083,0.2328,0.0,0.0,0.0,0.0,1.0,4.33,0.0,0.5,475
134a288e7de827ec5ec62e3ec9c3a295,9,97.49,0.1442,-0.0678,0.0,0.0,0.4843,0.3333,2.11,4.78,0.0,0.8025,351
fa14641f57b655e933124a9ea49cd7a5,7,51.42,0.2308,-0.2308,0.0,0.0,0.7423,0.2857,1.29,4.57,0.0,0.3878,210
26bad72add1f86e08a776ce4ffdaf1ca,7,88.86,0.1992,11.1875,0.0,0.0,0.3499,0.4286,4.12,4.43,0.0,1.0,105
4aba6a02a788d3ec81c03137144d9a80,1,89.9,0.1711,0.0,0.0,0.0,0.0,1.0,10.0,5.0,0.0,1.0,230
557f22c76691849db52d2abccf0015d0,13,66.6,0.3773,-0.8889,0.0769,0.0,0.4551,0.6923,2.64,3.08,0.3333,0.7551,356
2f4b9d112bfa44a214bc6cef085d17c8,5,58.8,0.4057,1.5197,0.0,0.0,0.0,0.8,3.8,4.4,0.0,0.3889,505
cb5ff1b9715e99589f3e0c7a6afab9e3,4,21.25,0.6356,0.0,0.0,0.0,0.0,0.0,1.0,4.0,0.0,1.0,13
ed46f1eb4a638113deb2a1137b5f22e9,4,867.5,0.0624,0.0,0.0,0.0,0.0,1.0,8.25,4.0,0.25,1.0,11
9599519be538b98748162a2b48248960,1,570.0,0.1054,0.0,0.0,0.0,0.0,0.0,1.0,1.0,1.0,1.0,148
391bbd13b6452244774beff1824006ed,2,63.9,0.277,0.0,0.0,1.0,0.0,1.0,2.5,1.0,1.0,1.0,182
ea65d8b58316a6f2362f2a9e4b3e86ad,9,229.04,0.112,-0.333,0.0,0.0,0.4843,0.5556,3.44,4.0,0.2222,0.2734,9
2e2f44824ab87a0cb961f68bf4073e7f,1,48.0,0.3735,0.0,0.0,0.0,0.0,0.0,1.0,2.0,1.0,1.0,154
e5bd51692380fd8cabb19b756b95e714,3,39.9,0.2785,-0.5,0.3333,1.0,0.3333,0.3333,1.33,2.33,0.6667,1.0,121
062c325cd6a2b87845fab56b4ec2eeae,2,66.61,0.1791,1.5169,0.0,0.0,0.0,0.5,1.5,5.0,0.0,0.5,33
9b76ad3d04236f76bc71c59470305e13,2,197.35,0.1569,4.0817,0.0,0.0,0.0,0.5,4.5,5.0,0.0,1.0,27
f7315bb81aea4ddca2d39e249a801c98,2,189.9,0.1324,0.0,0.0,0.5,0.0,1.0,5.0,4.5,0.0,1.0,33
90b57083da5d803237da74daec6dcb2b,2,103.45,0.1658,-0.9053,0.0,0.0,0.0,0.5,2.0,5.0,0.0,0.5,140
83353a83fd769dfafa4f21a72b15e3e5,5,115.9,0.1636,0.6309,0.0,0.2,0.5657,0.6,3.6,3.8,0.2,1.0,260
c2bda99904207edd1834f03e0022b007,2,39.9,0.2742,0.0,0.0,0.0,0.0,0.5,1.5,2.5,0.5,1.0,341
2e0dba2da448400b1c11d7b4b22f32a4,7,33.7,0.7285,0.7094,0.0,0.0,0.2474,0.4286,3.0,3.14,0.4286,1.0,470
5f06030071324cc52bf0304014ac7234,4,195.99,0.128,0.0,0.0,0.0,0.0,1.0,5.0,4.0,0.25,1.0,373
a806a4bb063ea7ca6d374eafa50a6058,5,58.88,0.3766,-0.6594,0.0,0.0,0.2,0.4,2.2,4.0,0.0,1.0,203
56db5c0782e8f7ddc9343f9576ff6d16,2,367.4,0.0778,2.2013,0.0,0.0,0.0,0.0,1.0,3.0,0.5,1.0,27
0d83f8e03188682112cc0d93523705cc,4,174.06,0.1785,5.1908,0.0,0.25,0.3536,0.25,2.25,3.75,0.25,0.625,224
1b61fb1f0f2185d89e9a126c498e9cc7,1,49.7,0.3241,0.0,0.0,0.0,0.0,1.0,6.0,5.0,0.0,1.0,437
1987cd4be10fe09ee50454f9c354d1c6,14,205.55,0.0895,-0.75,0.0,0.0714,0.5249,0.7143,3.43,4.36,0.0714,1.0,185
8e34331b7eedd03be4e5d965c1956225,5,29.0,0.4513,-0.6471,0.0,0.2,0.5657,0.0,1.0,4.8,0.0,1.0,60
63704069d9bd3a75c1cf59babe56004a,1,59.3,0.1246,0.0,0.0,1.0,0.0,0.0,1.0,1.0,1.0,1.0,87
9d7a1d34a5052409006425275ba1c2b4,13,81.14,0.2627,-0.8188,0.0,0.0769,0.3172,0.4615,2.62,4.38,0.0769,0.3672,14
2d9e8987a2ea5cf88dce330249043ff1,2,119.9,0.4352,0.0,0.0,0.0,0.0,0.5,2.0,4.5,0.0,1.0,16
2d2c62bef4c8ba0dd74e0e228e808539,16,234.31,0.1284,3.5667,0.0,0.125,0.9682,0.8125,4.62,4.12,0.1875,0.3281,11
6d7f8d9d594e28796b6b3205b00f459c,3,139.3,0.1414,-0.2507,0.0,0.0,0.3333,0.6667,4.33,3.67,0.3333,1.0,416
c0e6839516f5398edc34adf5f1d53d1a,3,144.31,0.2031,10.3975,0.0,0.0,0.3333,0.6667,4.67,2.67,0.6667,1.0,387
c35672b10ad50968f567ea3f4b91e877,18,63.92,0.317,0.0,0.0,0.0556,0.7454,0.5556,2.39,4.5,0.0556,0.7025,30
88cd3681e0a2ba85e190f7d817629c4c,1,180.0,0.1076,0.0,0.0,0.0,0.0,1.0,4.0,4.0,0.0,1.0,19
455c5640e8c5bd1b2ee85c0158f85727,8,841.19,0.068,1.7292,0.0,0.0,0.5,0.875,6.12,4.5,0.0,0.4375,112
8602a61d680a10a82cceeeda0d99ea3d,17,48.65,0.3058,-0.5625,0.0,0.0588,0.3222,0.7059,3.45,4.41,0.1176,1.0,32
8603f0038fe0e52fedd3382d266723de,10,235.5,0.2081,-0.3425,0.0,0.0,0.8944,0.8,4.1,4.4,0.1,0.28,222
30c7f28fd3a5897b2c82d152bb760c17,7,311.18,0.1492,-0.3194,0.0,0.5,0.7423,0.2857,2.57,1.67,0.6667,0.3061,279
a2e85714b56b1cb6bb24a9a6e6cad36f,2,169.85,0.1199,0.0,0.0,0.0,0.0,0.5,1.5,1.0,1.0,1.0,308
f12d3c2a14729ae461b920c11fe20fdc,9,40.49,0.2603,4.341,0.0,0.0,0.2722,0.2222,1.45,4.44,0.0,0.5041,34
38e6dada03429a47197d5d584d793b41,7,85.16,0.3471,1.3011,0.0,0.1429,0.1429,0.4286,2.62,4.43,0.1429,0.5556,309
0887a9f087bcd5d9f6642b52f897fc6c,12,136.83,0.1342,0.0,0.0,0.0833,1.0206,0.5,3.67,4.42,0.0,0.4583,394
ceb7b4fb9401cd378de7886317ad1b47,1,399.9,0.0414,0.0,0.0,0.0,0.0,1.0,8.0,3.0,0.0,1.0,374
101a3a003516bc11253298b2fad3cb65,5,90.0,0.1644,1.75,0.0,0.0,0.2,0.6,2.4,4.8,0.0,0.7222,39
2b402d5dc42554061f8ea98d1916f148,1,299.89,0.2131,0.0,0.0,0.0,0.0,1.0,3.0,5.0,0.0,1.0,128
4677a5437afda5fa7140b927b07be1cc,11,310.52,0.123,-0.8629,0.0,0.0909,0.4724,0.6364,3.09,4.36,0.0,0.5702,25
75a4764c108403a7a0575140cb22287c,5,143.38,0.2931,-0.837,0.0,0.0,0.5657,0.6,3.8,4.6,0.0,0.8025,146
26562f211dd1364af2a8596dc945e8ae,2,49.5,0.1627,0.0,0.0,0.0,0.0,0.5,1.5,5.0,0.0,0.5,34
f235413f677777a0738ff215d0184901,3,565.57,0.054,-0.5766,0.3333,0.0,0.3333,1.0,10.0,3.67,0.3333,1.0,558
577719699805dd125d5b6fdde5943bba,8,134.73,0.1944,-0.4179,0.0,0.125,0.5,0.25,2.12,4.38,0.125,0.5938,13
c9e5ad1f6647f5dbd1172adf6ae3cada,4,64.76,0.2353,1.1188,0.0,0.0,0.3536,0.0,1.0,4.75,0.0,0.375,86
6b9b80d53ba3676eafe60268a810b5a1,10,88.27,0.1959,0.8071,0.0,0.0,0.2828,0.7,4.2,3.9,0.2,1.0,371
791cfcfe22fe4a771ece27f90017da92,2,298.13,0.0964,0.0,0.0,1.0,0.0,0.5,2.5,1.5,1.0,1.0,343
71dc18fd8cbf5fd77f45dd8b427abb34,4,270.0,0.1383,5.0,0.0,0.0,0.3536,0.75,4.75,5.0,0.0,1.0,264
cf2384dd2f1dddea3f838efed0945e65,16,131.34,0.2063,0.2629,0.0,0.0,0.559,0.625,2.78,3.94,0.125,0.8828,32
d9cb0052a666de5308b32f32ad5f1b1c,3,77.3,0.1664,-0.0209,0.0,0.0,0.0,0.3333,1.33,3.67,0.3333,0.5556,111
984c273121e743dd14767befe6cb17f5,1,259.6,0.0821,0.0,0.0,1.0,0.0,1.0,3.0,1.0,1.0,1.0,282
dace965ca58120f92f8d742a9fa1864b,8,180.25,0.0914,-0.6385,0.0,0.0,0.6374,1.0,4.0,4.62,0.125,1.0,107
c8cc60ffd415254af5d9b9f34f32c369,8,90.27,0.2687,1.0519,0.0,0.0,0.4677,0.5,2.12,4.75,0.0,1.0,19
9e9b539eb2806acee3f5c28085c1db9f,3,322.33,0.0749,-0.8032,0.0,0.3333,0.3333,0.0,1.0,3.67,0.3333,0.5556,270
c26ba52cf8d2f34915f2f6b7ffa0a3f3,4,31.49,0.3707,0.0,0.0,0.0,0.3536,0.25,1.5,4.0,0.25,1.0,200
b37c4c02bda3161a7546a4e6d222d5b2,4,6018.75,0.0171,1.1697,0.0,0.25,0.0,0.25,2.0,2.25,0.75,0.8756,50
d0d70d21e2234dd7cd3cf63fe414148a,8,74.8,0.6126,1.3904,0.0,0.0,0.4677,0.625,3.09,4.25,0.125,1.0,19
5b92bfa4120daa27c574daa2e386c693,1,14.0,0.7829,0.0,0.0,0.0,0.0,0.0,1.0,3.0,0.0,1.0,560
88cf19ec1fc2c58f161aee259d57142c,14,98.07,0.171,-0.2528,0.0,0.0,0.4041,0.3571,2.21,4.47,0.0,0.4592,14
1ca4bdb0cd7fc48e949bac066188ed26,4,380.0,0.2915,0.0,0.25,0.3333,0.0,0.75,5.0,4.5,0.0,1.0,35
579891617139df7d8671d373f0669622,8,35.04,0.4574,-0.0025,0.0,0.25,0.3062,0.25,1.25,4.5,0.125,0.7812,63
9c351405b754cc5ce3e2ecf277bb034a,1,45.0,0.3136,0.0,0.0,0.0,0.0,1.0,5.0,1.0,1.0,1.0,524
411f3b52d857390502ee4e4d5ceabc2d,21,85.91,0.2099,1.4606,0.0,0.1429,0.3499,0.381,2.36,4.11,0.1579,0.7044,12
b44dbfbf62e52125f3c15d230569ea91,4,152.34,0.1472,-0.8166,0.0,0.0,0.3536,0.75,2.75,4.75,0.0,0.7812,24
ab9db4cf53b08b828b64dccaafc2d9f0,5,55.53,0.4529,1.2339,0.2,0.0,0.3464,0.2,1.2,4.2,0.2,0.36,46
e628d4a53c109f09ca88098338b3a3f5,1,285.0,0.2067,0.0,1.0,0.0,0.0,1.0,2.0,1.0,1.0,1.0,266
8ff1a9df749e454105c55cda13e79143,13,107.74,0.1979,-0.601,0.0,0.0,0.675,0.4615,1.67,3.73,0.2727,0.3265,73
a4e634166243bbb3a13fa584463fa468,2,77.78,0.2933,7.783,1.0,0.0,0.0,0.0,1.0,2.0,1.0,0.5,128
02dcd3e8e25bee036e32512bcf175493,14,106.56,0.2092,0.7363,0.0,0.3077,0.589,0.2857,1.36,3.67,0.3333,1.0,12
f1fd5ab1181f827ffad998c1a5de7d74,15,469.73,0.1181,-0.4469,0.0,0.0,0.4899,0.6667,5.27,4.67,0.0,0.8756,25
9da15f4a4ea758d9eeb49000dbe57e22,1,196.9,0.1915,0.0,0.0,1.0,0.0,0.0,1.0,2.0,1.0,1.0,34
8fbd63429be6d3e5e6d1a709b6464802,6,176.9,0.1692,-0.3154,0.0,0.0,0.4082,0.3333,1.71,4.83,0.0,1.0,67
1bb3812d5f0747a3ab7348f199001a10,9,92.71,0.2579,-0.4169,0.0,0.0,0.3333,0.5556,2.44,4.89,0.0,1.0,20
253c025bab43881055aeecde5e2d8b77,2,47.41,0.3112,-0.0998,0.0,0.5,0.0,0.0,1.0,4.5,0.0,1.0,55
5075aaa8404020ae6aa8bf4792099b41,13,140.22,0.2456,-0.3506,0.0769,0.0,0.344,0.6923,3.29,3.58,0.25,0.7656,233
77714512e8d4dda9c234da8e3faf16e4,4,60.85,0.4338,1.0501,0.0,0.0,0.5,0.25,2.25,4.25,0.0,0.5556,19
9ed65337433adfbedefd23dd76eaa494,6,210.43,0.0642,-0.5,0.0,0.0,0.3333,0.5,3.33,4.83,0.0,1.0,33
3d3ccf2b2f8134b10dce9dd446f0e075,3,202.87,0.2332,1.4521,0.0,0.3333,0.3333,0.6667,5.0,3.33,0.3333,1.0,24
9cea4682e16655f7da87f406902e989e,4,21.94,1.4981,-0.1754,0.0,0.0,0.0,0.25,1.5,4.0,0.25,0.6543,213
141440cad9341e553f8401c574a2aa38,11,117.11,0.2257,0.5342,0.0,0.0,0.5378,0.4545,3.36,4.45,0.0909,0.5556,20
d90fe2229fee1a5da999ccd0c06c1667,3,150.0,0.1487,-0.0435,0.0,0.0,0.3333,0.6667,2.33,4.67,0.0,1.0,26
99a25c39b28a74d1151c35c18d178292,1,173.94,0.2573,0.0,0.0,0.0,0.0,0.0,1.0,5.0,0.0,1.0,82
3d49bfdd1b43a7fe169b3740067acc61,3,71.67,0.2875,-0.3125,0.0,0.0,0.0,0.6667,2.33,4.67,0.0,1.0,12
1352e06ae67b410cdae0b2a22361167b,4,174.0,0.0995,1.9101,0.5,1.0,0.0,0.75,5.5,2.33,0.6667,0.5,437
79ed755314cfe6df0daef2c6cd3022cd,23,169.89,0.1175,0.5994,0.0,0.0,0.8475,0.6957,4.21,4.73,0.0,0.7824,26
9e17b9d64683aebcbb9ee362d06463b4,2,49.35,0.3847,0.0,0.0,0.0,0.0,0.5,4.5,1.0,1.0,0.5556,558
ebef8d8c92b4fd3226e5d407bbff21ac,3,84.57,0.1906,-0.8505,0.0,0.3333,0.0,0.6667,1.67,2.67,0.3333,0.5556,539
989becdce12ebc39863c2bceab6f3ca1,18,435.6,0.1342,-0.6259,0.0,0.1333,0.5443,0.6111,4.56,4.56,0.0556,0.5247,39
6650fcccd8cd2f7e55ffa524f30c4c59,3,176.57,0.3134,0.0,0.0,0.0,0.0,0.3333,1.33,2.67,0.6667,1.0,299
5587130f9850696ed7fafbc91c2cee44,2,34.9,0.4827,-0.6012,0.0,0.0,0.0,0.5,2.0,5.0,0.0,1.0,27
218f991754f360af9c2daa5e0b8e990c,14,253.88,0.0746,4.6319,0.0,0.1429,0.5345,0.6429,3.93,3.64,0.2143,1.0,15
c8e135e7b21ecbc36c1153a29d2f5a06,7,166.5,0.0875,0.5999,0.0,0.0,0.202,0.7143,4.0,4.86,0.0,1.0,463
bd0a1b0aadca9a83d9304f7e8ff5fbd5,4,37.65,0.3625,0.0,0.0,0.0,0.0,0.25,1.25,4.5,0.0,1.0,36
e2c92f9c1c7746d899d18f2e158bbff7,14,135.34,0.2068,-0.2532,0.0,0.0,0.2673,0.3571,1.6,4.07,0.1429,1.0,27
0b18d63d0cd1d723567903fd34a07df2,9,186.46,0.1584,-0.8335,0.0,0.0,0.5092,0.4444,4.0,4.78,0.0,0.5918,83
485452467ff670447e84a8370c3fc898,3,58.57,0.7953,-0.677,0.0,0.0,0.3333,0.6667,5.0,4.67,0.0,0.5556,186
5fd924b4836098a5be0ecf81ba054ce0,7,164.11,0.118,-0.6351,0.0,0.0,0.5345,0.5714,3.12,4.0,0.1429,1.0,551
656591be56071d4c9ef4e5fee78a578a,7,243.14,0.1875,-0.6073,0.0,0.2857,0.5345,0.4286,2.57,4.57,0.0,1.0,484
9449f25aeaf531019b76999ea49a6949,10,204.65,0.0877,0.5,0.0,0.2222,0.6325,0.8,4.1,4.0,0.2,1.0,138
94ca168e8bcb407ab85c5da308863027,5,44.86,0.3895,0.9898,0.0,0.0,0.3464,0.0,1.0,5.0,0.0,0.68,10
c360e4787614ed31ac7a2f95d3b22dc6,1,188.9,0.1591,0.0,0.0,0.0,0.0,1.0,4.0,2.0,1.0,1.0,82
d8b8f2cf9ff6ba0389072541cb42498c,1,149.0,0.1343,0.0,0.0,0.0,0.0,1.0,9.0,5.0,0.0,1.0,103
d4e4b5192cba4e0e66eb12a9d347239d,12,36.82,0.476,-0.8344,0.0,0.0,0.4082,0.25,1.67,4.17,0.1667,1.0,301
daf565f087a52def0fd5c5825b3661bc,9,90.43,0.3783,-0.0157,0.0,0.1111,0.0,0.7778,3.56,3.62,0.375,1.0,12
186cdd1b2df32caa72cfb410bba768d3,6,223.58,0.2,-0.975,0.0,0.0,0.7071,0.5,2.5,5.0,0.0,1.0,28
d149de2f383552baea37a7198c2296ce,3,106.9,0.105,0.0,0.0,0.0,0.0,0.3333,2.0,5.0,0.0,1.0,7
6a8a889bde935bafa76d7848782dfaf9,26,33.11,0.4273,1.3333,0.0,0.0769,0.9134,0.2692,1.5,4.04,0.1154,0.68,91
33c51922b6e3c16b24a8f28e5833c99d,18,369.88,0.0553,-0.893,0.0,0.0556,0.5031,0.7222,4.78,4.24,0.1176,0.655,33
c1849d4d32d7a6cecd5aa471809d3135,3,129.66,0.1073,0.0,0.0,0.0,0.0,0.3333,2.33,4.33,0.0,0.5556,8
5f0057b677eb963672bf05dfa3f16c34,5,62.58,0.2142,3.7758,0.0,0.0,0.2828,0.6,2.6,4.2,0.2,0.44,561
525e75a6fb1454a2325ab1734bcec221,10,65.71,0.1826,-0.5,0.0,0.0,0.5477,0.4,1.7,3.6,0.2,1.0,336
cd52a8efd71af3336b14b5039b951cc1,3,56.93,0.3498,-0.4723,0.0,0.0,0.3333,0.6667,3.67,2.33,0.3333,1.0,282
3ea00e1dea2b0659dbaf654735929220,7,72.14,0.2871,0.0,0.0,0.0,0.0,0.0,1.0,4.86,0.0,1.0,173
ce20a2ec1514c25e16f2b5b39bc818f0,4,71.75,0.7283,-0.25,0.0,0.25,0.5,0.75,3.25,4.75,0.0,1.0,21
8c0de775f52fe41590b376a3b7c50f68,9,74.74,0.2012,-0.8862,0.0,0.0,0.5774,0.2222,1.33,3.89,0.1111,1.0,62
02f5837340d7eb4f653d676c7256523a,30,129.43,0.1496,0.0,0.0,0.0333,1.0044,0.6667,3.33,4.83,0.0333,1.0,26
a1ed30492b3b798bc121845bc4aa7366,1,41.8,0.567,0.0,1.0,0.0,0.0,1.0,3.0,3.0,0.0,1.0,427
4deebb3199eeafb282ae33229144f94b,4,194.92,0.1819,0.0,0.0,0.25,0.3536,0.5,1.75,4.0,0.25,1.0,37
31be790e64fc99f8ff48ec2bd18a3104,6,40.23,0.2994,4.0501,0.0,0.3333,0.6667,0.3333,1.33,4.33,0.0,1.0,17
f9f68daa2af419d38f745478bcb3da1a,2,11.2,1.2929,0.0,0.0,0.0,0.0,0.5,1.5,3.0,0.5,1.0,497
8936ba0de1073ee888cb3185ae5dc661,1,389.99,0.057,0.0,0.0,0.0,0.0,0.0,1.0,5.0,0.0,1.0,516
5a9c0859cb00fd8aa4db443837f0a700,2,104.0,0.2288,0.0,0.0,0.0,0.0,0.5,2.5,4.5,0.0,1.0,54
296729ffb9b684050dd24836dac4494a,2,57.0,0.3124,0.0727,0.0,0.0,0.0,0.5,2.0,5.0,0.0,0.5,32
a7ecf689b40a44361e259b28939023e4,1,389.0,0.0563,0.0,0.0,0.0,0.0,1.0,10.0,5.0,0.0,1.0,52
59cd88080b93f3c18508673122d26169,10,39.23,0.447,-0.0254,0.0,0.2,0.3162,0.4,1.64,4.7,0.0,0.5139,268
d9e7e7778b32987280a6f2cb9a39c57d,11,65.68,0.3652,-0.5787,0.0,0.3636,0.6983,0.7273,2.73,3.55,0.2727,1.0,87
b4f8921fcc4ff77b66bea6dda43dcd51,18,633.06,0.1289,-0.3004,0.0,0.0556,0.6804,0.6667,4.78,4.56,0.1111,1.0,13
4d0041cdbe51b4617d95c70b19decc74,8,654.4,0.044,1.3429,0.0,0.0,0.6374,0.875,6.0,4.5,0.0,1.0,34
9da1ca0bef29ee170e541927a5aeabdc,6,247.4,0.086,-0.75,0.0,0.3333,0.4082,0.8333,6.0,3.0,0.3333,0.5,343
8378eb36b6b70c5734e83ad7b8cdc3b7,7,244.97,0.141,-0.8661,0.0,0.1429,0.3499,0.7143,4.71,3.86,0.2857,0.858,63
c3fe93ba3085f92855c97e57f38c8c05,7,35.0,0.4652,-0.0769,0.1429,0.0,0.3194,0.2857,1.43,5.0,0.0,1.0,41
c8771b1a10bb99bb34d3c459c5cffb53,1,64.9,0.4807,0.0,0.0,0.0,0.0,1.0,2.0,5.0,0.0,1.0,461
f435898e493ba0356019a0b1cb8b55b1,10,64.98,0.3554,-0.6854,0.0,0.0,0.2828,0.5,3.0,4.4,0.1,1.0,101
39a5005f2605cbdb4f9ac14485cabfd1,3,167.02,0.4642,0.9538,0.0,0.0,0.0,0.6667,2.67,5.0,0.0,1.0,30
98dddbc4601dd4443ca174359b237166,2,79.0,0.3397,0.0,0.0,0.0,0.0,0.5,1.5,5.0,0.0,1.0,42
8a87611c08849ffeeccab52aa798b6c7,13,182.29,0.2048,0.4836,0.0,0.0,0.4742,0.5385,3.08,2.77,0.5385,0.398,548
a3b0df0065e264a91b7bbf5f844af5cd,2,93.34,0.1717,0.0,0.0,0.0,0.0,0.5,1.5,5.0,0.0,1.0,345
db1f0f7c7e5e87f40b62226f020bb297,3,19.67,1.0968,-0.8879,0.0,0.0,0.3333,0.3333,1.33,4.67,0.0,1.0,482
249f0e9905a6e06ad6c6bea7547ab9f6,3,115.98,0.1122,0.9871,0.0,0.0,0.0,0.0,1.0,3.67,0.3333,0.5556,31
f049a72cf58fd31b11f8919cade515e7,3,46.25,0.2324,0.168,0.0,0.0,0.3333,0.3333,1.67,3.33,0.3333,0.375,28
3442033154be05bac582e173ef54fd12,1,161.0,0.0521,0.0,0.0,0.0,0.0,0.0,1.0,5.0,0.0,1.0,18
262237171f48e85819065498cac80d7b,4,149.75,0.2504,2.0,0.0,0.0,0.0,0.25,3.25,4.25,0.0,1.0,32
7b7f91e98f8c6def45a1407923304402,11,37.95,0.4863,-0.3394,0.0,0.0909,0.1575,0.5455,2.55,4.18,0.1818,0.6429,43
01ed254b9ff8407dfb9d99ba1e17d923,5,293.2,0.0462,-0.7135,0.0,0.0,0.3464,0.8,4.8,5.0,0.0,1.0,299
cf6f6bc4df3999b9c6440f124fb2f687,1,3.5,2.4914,0.0,0.0,0.0,0.0,0.0,1.0,5.0,0.0,1.0,490
7994b065a7ffb14e71c6312cf87b9de2,5,90.6,0.3186,0.0,0.0,0.0,0.5657,0.4,2.33,5.0,0.0,0.5918,30
a435b009cd956ea60748b5cfbddf2e24,3,120.39,0.1252,-0.2483,0.0,0.6667,0.3333,0.6667,3.0,4.33,0.0,0.5556,404
a7b7354cc588f7566a848bcbb1ce3d96,2,39.9,0.3142,0.0,0.0,0.0,0.0,0.0,1.0,4.0,0.0,1.0,529
ae7ab174effdead6c241e547e4ca13f0,6,463.1,0.2863,-0.4942,0.0,0.0,0.4082,0.6667,5.0,4.33,0.1667,1.0,23
809413606dbfe5deefd2db646693ef67,3,65.56,0.2561,-0.5,0.0,0.0,0.0,0.3333,2.0,4.33,0.0,1.0,120
119c7f1a00ef43fad0e57604e76a747c,2,94.9,0.0897,-0.7338,0.0,0.0,0.0,0.5,1.5,4.5,0.0,1.0,188
fcba71d4d5db057f43249145e4eb1e27,3,164.85,0.1086,-0.1104,0.0,0.0,0.0,1.0,6.33,4.67,0.0,1.0,189
c0098efcf800861dcae589affca31408,9,132.14,0.1576,-0.0026,0.0,0.1111,0.6479,0.4444,2.44,4.78,0.0,1.0,48
612a743d294c27884fb7b80d2b19ba35,2,1528.85,0.0342,50.9014,0.0,0.0,0.0,0.5,5.5,4.5,0.0,0.5556,19
b77a27b1864483e721dc831d5ba4afa0,2,20.9,0.6847,0.0,0.0,0.0,0.0,0.0,1.0,3.5,0.5,1.0,481
ad273c9eb54ecb4532de4bf75bae9e4e,10,64.5,0.2864,4.9333,0.0,0.0,0.2828,0.1,1.64,4.1,0.1,0.8347,25
49383af7ab774e4e8f3000f49c83dc4b,8,82.5,0.367,1.0,0.0,0.0,0.3062,0.5,2.88,4.38,0.0,1.0,14
f8201cab383e484733266d1906e2fdfa,10,88.9,0.2878,1.3994,0.0,0.2,0.5099,0.5,2.1,4.1,0.1,1.0,23
7e79d65b5c6f1f544b7daea036acf720,4,129.45,0.1199,0.0,0.0,0.0,0.0,0.5,3.5,4.5,0.0,1.0,314
5a4236931428800e9d9cc04af0987118,1,44.97,1.016,0.0,0.0,0.0,0.0,1.0,3.0,5.0,0.0,1.0,48
5c030029b5916fed0986310385ec9009,7,594.91,0.2198,-0.244,0.0,0.0,0.202,0.8571,4.5,4.86,0.0,1.0,14
00720abe85ba0859807595bbf045a33b,13,77.5,0.3136,0.6923,0.0,0.1538,0.5274,0.4615,2.46,3.62,0.2308,1.0,31
9b00cad94ef3078faf6fba2e792c158f,1,354.9,0.0533,0.0,0.0,0.0,0.0,1.0,3.0,5.0,0.0,1.0,257
f5b44895715ddfe3087dc414f30268f3,19,19.94,0.7277,2.0,0.0,0.0526,0.4965,0.3158,1.57,4.0,0.1579,1.0,40
8bdd8e3fd58bafa48af76b2c5fd71974,11,211.35,0.082,-0.5963,0.0909,0.1,0.668,0.8182,3.5,4.55,0.0909,1.0,29
bd149ed516d4c5d418d5781f8e18919f,8,51.75,0.3429,0.9745,0.0,0.0,0.4677,0.25,2.33,4.88,0.0,1.0,11
365e445f796710c3431557e85caa25db,4,278.75,0.0711,-0.3853,0.0,0.0,0.3536,0.5,5.0,4.5,0.0,0.52,444
324583d68897f5ddbaf38f6248322176,2,42.0,0.5237,0.0,0.0,0.5,0.0,0.0,1.0,1.0,1.0,1.0,190
e595809a6c31ec4314fd06ef198c244d,1,39.0,0.4674,0.0,0.0,0.0,0.0,0.0,1.0,5.0,0.0,1.0,175
626ab1cd96932367f0eeec2e47046c12,3,436.67,0.0614,0.5686,0.0,0.0,0.3333,0.6667,4.33,4.67,0.0,0.5556,37
dd58ee93286b0821565574c570e9e1dc,2,1474.0,0.0255,2.2175,0.0,0.0,0.0,0.5,5.5,5.0,0.0,1.0,485
c7b7db6c8f3c64a7cc1afa634db21d50,1,1489.0,0.0154,0.0,0.0,1.0,0.0,1.0,10.0,1.0,1.0,1.0,176
bc503e244f187939d10c92a5c8e378ce,7,91.1,0.3483,-0.76,0.0,0.1667,0.3194,0.1429,1.43,3.29,0.4286,1.0,189
7586919161935337bf6b6d7ff5779648,11,151.34,0.1984,-0.8015,0.0,0.1818,0.5821,0.3636,2.73,3.82,0.2727,0.8951,167
d3dcf0604eabf0224fbd5948b5e02f69,9,322.48,0.0569,7.8493,0.0,0.3333,0.4157,0.7778,4.0,3.89,0.2222,0.3333,38
31ae0774c17fabd06ff707cc5bde005f,11,610.9,0.1266,-0.3714,0.0,0.0909,0.3402,0.7273,7.09,4.0,0.1818,0.4876,9
d101c6da914ae3d53f7bee42283f2fe2,13,99.8,0.2005,0.907,0.0,0.0769,0.3846,0.6154,4.54,3.71,0.2857,0.4141,461
10cdd491d1dbea8fb4ead97b19c334ce,3,69.63,0.3775,0.3211,0.0,0.0,0.3333,0.6667,1.67,5.0,0.0,1.0,41
f125f3a310c2e5f822d116147de1e474,16,172.59,0.1043,3.2584,0.0,0.125,0.6614,0.75,4.0,4.19,0.0625,0.7645,14
3ef37b7ca6dd2b80bd8af81a62504996,2,350.0,0.0585,0.0,0.0,0.0,0.0,0.5,4.0,4.5,0.0,1.0,367
b81e3a6c866a764974fe849821abeebd,8,104.52,0.2594,0.3285,0.0,0.0,0.25,0.375,2.38,4.62,0.0,0.6033,19
c3ee2331a724e6fc02c4b698b57a73f3,2,673.5,0.1046,-0.5,0.0,0.0,0.0,1.0,10.0,3.0,0.0,1.0,275
8c3b533c63cca56240f94f1e3a6b18ef,5,662.43,0.2988,-0.2273,0.0,0.6667,0.3464,1.0,7.4,1.5,0.75,0.7812,393
058cb5aeb36d7c0fcae20fc85d5e0a59,12,110.67,0.5869,0.6195,0.0,0.0909,0.6009,0.6667,4.0,3.58,0.25,1.0,20
bba8d0c234a52b87b3957037a215d1a4,1,120.0,0.1628,0.0,0.0,0.0,0.0,0.0,1.0,5.0,0.0,1.0,122
4bcec44888b30ba9001234c534716d3f,5,29.2,0.4331,-0.45,0.0,0.0,0.0,0.2,1.17,4.6,0.0,1.0,47
ccada0ef508e698917a6eab263375905,3,57.6,0.3424,4.213,0.0,0.0,0.0,0.3333,2.0,3.67,0.3333,0.5556,333
e5d4b2b0c3bca22085f7a19a28de0c42,4,51.45,0.3098,1.9636,0.0,0.25,0.3536,0.25,2.75,4.5,0.0,0.375,281
167fd940acebc789debd6eb418c46e38,5,215.52,0.0936,1.0007,0.0,0.2,0.0,0.4,3.2,3.0,0.4,1.0,91
2dcf93836ae3ce0d7c93e2f10876467a,9,160.42,0.1237,-0.5839,0.0,0.2222,0.4714,0.6667,3.11,4.11,0.1111,0.7222,27
8cf21434553b02cbd37c0bbd07e041b0,2,47.49,0.707,-0.1,0.0,0.0,0.0,1.0,2.0,2.5,0.5,1.0,172
d9d43faf741ceaa8da52fdbb81d9e0e3,6,35.0,1.006,-0.2278,0.0,0.0,0.4082,0.1667,1.67,3.67,0.3333,1.0,27
5cf1ec37aea089f45110c70653a166ab,3,16.67,0.862,0.3333,0.0,0.0,0.0,0.0,1.0,3.67,0.3333,1.0,264
d29ba1220fb8634fa3a107e54497b8a4,9,80.55,0.2523,-0.7353,0.0,0.0,0.5774,0.7778,3.44,3.22,0.3333,0.8025,19
cac63f48c38cd7d002a7e846dcd99a23,10,87.4,0.1609,0.0,0.0,0.0,0.3464,0.4,2.5,4.82,0.0,1.0,16
96804ea39d96eb908e7c3afdb671bb9e,38,95.02,0.2091,-0.9923,0.0,0.027,0.4497,0.3421,2.42,4.05,0.1579,0.4125,129
024b564ae893ce8e9bfa02c10a401ece,2,353.2,0.3001,-0.4887,0.0,0.0,0.0,0.5,5.5,4.5,0.0,0.625,568
7f5e4d5efad7e44b91115dd1decb65f3,3,59.97,0.4304,1.0033,0.0,0.0,0.3333,0.0,1.0,5.0,0.0,1.0,36
b16d3dadc47d4eb18be3d88bad0775ce,10,72.21,0.2471,-0.7566,0.0,0.1,0.6633,0.4,2.2,4.3,0.1,0.5702,18
213fafb0ca06fb3d5886579c2565791b,3,63.23,0.1432,3.4355,0.0,0.0,0.3333,0.3333,1.67,2.33,0.6667,0.3333,11
58c851d1a3c7cd3da329eb59453fed44,2,134.5,0.0902,0.0,0.0,0.0,0.0,0.5,2.0,5.0,0.0,1.0,13
c8c1bea22194a4eefa2dc9a9fa89f536,7,180.86,0.2312,-0.8953,0.0,0.0,0.7143,0.4286,3.57,5.0,0.0,1.0,31
412a4720f3e9431b4afa1476a1acddbe,21,98.0,0.2483,-0.821,0.0,0.0476,0.4492,0.2857,1.81,4.24,0.0952,0.5413,21
79a679c36c08d606b3fd47ead9de109b,3,311.67,0.1468,-0.75,0.0,0.3333,0.0,0.6667,2.33,2.0,0.6667,1.0,123
e819bcfade7b5d88a27325eb6cfd62c5,5,40.58,0.6671,-0.2108,0.0,0.2,0.2,0.2,2.5,4.2,0.2,0.686,14
a218df5c097b0ca409cfaac1488cc7f6,4,32.67,0.8418,1.5514,0.0,0.0,0.0,0.25,1.8,2.75,0.25,0.375,69
916748bc99315c2d202898ae58b1617e,25,14.78,1.0209,1.0,0.0,0.0,0.2683,0.16,1.19,4.28,0.08,0.7734,282
2379bdc3888025689a9deb7b141507d5,9,111.06,0.1262,0.0,0.0,0.3333,0.5092,0.4444,3.3,4.33,0.1111,0.6543,31
4091f77d8c768fc3e81c20761471761d,8,134.88,0.214,-0.1667,0.0,0.25,0.866,0.5,3.0,2.75,0.375,1.0,27
bd43e172d599bed47a85da877172ca8c,1,23.92,0.7638,0.0,0.0,0.0,0.0,1.0,4.0,5.0,0.0,1.0,48
33dd941c27854f7625b968cc6195a552,5,1357.5,0.0561,-0.5363,0.0,0.0,0.2828,0.8,5.4,4.4,0.2,1.0,31
51e0557bc7b86de13e946c60ee91ce39,1,45.8,0.3843,0.0,0.0,0.0,0.0,1.0,3.0,5.0,0.0,1.0,477
7402d13c03a7e91366337cd1de471144,4,132.09,0.2483,-0.8578,0.0,0.0,0.3536,0.25,3.25,3.5,0.25,0.625,17
ef30892870c278497523264be1be2241,9,87.02,0.1396,0.1617,0.0,0.0,0.1111,0.6667,3.11,4.56,0.1111,1.0,215
a63bfbaa882c8f4542891b4e2246cc7f,7,967.43,0.039,-0.6363,0.0,0.1667,0.202,0.8571,7.43,4.43,0.1429,1.0,11
14ee35374a7876217954b5fa08e50463,6,134.83,0.141,-0.2398,0.0,0.1667,0.4082,0.6667,4.67,4.33,0.0,0.7222,229
e7df4cd29ab5abab70fb0783ddb53987,23,417.77,0.043,-0.93,0.0,0.1739,0.7493,0.4783,3.21,4.3,0.087,0.4618,15
fe8055980a4ff7f64ed889c2b5926929,3,65.57,0.2709,0.188,0.0,0.0,0.3333,0.3333,2.67,4.67,0.0,0.5556,40
6c99c983ce3b6ba0ab813e6790e81691,9,60.75,0.3763,-0.6659,0.0,0.0,0.5774,0.3333,1.4,3.78,0.2222,0.8025,27
68f86ba270525243e68ae74044f992b9,11,79.68,0.2223,-0.009,0.0,0.1,0.3402,0.6364,2.23,4.36,0.0,1.0,24
2ff6b7bff164ef05590a52734e1296da,7,257.66,0.084,-0.4781,0.0,0.0,0.3499,0.5714,4.29,4.71,0.0,0.2653,115
5151aea44289d6c6b090ee31c2132508,7,187.9,0.1271,0.0,0.0,0.0,0.0,0.8571,4.43,1.83,0.6667,1.0,560
02c988090b766852e088c69d7fb3b551,13,124.51,0.1349,-0.0553,0.0,0.0,0.2551,0.4615,2.47,4.58,0.0833,0.6401,19
c963a25b8671419c6ce9eebe8fd03218,1,49.0,0.3943,0.0,0.0,0.0,0.0,1.0,6.0,5.0,0.0,1.0,125
c37b2059d4f90d4feead554e5246565e,12,69.94,0.2645,0.0,0.0,0.25,0.2635,0.5833,3.42,3.33,0.4167,1.0,63
7b8e8ec35bad4b0ef7e3963650b0a87b,5,448.86,0.1658,-0.7993,0.0,0.2,0.2828,0.4,3.0,4.8,0.0,0.52,39
d66c11a9572221d92fbb8c4897db5f9b,16,48.53,0.4994,1.8589,0.0,0.0,0.1768,0.25,1.94,4.56,0.0,0.6797,12
a5259c149128e82c9d6d46e0c1c812bb,8,147.78,0.3712,-0.7937,0.0,0.0,0.5,0.875,5.62,3.88,0.25,1.0,178
542917da124346b47ea1ac79a93ce454,20,65.2,0.2785,-0.7081,0.0,0.05,0.5477,0.4,2.7,4.19,0.1429,0.545,392
b274baf5bbd142410eb2958cf685d684,7,83.7,0.2537,-0.5392,0.0,0.0,0.5345,0.4286,2.11,4.29,0.1429,0.551,45
48985c61529077fa4f1e38bcff0f2ed3,7,125.61,0.1684,-0.2309,0.0,0.0,0.3194,0.5714,2.29,4.43,0.0,1.0,398
1961c3e1272bfeceb05d0b78b5bbfdaf,3,298.67,0.0552,-0.6765,0.3333,0.0,0.3333,0.3333,1.67,3.33,0.3333,1.0,16
63272377184e969942f7fff221be858d,2,74.85,0.4444,0.0,0.0,0.0,0.0,1.0,4.5,5.0,0.0,1.0,473
2c54051840f19eca309a5423cf22df36,2,11.85,1.2055,0.0881,0.0,0.0,0.0,0.0,1.0,4.5,0.0,1.0,152
9d489893ff6af05029671b785f54b998,5,59.74,0.3433,1.6483,0.0,0.2,0.5657,0.2,1.4,4.0,0.2,0.5556,11
a67780aba9dd436e7ac0aa1f889e73ec,6,143.83,0.2063,0.0,0.0,0.3333,0.3333,0.5,4.83,3.67,0.1667,0.7222,28
62d977e2b2aee830de3e039a28490d12,2,199.9,0.0808,0.0,0.0,0.0,0.0,0.5,1.5,1.0,1.0,1.0,241
bc30de0d71bd6260b936a026b5cf7200,3,130.79,0.2306,0.0,0.0,0.0,0.0,0.3333,1.67,4.67,0.0,1.0,130
3cfa1358a6caa965278721344c8d76f2,5,628.06,0.0259,-0.9523,0.0,0.0,0.2828,0.8,5.8,4.8,0.0,0.52,82
013900e863eace745d3ec7614cab5b1a,23,70.42,0.29,-0.52,0.0,0.0,0.5568,0.6522,3.33,4.7,0.0435,0.4822,143
ab3e0c171fe84a7ba7de130f19cfb485,7,123.35,0.1995,-0.6999,0.1429,0.3333,0.3499,0.2857,2.0,3.57,0.2857,0.5,151
7fdb0720c8d7c9075538b365dc8c3a22,9,200.44,0.2685,-0.7456,0.0,0.1111,0.1925,0.5556,3.0,2.44,0.5556,0.42,43
35ef5aa32949680f627efec3c23e705c,4,90.4,0.4337,2.4738,0.0,0.0,0.3536,0.5,2.25,3.75,0.25,1.0,419
1782ce2db72c3dda627d5e7c898104e1,9,223.42,0.1031,0.3277,0.0,0.1111,0.5443,0.5556,2.4,4.33,0.0,0.42,121
a45765f8afb1e594b22bf9e974b46765,1,79.99,0.1116,0.0,0.0,0.0,0.0,0.0,1.0,4.0,0.0,1.0,543
7a91bf945c6fae0779f1c61ce97fe45c,5,159.9,0.1033,0.2694,0.0,0.25,0.3464,0.6,3.33,3.8,0.2,1.0,287
be1e9e378700cecaa4ebf71433d7915c,2,59.95,0.3138,-0.2848,0.0,1.0,0.0,0.0,1.0,3.0,0.5,1.0,224
1cbd50a8c52e6cf8e315c5709fab386f,9,87.33,0.2808,2.469,0.0,0.1111,0.2222,0.2222,1.56,3.78,0.1111,0.2346,45
5bf397d04035b5f45cc41e82ec106803,3,508.33,0.031,-0.7992,0.0,0.0,0.3333,0.6667,5.67,4.33,0.0,0.625,63
c394e193cda3b4225ff2094d32184849,3,1139.96,0.056,-0.8,0.0,0.0,0.3333,0.3333,2.67,3.67,0.3333,1.0,106
b5b800c4065bebf4d3442311c9857344,1,79.9,0.1115,0.0,0.0,0.0,0.0,1.0,3.0,5.0,0.0,1.0,125
5dc203c7b84a0e71e878a179de05fb9a,5,84.38,0.3037,-0.6032,0.0,0.0,0.3464,0.2,1.8,4.0,0.2,0.44,27
670a9dda115b5a88b18cfadee8de2332,11,83.54,0.1992,0.3577,0.0,0.0,0.3748,0.5455,2.45,4.45,0.0,0.686,18
e73bf2cea7fe4b0b4d287a7568ed1099,4,184.42,0.1357,-0.1511,0.0,0.0,0.5,1.0,6.5,5.0,0.0,0.68,8
8dfbc5ff27df12f6cef751d3b9554222,4,56.5,0.3988,19.5,0.0,0.0,0.3536,0.25,1.75,4.5,0.0,1.0,19
acadd4d36859671cb635527c6c977533,12,198.42,0.1117,0.5895,0.0,0.1667,0.677,0.5,3.33,4.25,0.0833,0.8472,26
07bf9669d84d1f11be443a9dd938f698,18,98.67,0.3639,0.2083,0.0,0.0,0.6939,0.6667,4.17,3.72,0.2778,0.8472,68
180c3376aff0e43dd5788709df48a843,5,902.6,0.0465,0.0,0.0,0.2,0.3464,0.4,3.4,4.4,0.2,0.82,243
ab91571efab27993ff2f6b36e38055c3,3,34.08,0.5545,0.0,0.0,0.3333,0.0,0.3333,1.33,4.67,0.0,1.0,40
15ead3a5037a918ddb520dfe39a3d2b9,7,39.36,0.5751,1.0935,0.0,0.1667,0.5345,0.1429,1.33,4.29,0.1429,1.0,132
3a490ba60afa30ece0e7d50cfe74a4f0,8,191.15,0.1085,-0.5,0.0,0.0,0.3062,0.625,4.0,4.62,0.0,1.0,259
b8630e1121437d41cb08e3c749c2c2e2,12,582.33,0.0495,-0.9585,0.0,0.1667,0.6009,0.5,3.62,4.33,0.1667,0.625,28
a7dc4098e4da6e41b426269d12ae7e91,2,259.0,0.0704,-0.4765,0.0,0.0,0.0,0.5,2.5,3.0,0.5,1.0,24
61b893c57e33626afb104d4112b1be76,1,74.99,0.1747,0.0,1.0,0.0,0.0,1.0,8.0,1.0,1.0,1.0,529
38f276ca6e7cc95a6d1bb55ac9e5550f,1,24.99,0.4742,0.0,0.0,0.0,0.0,1.0,3.0,5.0,0.0,1.0,281
4221a7df464f1fe2955934e30ff3a5a1,5,169.9,0.282,0.0,0.0,0.0,0.2828,0.4,2.2,4.8,0.0,1.0,21
d26aa40b90272d4843d63be7c1462c8d,2,76.45,0.1604,0.8849,0.0,0.0,0.0,0.0,1.0,4.5,0.0,1.0,33
b1aaae6b66ad3c40f54b389d7ea4bee0,15,78.43,0.3338,6.0323,0.0,0.0,0.4714,0.3333,2.07,4.4,0.0667,0.5571,467
e64882b4ef12aee8d0faca4db5b681f4,1,230.0,0.1879,0.0,0.0,0.0,0.0,0.0,1.0,4.0,0.0,1.0,234
cbf09e831b0c11f6f23ffb51004db972,10,153.52,0.1825,-0.542,0.0,0.0,0.4472,0.8,4.7,4.4,0.0,0.68,13
70849ca4f400aaabb62cb7462a6f1428,12,75.8,0.2569,0.121,0.0,0.1667,0.4082,0.25,1.38,4.42,0.0833,0.3333,16
a4fc6eadaff1576af888509a53420f6a,1,100.86,0.2058,0.0,0.0,0.0,0.0,1.0,2.0,3.0,0.0,1.0,104
d4f91e8be86b38da2ee35bc489645a9d,1,49.99,0.2234,0.0,0.0,0.0,0.0,1.0,3.0,5.0,0.0,1.0,695
cb4a705d00e100b9732d0ca34817d441,1,998.0,0.0827,0.0,0.0,0.0,0.0,1.0,10.0,1.0,1.0,1.0,283
b64d51f0435e884e8de603b1655155ae,17,24.48,0.8587,1.7326,0.0,0.1765,0.7347,0.2353,1.44,4.29,0.1176,0.5198,10
6f1a1263039c76e68f40a8e536b1da6a,4,64.1,0.3918,1.0,0.0,0.5,0.3536,0.25,1.75,1.5,0.75,1.0,231
4965a7002cca77301c82d3f91b82e1a9,1,8.49,0.927,0.0,0.0,0.0,0.0,0.0,1.0,5.0,0.0,1.0,135
c0f3eea2e14555b6faeea3dd58c1b1c3,1,79.99,0.1958,0.0,0.0,0.0,0.0,0.0,1.0,5.0,0.0,1.0,31
ff4ea69c2a729e83e63c7579e4ef8170,9,779.67,0.0245,-0.2356,0.1111,0.0,0.6479,0.6667,5.0,4.5,0.125,1.0,409
f22a247b79dd22ecd91dc8e3b2a1b07c,8,54.99,0.3066,-0.0753,0.0,0.25,0.4677,0.625,3.0,4.0,0.125,1.0,11
87b740daf17b5d1be335a64164ec6842,13,1130.76,0.1009,0.3571,0.0769,0.0909,0.4742,0.9231,8.43,3.31,0.3077,1.0,172
ab27bbbad5239bc31a34709275a70db4,3,127.63,0.2668,0.6664,0.0,0.0,0.3333,0.6667,7.0,5.0,0.0,0.5041,62
4eb61f060e7dcc1d5a80d806c35cc541,8,164.12,0.1166,3.2059,0.0,0.0,0.6124,0.875,3.12,3.88,0.125,0.7812,11
05e107217c7266362fd44b75b2cd4cc4,5,38.68,0.4241,5.4434,0.0,0.4,0.6,0.2,1.6,4.2,0.0,1.0,13
820c7c9eaf76d2b226b6c242bcf3f34d,1,559.0,0.0322,0.0,0.0,0.0,0.0,0.0,1.0,4.0,0.0,1.0,581
5659d77e8d90378e39b960ad5956f64e,2,91.24,0.168,0.1859,0.0,0.5,0.0,0.5,2.5,2.5,0.5,0.5,163
3e46a38ee171c503c3b4a3f23fe3bf0c,1,59.9,0.1521,0.0,0.0,0.0,0.0,1.0,3.0,5.0,0.0,1.0,73
d63f306de130e0391d38a792541723b8,1,49.0,0.1551,0.0,0.0,0.0,0.0,0.0,1.0,5.0,0.0,1.0,14
9bf11dfc0bec77e5a23028043c3c5a8f,1,115.0,0.1483,0.0,0.0,1.0,0.0,1.0,10.0,1.0,1.0,1.0,283
01bcc9d254a0143f0ce9791b960b2a47,11,138.29,0.1825,0.3671,0.0,0.0,0.7273,0.4545,1.85,4.4,0.0,1.0,213
312ba1d77e9c332ef21f9598b7f64cd7,9,84.0,0.1747,-0.6154,0.2222,0.5714,0.8889,0.4444,2.33,3.0,0.5,0.82,42
a150c540f572d0fb53992264bc5c10b5,1,119.9,0.13,0.0,0.0,0.0,0.0,1.0,4.0,4.0,0.0,1.0,211
c54679b132454625907c773d273d4126,7,147.43,0.1046,-0.422,0.0,0.0,0.3499,0.7143,4.0,4.86,0.0,1.0,37
72c38a04bd6a1c3dbc5298425a0db86d,4,161.82,0.1751,-0.852,0.0,0.0,0.3536,0.75,2.25,3.75,0.25,0.44,60
b3809b8d4394588a47c8470ea331e135,1,89.0,0.0885,0.0,0.0,0.0,0.0,0.0,1.0,4.0,0.0,1.0,59
253f95b3a0e6983ae18aed49fbc2b845,5,159.9,0.1144,0.239,0.0,0.0,0.2828,0.4,1.6,4.4,0.0,1.0,84
91f5779a8731baca4809fdeade81803f,6,328.58,0.0739,0.0,0.0,0.0,0.3333,0.6667,5.17,3.83,0.1667,0.5556,147
2fdde51ad3e12f297da656d4fbd5d0b5,10,625.2,0.0995,5.3539,0.1,0.0,0.3162,0.8,7.2,4.7,0.0,0.68,322
de09d00cfc265b8804c7df34075a68fa,3,261.33,0.0561,-0.3779,0.0,0.0,0.0,1.0,4.67,3.33,0.3333,1.0,119
b7ed9fb14c8eadb37adb9c45d67ab0fb,7,80.86,0.3918,-0.3699,0.0,0.0,0.3499,0.4286,1.71,3.29,0.4286,0.5372,38
6dc9bec584588412a6a338830946a3e4,2,280.0,0.1926,0.0,0.0,0.0,0.0,1.0,8.5,1.5,1.0,1.0,563
1d0997ff06b524ce9289ffd75114ecd3,3,1249.0,0.0338,-0.5421,0.0,0.3333,0.0,0.6667,5.0,3.67,0.3333,0.5556,283
b57e8460909fa137df7951b4a3b5ea84,1,198.0,0.4249,0.0,0.0,0.0,0.0,0.0,1.0,2.0,1.0,0.5,550
a7c53f6b3b61adbdaa99dda97e8cbd56,1,99.0,0.1141,0.0,0.0,0.0,0.0,0.0,1.0,4.0,0.0,1.0,546
f664f98bfda2eaf266a23ff144e7a872,2,77.0,0.0507,-0.706,0.0,0.0,0.0,0.5,4.5,3.0,0.5,0.5,288
97e995629983723d11830a829bc2b246,5,99.9,0.1989,0.1502,0.0,0.0,0.3464,0.8,3.0,4.8,0.0,0.52,18
c3e2398fcc7e581cda2e546557bf6968,1,14.9,1.0221,0.0,0.0,0.0,0.0,0.0,1.0,5.0,0.0,1.0,72
bf961104a38e01b9062ee026bb657dee,4,146.39,0.1365,0.0,0.0,0.0,0.0,0.75,6.0,4.5,0.0,1.0,571
7210cd29727d674c00741e5e387b3ccd,9,81.01,0.199,-0.2961,0.0,0.1111,0.4714,0.6667,4.0,4.44,0.1111,0.2308,14
458d868c9642f55f18f04e951a3fdde6,2,1359.0,0.0385,0.0,0.0,0.0,0.0,1.0,8.5,5.0,0.0,1.0,398
b452cb0ae35044c4a53179c39f49fb06,2,31.85,0.6011,0.0,0.0,0.0,0.0,0.0,1.0,4.0,0.0,0.5,93
538caafddff204241cecbf3a02e6b3cf,9,16.48,0.6621,0.4388,0.1111,0.5,0.5092,0.0,1.0,2.56,0.5556,1.0,53
4bf658053d453036c70976bccb2c31b2,2,871.5,0.0468,0.0676,0.0,0.0,0.0,0.5,5.5,4.5,0.0,0.5,473
258447aad3f7b01e2643c89f64dc5647,1,51.9,0.3767,0.0,0.0,0.0,0.0,1.0,3.0,5.0,0.0,1.0,41
5962468f885ea01a1b6a97a218797b0a,8,98.88,0.1732,1.0,0.0,0.0,0.5,0.875,4.0,4.14,0.1429,1.0,252
28fb0829fd777877cdc350d25cb5bd5b,4,124.9,0.1394,1.0,0.0,0.0,0.3536,0.5,2.6,3.75,0.25,1.0,237
43a1d4bab73b816e44ef4e4facd9f9b5,1,189.9,0.0816,0.0,0.0,0.0,0.0,0.0,1.0,4.0,0.0,1.0,560
fc59392d66ef99377e50356ee4f3b4e1,5,104.0,0.1673,-0.3514,0.0,0.0,0.3464,0.4,2.83,3.6,0.4,0.36,22
a4bd6e9adf39b63f43dc545d3ca1f53d,4,462.15,0.0608,-0.0006,0.0,0.0,0.0,1.0,5.25,4.5,0.0,0.52,123
f44bdc12aa39f5271f0b95f66cd4c289,5,71.5,0.2086,1.2609,0.0,0.2,0.3464,0.4,2.33,3.2,0.4,1.0,27
3d4824f20035949c710eaf111f869d39,9,115.67,0.1667,-0.106,0.0,0.125,0.2722,0.5556,3.2,4.11,0.2222,0.18,11
160851d3ece7aa1a510f8d1a4bb8a8af,2,51.02,0.3831,0.1759,0.0,0.0,0.0,0.0,1.0,5.0,0.0,1.0,14
9cf787a239c1aa29dbd76f153dc13f9a,4,79.0,0.1658,0.0,0.0,0.0,0.0,0.25,1.5,4.75,0.0,1.0,18
8f2b51a30523cdecddc2f179f351c7d6,7,146.84,0.1443,4.4054,0.0,0.0,0.4738,1.0,4.57,4.14,0.1429,1.0,429
4f0d637c1197fd65405ebd755ac9f86b,2,99.9,0.1635,0.2225,0.0,0.0,0.0,0.5,2.5,5.0,0.0,1.0,75
039b29ff3b3473435d0cd59040575de9,9,12.77,0.876,2.2663,0.0,0.0,0.6479,0.1111,1.22,4.44,0.0,0.5062,11
a45314082d50d578a4721c9787ce09ab,2,212.45,0.0683,0.0,0.0,0.0,0.0,1.0,6.0,5.0,0.0,0.5,16
c03121937e54a93fcc1825c3098bbb6e,7,149.0,0.1486,-0.5,0.0,0.0,0.3194,0.7143,2.86,5.0,0.0,1.0,123
a2fa0bdc798ee84cdb08281337cf4fb6,10,39.28,0.5557,0.0984,0.0,0.0,0.3464,0.5,2.1,4.0,0.2,1.0,171
9ac4f14370b1e24ddc58be041b7f99df,5,62.9,0.3884,0.5716,0.0,0.0,0.3464,1.0,3.8,4.4,0.0,0.44,60
a06c8ff043abea0528ee44171e2140a2,8,64.31,0.1797,-0.5406,0.0,0.0,0.3536,0.5,2.0,4.75,0.0,0.5938,25
e9729944ba65dc3ce425e0c5a22ae7b2,4,229.17,0.0673,1.2999,0.0,0.25,0.0,0.75,3.0,3.75,0.0,1.0,86
89de2d6f23e9746ff309705b23581faa,8,42.5,0.4708,-0.8276,0.0,0.0,0.75,0.0,1.0,2.71,0.5714,1.0,31
0a198e95d32b1be2da9424c962a6ebfa,1,69.99,0.2383,0.0,0.0,0.0,0.0,0.0,1.0,5.0,0.0,1.0,82
4d8809767a5bafe22909c77951fb6b41,1,50.0,0.1744,0.0,0.0,0.0,0.0,0.0,1.0,5.0,0.0,1.0,313
b9ec22de23f18567de0e09d776ca0309,2,170.99,0.1184,-0.29,0.0,0.0,0.0,1.0,8.0,5.0,0.0,1.0,20
3d39fbf22a665714baf62fae36029e23,8,313.03,0.0522,-0.8387,0.0,0.0,0.559,0.75,3.38,4.75,0.0,0.625,282
56e361f411e38dcef17cdc2a3d99628b,5,259.6,1.4312,-0.8327,0.0,0.2,0.2,0.0,1.0,4.0,0.2,0.52,11
f26d70155c2b6326fcfa1780c8c684e4,1,202.89,0.0797,0.0,0.0,0.0,0.0,0.0,1.0,5.0,0.0,1.0,434
1cbdc7cf130a41fd13a3c2a7d2fcfda7,2,82.9,0.3607,0.0,0.0,0.0,0.0,0.5,1.5,5.0,0.0,1.0,62
dc50afafdfa325eadc890c7fa42a8f4e,4,106.05,0.135,-0.0997,0.0,0.0,0.3536,0.25,1.8,4.75,0.0,0.625,23
8b181ee5518df84f18f4e1a43fe07923,1,27.9,0.9706,0.0,0.0,0.0,0.0,0.0,1.0,5.0,0.0,1.0,96
81783131d2a97c8d44d406a4be81b5d9,13,137.12,0.1094,2.3948,0.3846,0.125,0.3846,0.6154,3.29,3.5,0.3333,0.76,19
c4d51195486dc781531876a7d00453d8,17,674.65,0.0496,-0.4869,0.0,0.2941,0.5853,0.5882,4.0,3.94,0.1176,0.8893,90
46ef1a25845fc051c2998d878354810c,5,50.08,0.3915,-0.7437,0.0,0.2,0.3464,0.4,2.0,4.4,0.0,0.68,17
8759e7aedd644f487315e5860962f162,3,209.0,0.2653,1.0,0.0,0.3333,0.3333,0.6667,1.67,3.67,0.3333,1.0,250
a0a14e50070f3225b3eabba5b85da517,4,44.05,0.4111,0.0,0.0,0.0,0.0,0.5,2.5,4.5,0.0,1.0,19
8a43128d7f9a3db592b866e6861a6cce,3,330.2,0.0685,-0.894,0.0,0.0,0.3333,0.3333,2.67,2.33,0.6667,0.375,11
8a8835a43bda99fd37310ad76c457510,2,112.17,0.1524,-0.072,0.0,0.0,0.0,0.5,5.5,4.5,0.0,1.0,32
f9903dd0f812c7e771fcad47b6fff231,10,168.49,0.2473,-0.7693,0.0,0.0,0.3464,0.7,4.4,3.2,0.3,0.5733,14
282c7480173bb9c01dd41cc739fec010,5,854.84,0.0449,0.0,0.0,0.2,0.0,0.2,1.4,4.0,0.25,0.7812,379
0791d9fc1e30678ecf03d3e55fa108d3,5,168.4,0.2221,-0.6549,0.0,0.0,0.2828,0.4,3.6,4.0,0.2,1.0,41
4e8dacf3d38f281ae26c3e0321d92d88,10,264.5,0.0817,4.5865,0.1,0.125,0.6325,0.6,4.0,2.8,0.5,0.5022,455
ff4e2d38692ce827b1a4f4b8196e680d,11,47.17,0.2896,-0.6006,0.0,0.0,0.7977,0.1818,1.55,4.27,0.0909,0.5372,57
c161d1327ebc3a156c09582ab2f59f6c,3,17.66,0.4405,0.2152,0.3333,0.0,0.0,0.0,1.0,3.0,0.3333,0.5556,206
e88c9b79e592e370d6bd852eeefbf057,8,31.48,0.5642,3.0538,0.0,0.0,0.4677,0.25,1.25,4.75,0.0,0.8025,417
74871d19219c7d518d0090283e03c137,6,91.67,0.1598,-0.7663,0.0,0.0,0.3333,0.1667,1.17,5.0,0.0,0.4286,13
0570350b23eda5444f8d1d9544932058,6,104.48,0.1992,0.6274,0.0,0.0,0.0,0.8333,3.33,5.0,0.0,0.5041,104
f307937c1bb287c3efc2a514b94b0d1d,1,189.99,0.1401,0.0,0.0,0.0,0.0,0.0,1.0,5.0,0.0,1.0,457
7d948535954aaf8c5d39db007f74372e,4,48.5,0.2258,0.0426,0.0,0.0,0.0,0.5,2.25,3.75,0.25,0.625,148
41da412d33e8da4f22baf55cb1bde82c,15,57.53,0.4336,-0.4295,0.0,0.0,0.383,0.2667,1.94,4.67,0.0,1.0,75
2009a095de2a2a41626f6c6d7722678d,8,48.61,0.4977,-0.8014,0.0,0.0,0.5,0.5,2.25,4.38,0.125,0.625,309
a99504ac23ed125aaf5302af6cc30af9,1,978.0,0.0483,0.0,0.0,0.0,0.0,1.0,2.0,5.0,0.0,1.0,324
406740ee611378a662d274c7d8c43c4a,8,223.75,0.1017,-0.1354,0.0,0.125,0.0,0.125,1.44,4.38,0.125,0.52,143
2dd1fb6f0e42a2243b8a01e40cd41216,4,211.47,0.1145,2.9761,0.0,0.0,0.5,0.75,4.75,3.0,0.5,1.0,499
d79e8478eed9999493990b44955fb22e,5,144.38,0.1118,-0.3724,0.0,0.2,0.2828,0.8,3.0,4.0,0.25,0.68,15
08d1c9478fb0d7d7fcac9c0da4e82fc7,1,538.0,0.1256,0.0,0.0,0.0,0.0,1.0,2.0,5.0,0.0,1.0,83
ac51cac5e20d69ff485a54746488ef48,4,189.97,0.0972,0.0,0.25,0.0,0.0,1.0,5.0,3.5,0.25,0.625,216
443d880f15cbd3572885e1d44bf2c478,1,94.8,0.3186,0.0,0.0,0.0,0.0,0.0,1.0,2.0,1.0,1.0,409
77128dec4bec4878c37ab7d6169d6f26,1,6.5,1.3415,0.0,0.0,0.0,0.0,0.0,1.0,5.0,0.0,1.0,537
4a82168aaef173cbb6e46ae88728f919,4,128.0,0.1961,-0.5895,0.0,0.0,0.5,0.75,5.25,4.0,0.25,0.625,27
7f35f9daf223da737b78738fbae4d977,5,50.4,0.4008,-0.8333,0.0,0.0,0.6,0.6,2.2,4.0,0.2,0.52,61
4bde6149c15cf7e177b36fa060dd6de8,2,79.9,0.2044,0.0,0.0,0.0,0.0,0.5,2.0,5.0,0.0,0.5,693
8060d731897e33b5c5ae575ce1e209e1,5,39.9,0.4584,-0.3333,0.0,0.0,0.2,0.0,1.0,4.8,0.0,1.0,51
e9511df20ccd82658a30c37b7fb343af,22,95.3,0.3465,-0.5653,0.0,0.0,0.3402,0.4545,2.86,4.32,0.0909,0.6089,26
88ae906ea2acf6971f26c3e8b7cb4357,3,82.0,0.1708,1.0,0.0,0.3333,0.3333,0.3333,1.33,3.33,0.0,1.0,115
5194c22ed1f616ec0c0f33c571542879,4,61.4,0.3292,4.0134,0.0,0.0,0.3536,0.5,1.5,4.25,0.0,0.375,29
87d3c3aeb3ead335511b3ce315eb341e,15,49.96,0.2852,-0.6611,0.0,0.0667,0.3266,0.2667,1.47,3.5,0.2143,0.6089,17
2528744c5ef5d955adc318720a94d2e7,5,1249.0,0.0422,0.0,0.0,0.0,0.0,0.8,8.2,2.4,0.6,1.0,68
20fd2d2080ed85fa67fad3fcbb2c1813,1,85.9,0.2278,0.0,0.0,0.0,0.0,1.0,3.0,1.0,1.0,1.0,126
189ca3538ce9f920cacf0f982cbe223b,4,104.75,0.1496,-0.9227,0.0,0.0,0.3536,0.5,3.5,4.25,0.25,1.0,27
02b72cdeb9cfcc429f1af6f4e3f3b737,4,130.66,0.4324,2.0468,0.0,0.0,0.5,0.5,2.5,4.75,0.0,1.0,12
b76a1f8356322f12529c37b67d5c96c2,5,59.7,0.1889,0.1909,0.0,0.0,0.2828,0.6,2.83,4.8,0.0,0.2,196
c004e5ea15737026cecaee0447e00b75,2,2350.0,0.0371,0.0,0.5,1.0,0.0,1.0,10.0,1.0,1.0,1.0,24
6b89abe95848c850399130d149a39b63,8,141.9,0.2912,2.7807,0.0,0.0,0.4677,0.5,3.25,4.38,0.125,1.0,143
eb9cd5b35d95206585e2185318cb5c61,2,275.0,0.1119,-0.5526,0.0,0.5,0.0,0.0,1.0,3.0,0.5,1.0,49
76de363de16dacc923eec8daf91df504,2,180.0,0.1401,1.2727,0.0,0.0,0.0,1.0,2.0,2.5,0.5,0.5,166
eaf6d55068dea77334e8477d3878d89e,3,17.0,0.6473,1.0,0.0,0.0,0.3333,0.3333,1.67,5.0,0.0,1.0,37
e3b4998c7a498169dc7bce44e6bb6277,3,2299.3,0.0314,40.3444,0.0,0.0,0.3333,0.6667,3.67,2.67,0.6667,0.3333,568
85ecf03781da592876b7844acc1b729f,2,125.5,0.1749,0.7283,0.0,0.5,0.0,0.5,2.5,4.5,0.0,1.0,30
228e4c1a0be164f613d41c24345f9d2c,5,107.94,0.4257,1.2022,0.0,0.0,0.3464,0.8,3.14,5.0,0.0,1.0,24
dbc51f5e45d654ecc16cb68e6817ecea,1,199.99,0.0907,0.0,0.0,0.0,0.0,1.0,2.0,4.0,0.0,1.0,556
6989574bd97d9773f10d232b6c07da59,7,354.06,0.1296,-0.2196,0.0,0.0,0.3194,0.5714,4.43,4.86,0.0,0.7551,40
6e0908ef4d4efadbc3cc2b74ea477cb0,8,73.68,0.2728,-0.5907,0.0,0.125,0.3536,0.75,2.44,3.75,0.25,0.5372,367
5795aebfe331fbcd02a2c4b679fb7952,6,213.33,0.1219,-0.7222,0.0,0.0,0.7071,0.5,2.83,3.83,0.1667,0.7222,14
6e4f5ff6b086632ba8dcb558fb10249e,5,167.78,0.2555,0.3588,0.0,0.0,0.0,0.8,5.2,3.4,0.4,0.44,46
9c1c0c36cd23c20897e473901a8fb149,6,90.83,0.3157,0.5625,0.0,0.0,0.0,0.3333,1.5,5.0,0.0,1.0,11
08061dc0fc165ed41288cc7acde738ee,4,30.95,0.4719,-0.7276,0.0,0.25,0.0,0.0,1.0,4.5,0.0,1.0,293
b416191c9813d821a295cfabafff4161,2,58.9,0.2745,0.0,0.0,0.0,0.0,0.0,1.0,2.5,0.5,1.0,383
83a75eea11694e36e56dd0cb2240229a,3,162.33,0.0872,0.1258,0.0,0.0,0.0,1.0,3.67,5.0,0.0,1.0,138
43a5d4a57af536fddc96d08be3afdfcb,1,75.0,0.3311,0.0,0.0,0.0,0.0,1.0,10.0,1.0,1.0,1.0,446
8ca5b19e0263150d2c57afdde2b3d011,3,60.2,0.2441,7.5556,0.0,0.0,0.3333,0.3333,1.33,4.67,0.0,0.5,284
25be943a321c8938947bdaabca979a90,5,153.8,0.1802,0.0,0.0,0.0,0.0,0.6,5.6,3.0,0.4,1.0,0
ebd1417732defaf66c50b5a800eb293e,1,309.0,0.0528,0.0,0.0,0.0,0.0,0.0,1.0,5.0,0.0,1.0,524
bbf4a892cac7b82422baa711dffb8997,1,70.0,0.5049,0.0,0.0,0.0,0.0,1.0,10.0,5.0,0.0,1.0,84
5236605f4d4b0b3e4df85b850393fca0,5,53.06,0.3098,0.0,0.0,0.2,0.0,0.2,1.2,4.8,0.0,1.0,30
20a7efa9721046319bdde5d60b6b5365,3,167.07,0.1903,-0.885,0.0,0.0,0.3333,0.0,1.0,5.0,0.0,0.7222,207
34a557286ead8fe75c989e0afcf7d98c,4,103.72,0.1411,1.4667,0.0,0.0,0.0,0.25,1.25,4.75,0.0,1.0,16
8fb791022c1fc8909664f48ab7dc636d,5,1623.99,0.0448,0.0,0.0,0.0,0.0,1.0,8.8,4.2,0.2,1.0,43
651530bf5c607240ccdd89a30c9c9712,1,199.9,0.1228,0.0,0.0,0.0,0.0,1.0,6.0,4.0,0.0,1.0,25
8ccf3cf69651cc1d8a02c8bfaf3b8568,2,125.0,0.1545,0.0,0.0,0.5,0.0,1.0,6.5,3.5,0.0,1.0,480
2ef086a599b597572aca4433b7ed6b3d,1,49.0,0.3082,0.0,0.0,0.0,0.0,1.0,6.0,5.0,0.0,1.0,235
0bebbb2cea103a4a020c95d43fd7d754,9,151.91,0.1076,1.8426,0.0,0.0,0.7201,0.5556,2.78,4.89,0.0,0.8025,6
3febca52652e7209509ccfe61cbde40e,2,42.0,0.2012,0.0,1.0,0.0,0.0,0.5,1.5,2.0,0.5,1.0,20
933446e9a59dece7ae9175103820ca8f,2,190.69,0.1507,3.8684,0.0,0.0,0.0,0.5,4.5,3.0,0.5,1.0,558
9dd459b29a14bf89d47183cf2cd0e4c7,2,90.0,0.1046,-0.8,0.0,0.5,0.0,0.0,1.0,5.0,0.0,1.0,30
26e13b6ff5b641b329e5524241ee2c93,4,29.92,0.5846,0.0,0.0,0.0,0.0,0.5,2.0,4.0,0.25,0.625,12
60ad151920c4f6f3ebbe8cfdf6166779,2,65.0,0.159,0.0,0.5,0.0,0.0,1.0,2.5,1.0,1.0,1.0,478
2fa13c8bd5705d279f7ed5cc9ec61c68,2,43.7,0.7014,3.1716,0.0,0.0,0.0,1.0,4.5,5.0,0.0,0.625,55
d63c73efd41eb002280e7ec831424edb,2,2799.0,0.0301,-0.069,0.0,0.0,0.0,0.5,3.5,4.0,0.0,1.0,97
44717f64ec2a457979cf83c429077666,2,53.5,0.5973,0.0,0.0,0.0,0.0,0.0,1.0,5.0,0.0,1.0,16
9b1050e85becf3ae99c1cf4934c9bc5d,2,42.57,0.3547,0.0,0.5,0.0,0.0,0.0,1.0,2.5,0.5,1.0,301
269c5fc9fcadee614364c3620c30a1f9,3,69.87,0.2153,0.3289,0.0,0.3333,0.3333,0.6667,2.67,5.0,0.0,1.0,26
a353b1083c9863d756d9404695016d64,1,120.0,0.1424,0.0,0.0,0.0,0.0,0.0,1.0,5.0,0.0,1.0,270
54583ab379489add547fe47b628db589,10,224.0,0.0674,0.9867,0.0,0.0,0.4,0.8,3.5,4.8,0.0,0.68,6
6eb94e1466490d327a09abf8f3552a50,10,151.19,0.1573,-0.0928,0.0,0.1111,0.6,0.9,5.0,4.44,0.1111,0.5,11
2fb25ab44bdbeae6a4d816e0d0c9d500,5,136.62,0.1145,1.4503,0.0,0.0,0.2828,0.4,4.0,4.8,0.0,0.68,73
52454f90d4c30c016768db02f88c1a74,3,26.83,0.8344,-0.5522,0.0,0.0,0.3333,0.0,1.0,3.67,0.3333,1.0,52
a11a0e0ca67423425691db355cff69b0,2,224.45,0.0626,-0.2728,0.0,0.5,0.0,0.5,2.5,5.0,0.0,1.0,24
be3b4b0f050a6aa1b2d901c4b77e979f,3,192.73,0.269,-0.1626,0.0,0.0,0.0,0.6667,3.0,4.0,0.3333,0.625,87
8d46553a36e68f95350a200c12f8f2e2,13,57.43,0.2987,6.1736,0.0,0.0,0.7008,0.3077,1.57,3.23,0.3077,0.8828,172
578fa3a9cb6b6dceab39231ad59cdaca,3,50.0,0.248,0.0,0.0,0.3333,0.0,0.3333,1.33,3.67,0.3333,1.0,126
c7bb64409aa480bb7d0335faaaf3d242,4,24.4,0.6922,-0.4434,0.0,0.0,0.5,0.25,1.5,2.25,0.5,1.0,63
f1c1ac3f3efc07e659c035008e615e66,4,640.49,0.1182,-0.2511,0.25,0.0,0.0,0.75,7.75,3.75,0.25,1.0,341
fac1a9017ade7bdc94058fc1c969f355,9,223.43,0.1055,24.8573,0.0,0.0,0.5443,0.2222,1.25,4.67,0.0,0.82,17
5def4c3732941a971cba8fdee992ede1,5,26.96,0.4914,0.0,0.0,0.0,0.0,0.6,2.4,4.6,0.0,0.2778,6
85044848b1b767db2a4a58526adef4b4,4,60.15,0.2698,3.8191,0.0,0.0,0.0,0.5,1.75,3.25,0.25,0.375,52
8a207b6080964f3c1fc9d35bd6096ba4,2,276.85,0.3185,-0.8214,0.0,0.5,0.0,0.5,5.5,5.0,0.0,0.5556,304
5dc4bdaf869e8c77c648078cbe8d59c2,1,292.99,0.1178,0.0,1.0,0.0,0.0,1.0,6.0,1.0,1.0,1.0,352
e46bc031f2c5bae4ccb40bb90712e9b4,1,277.3,0.1806,0.0,1.0,0.0,0.0,1.0,5.0,1.0,1.0,1.0,150
55bb6fe5bebe5012e2d7d9928e1128ff,15,121.1,0.3173,-0.7861,0.0,0.1333,0.383,0.3333,2.19,3.47,0.4,0.2891,35
70b52a4cfc823994561b00bad161b4ed,8,73.12,0.1715,2.0,0.0,0.0,0.866,0.625,2.88,4.38,0.0,1.0,47
4ea2f12dbe91deeacd2c1e74f069a6e6,4,52.55,0.3333,0.191,0.0,0.0,0.3536,0.25,1.5,4.75,0.0,1.0,148
8c91bfea4263b8fba54081460693e2a1,2,369.5,0.0633,0.0,0.0,0.0,0.0,1.0,4.0,5.0,0.0,1.0,560
b3b17aab11f273023a5f22ca52e1eb70,7,978.57,0.0694,-0.4725,0.0,0.1429,0.2474,0.8571,6.71,4.86,0.0,1.0,86
48b6c3f4c6a93171da04b75313f2130f,2,145.13,0.1302,0.148,0.0,0.0,0.0,1.0,2.5,5.0,0.0,1.0,131
a213f1bd6458f4a158f3746cb2514559,1,41.52,0.3475,0.0,0.0,0.0,0.0,0.0,1.0,5.0,0.0,1.0,96
7d7866a99a8656a42c7ff6352a433410,5,29.58,0.4023,-0.5283,0.0,0.0,0.2,0.0,1.0,4.4,0.0,0.44,5
4d232b78ab7ef10393dc3807d827bc0d,5,295.0,0.1458,0.7416,0.0,0.0,0.2,0.6,4.8,4.4,0.0,0.68,19
19a7c9f66ffa6452ff4b4c0cca71da27,1,279.0,0.2141,0.0,0.0,0.0,0.0,1.0,6.0,5.0,0.0,1.0,338
f1b854361f4e15d5851b494df66f22b2,3,389.6,0.2622,-0.0517,0.0,0.0,0.3333,1.0,7.0,3.33,0.3333,0.625,40
1b65c144b17e607c0f37f10bb7dfec8d,5,221.9,0.1306,0.2357,0.0,0.0,0.2828,0.6,4.0,2.0,0.6,1.0,66
07e8e8fc5222bb358e6f259da3197074,2,25.9,0.4452,0.0,0.0,0.0,0.0,0.5,1.5,4.0,0.0,1.0,26
d7827b2af99326a03b0ed9c7a24db0d3,1,1455.0,0.0699,0.0,0.0,0.0,0.0,1.0,10.0,5.0,0.0,1.0,144
fa5fdc4e4bb6bd1009ad0e4ac4096562,1,161.99,0.2029,0.0,0.0,0.0,0.0,1.0,4.0,5.0,0.0,1.0,693
515d781150feed28a6ac091bb0e3cb8c,6,167.06,0.152,-0.742,0.0,0.0,0.7071,0.6667,4.67,4.17,0.0,0.7222,480
cad10cc982ab6a391570c211b995c17c,1,47.4,0.2698,0.0,0.0,0.0,0.0,1.0,3.0,5.0,0.0,1.0,134
dd264199fc8b687ad029de7de6d760e6,1,87.9,0.2355,0.0,0.0,0.0,0.0,0.0,1.0,5.0,0.0,1.0,592
7b98de631987e26dd6d803490c43a13c,8,79.27,0.2277,-0.7989,0.0,0.0,0.6124,0.75,3.62,4.62,0.0,0.625,32
05feb94f19d094d4b0f9281f0b1d4c99,6,1558.83,0.0745,0.0,0.0,0.0,0.0,0.6667,6.57,4.5,0.0,0.5556,197
ec5c1d94df153d473b37f880977ae58e,2,99.83,0.421,0.3062,0.0,0.0,0.0,1.0,5.0,2.0,0.5,0.5556,92
2063dd1b9f568df1c16741ea7d3e6adb,3,254.37,0.0749,0.3692,0.0,0.0,0.0,1.0,5.0,5.0,0.0,1.0,292
bf0d50a6410d487dc97d2baac0a8c0be,1,27.9,0.3319,0.0,1.0,0.0,0.0,0.0,1.0,2.0,1.0,1.0,117
5e106d93b717c2682b9383da480364a1,1,445.9,0.0487,0.0,0.0,0.0,0.0,1.0,6.0,5.0,0.0,1.0,501
491a5ada3aa1678414e990262c4bbdc1,2,1420.0,0.0119,0.0,0.5,0.0,0.0,0.5,5.5,3.0,0.5,1.0,516
32e5635e63cb374eb63afdd242fb6134,1,910.0,0.0196,0.0,0.0,0.0,0.0,0.0,1.0,5.0,0.0,1.0,384
328acb143b4a73aad6bee8e734f5d20d,2,349.99,0.0497,0.0,0.0,0.0,0.0,0.5,2.5,4.0,0.0,0.5,570
24c1de8d9551c0b4fbc53317d53efda8,1,355.0,0.1609,0.0,0.0,0.0,0.0,0.0,1.0,5.0,0.0,1.0,579
e58a5b390e28abc0b216cfb0e07d27d7,7,146.09,0.1414,9.6295,0.0,0.0,0.4041,0.7143,6.0,4.86,0.0,0.5918,25
446cc09cdbb130904da114e807dbec40,3,84.27,0.2143,0.0,0.0,0.0,0.0,0.3333,1.33,4.67,0.0,1.0,91
5741dc2bf5044c34d0698681c5081bed,3,29.9,0.3796,-0.5,0.0,0.0,0.3333,0.3333,1.67,5.0,0.0,1.0,49
99cd94252748d2bdde08e17858233602,2,79.9,0.1347,0.0,0.0,0.0,0.0,0.0,1.0,4.5,0.0,1.0,74
f0e103c63864d5405b958d984b6e94c9,11,86.52,0.1573,0.4159,0.0,0.0,0.3015,0.7273,3.27,4.73,0.0,0.438,373
6548c2550b6e2d8f18053216e1c7b6f3,3,72.57,0.3209,-0.777,0.0,0.0,0.3333,0.3333,1.67,5.0,0.0,1.0,12
c53bcd3be457a342a97e39e5a9f0be22,5,101.9,0.3652,0.4996,0.0,0.0,0.3464,0.6,6.0,3.2,0.4,1.0,43
880ce4951cf857ab1d9e0b75c1d856f4,1,178.9,0.1052,0.0,0.0,0.0,0.0,1.0,3.0,5.0,0.0,1.0,202
606ce7768feac12c5e8bd58db8b08f0f,5,583.32,0.0351,-0.0989,0.0,0.0,0.3464,0.6,2.6,4.8,0.0,1.0,27
3d2531eccfbde1d7c8db7a3a12fb267a,10,199.95,0.1066,0.0,0.0,0.0,0.6325,0.6,2.55,4.22,0.1111,1.0,15
e5899683388855d3dabe8913bbe365de,3,150.96,0.1788,-0.37,0.0,0.0,0.3333,0.6667,2.67,4.0,0.0,1.0,12
e76ecc7e9a1a1e3c6df9d2a8261c423d,1,20.0,0.705,0.0,0.0,0.0,0.0,0.0,1.0,5.0,0.0,1.0,386
5db42a6cd9bf1bf0d3aab9582767f168,1,200.0,0.0966,0.0,0.0,0.0,0.0,1.0,2.0,5.0,0.0,1.0,121
700f03c207639c22d933381ff60b35c2,4,297.47,0.1147,1.1314,0.0,0.5,0.5,0.75,7.6,4.0,0.25,1.0,278
d297f1055de2956aedfd3b04113dce3e,1,54.3,0.1407,0.0,0.0,0.0,0.0,0.0,1.0,4.0,0.0,1.0,14
9b522ba7eae9e1d04082f267144583cc,4,376.9,0.0982,-0.9048,0.0,0.3333,0.0,0.75,4.25,4.25,0.0,0.7222,146
2c9005d8043aff18b8557ffb7b13cda4,1,109.9,0.1796,0.0,0.0,0.0,0.0,0.0,1.0,5.0,0.0,1.0,119
0936e1837d0c79253456bbb2ffaaef10,1,38.9,0.8,0.0,0.0,0.0,0.0,1.0,7.0,5.0,0.0,1.0,510
e64ddbe1cbcf4f2fc3092b7c481f3f9d,1,20.9,0.3536,0.0,0.0,0.0,0.0,0.0,1.0,5.0,0.0,1.0,157
f9d010e39375d9c91dce3f40b73a2f84,4,303.0,0.114,0.0,0.0,0.25,0.0,1.0,4.75,3.5,0.25,1.0,42
e9b6c33b71b67737693b4cfa68341c8d,1,119.9,0.1792,0.0,0.0,0.0,0.0,0.0,1.0,4.0,0.0,1.0,383
6b1c4d4d9ccf0be3d8544eb0e71e5318,1,1699.0,0.0353,0.0,0.0,0.0,0.0,0.0,1.0,5.0,0.0,1.0,166
c522be04e020c1e7b79f3acff36513d5,7,105.7,0.1329,1.8751,0.0,0.3333,0.3499,0.2857,1.75,3.57,0.2857,0.3061,11
b67d6c666e8dce1d078c882825e12704,7,50.41,0.2953,-0.797,0.0,0.0,0.4286,0.2857,1.57,4.86,0.0,0.625,26
07d75e33f2750d97d467fb57e4dfdd8a,2,361.2,0.0515,-0.9679,0.0,0.0,0.0,0.5,3.5,2.5,0.5,0.5,119
c353f8fc0ce8344999f17d578eb69a5e,2,87.99,0.2079,0.0,0.0,0.0,0.0,0.5,2.5,5.0,0.0,1.0,574
48328ec9a579151d9cc6a86d4a59336c,1,1099.0,0.089,0.0,0.0,0.0,0.0,0.0,1.0,2.0,1.0,1.0,349
3afc536624bc2e65bddfb5db33cc01f3,6,52.0,0.3432,0.0,0.0,0.1667,0.3333,0.1667,1.33,3.5,0.3333,1.0,83
1c56ffe0e9dea2657fc6e95b53f40b13,3,61.0,0.4611,-0.4492,0.0,0.0,0.3333,0.3333,1.33,4.33,0.0,1.0,12
87b4428a334b8f676fd9a7f3bf544fb5,1,29.99,0.6332,0.0,0.0,0.0,0.0,0.0,1.0,5.0,0.0,1.0,21
0a82f5fb06a4fe4ac2cf7cb412ec71b8,2,231.0,0.0494,-0.3077,0.0,0.0,0.0,0.5,2.5,5.0,0.0,1.0,156
51a04a8a6bdcb23deccc82b0b80742cf,1,167.99,0.1901,0.0,0.0,1.0,0.0,1.0,3.0,1.0,1.0,1.0,293
d1582f4043306e6b91afa6a8a884f898,9,110.0,0.1333,-0.8333,0.0,0.1111,0.9623,0.1111,1.11,4.11,0.1111,1.0,203
bac692d6c0ed08467878018e6cc9c26c,1,477.0,0.1724,0.0,0.0,0.0,0.0,0.0,1.0,4.0,0.0,1.0,34
8d899e15a5925f097cca50faa49b15e3,4,161.25,0.2341,5.6269,0.0,0.25,0.3536,0.25,1.25,3.75,0.25,0.82,17
010543a62bd80aa422851e79a3bc7540,2,708.0,0.0226,0.0,0.0,0.0,0.0,1.0,6.5,4.5,0.0,1.0,397
5563732abe64c3036cb97ad924128dd1,2,202.0,0.0931,4.3125,0.0,0.0,0.0,1.0,6.5,4.5,0.0,0.5556,257
40ec8ab6cdafbcc4f544da38c67da39a,2,58.9,0.3328,0.0,0.0,0.0,0.0,0.5,2.5,5.0,0.0,1.0,24
b3f19518fcec265b2e97af287725f981,9,54.1,0.2825,-0.2329,0.0,0.0,0.4714,0.3333,2.15,4.22,0.0,0.8025,373
f35becee938e982bd615edf8ef12bcfb,6,24.77,0.5264,-0.6487,0.0,0.0,0.5774,0.5,2.33,4.0,0.1667,0.5,397
19d62d484cba71963c93f0f00ab42013,1,139.9,0.1622,0.0,0.0,0.0,0.0,1.0,4.0,4.0,0.0,1.0,130
44ed138eca6214d572ce1d813fb0049b,2,64.89,0.4315,0.0,0.0,0.0,0.0,0.5,2.0,4.5,0.0,0.5556,13
b26741d31a563d769b4af0465ab20c56,2,324.0,0.0726,0.1672,0.0,0.0,0.0,1.0,5.5,4.0,0.0,0.5,161
c64a2aec32cc408a8a4c6d7c46017f91,9,357.94,0.1262,0.0,0.0,0.0,0.4843,0.8889,4.6,3.89,0.1111,1.0,201
8d92f3ea807b89465643c219455e7369,3,40.4,1.0856,-0.2124,0.0,0.6667,0.3333,0.3333,2.0,1.0,1.0,0.7812,554
3338e7a0710a195872be80e0d2423867,1,45.0,0.454,0.0,0.0,0.0,0.0,0.0,1.0,1.0,1.0,1.0,513
a513150f33f99a06569e9cd5c4bb889b,2,338.5,0.0506,3.2623,0.0,0.0,0.0,0.0,1.0,4.33,0.0,0.5,276
9853a239ab7b7ebbdc3a21248d5b8e1f,5,76.2,0.2362,-0.7018,0.0,0.25,0.3464,0.2,1.17,3.8,0.2,1.0,279
fa8d335d68129e464e60c1826a683e96,1,139.9,0.2486,0.0,0.0,0.0,0.0,1.0,10.0,4.0,0.0,1.0,318
95cca791657aabeff15a07eb152d7841,1,9.99,1.8248,0.0,0.0,0.0,0.0,0.0,1.0,5.0,0.0,1.0,65
968ee78631915a63fef426d6733d7422,2,225.0,0.1593,0.0455,0.0,0.0,0.0,0.5,5.5,3.0,0.5,1.0,280
15aec03fe4cf30dfa574cf550f5ff5ff,1,28.9,0.3792,0.0,0.0,0.0,0.0,0.0,1.0,1.0,1.0,1.0,571
56a8b450e802502ba53a9885ee38e29f,1,62.45,0.2434,0.0,0.0,0.0,0.0,1.0,6.0,1.0,1.0,1.0,424
b2f4d63c7203f539a78252565ca32257,1,14.9,1.3987,0.0,0.0,0.0,0.0,1.0,3.0,5.0,0.0,1.0,359
4d6fb82c629c7a5028bfd973c07b05e0,2,139.0,0.1778,0.0,1.0,0.0,0.0,1.0,6.5,2.0,0.5,1.0,552
f8e2c1b59cd4225a3e4fd0d013a76b93,2,109.9,0.203,-0.7775,0.0,0.0,0.0,0.5,4.0,5.0,0.0,0.5556,246
0dfbed20065e425d2eaefb101f9816c0,3,28.12,0.5839,-0.3251,0.0,0.3333,0.3333,0.3333,1.67,2.67,0.6667,0.5556,91
b43d8b707f887a30f4675391098354a0,3,447.33,0.1377,1.5316,0.0,0.3333,0.3333,1.0,7.33,3.0,0.3333,0.625,43
fedaedd3ca31d56ab33e92035e4b361c,1,39.9,0.2747,0.0,0.0,0.0,0.0,0.0,1.0,4.0,0.0,1.0,697
40536e7ca18e1bce252828e5876466cc,2,231.98,1.0756,-0.6667,0.0,0.0,0.0,1.0,10.0,1.0,1.0,1.0,367
417a1e6c7321084d2a0ae0d023cfad93,1,48.9,0.2552,0.0,0.0,0.0,0.0,0.0,1.0,5.0,0.0,1.0,215
cb162c8eef257253782d245c08d9097c,1,34.99,0.4038,0.0,0.0,0.0,0.0,0.0,1.0,5.0,0.0,1.0,288
52a52b9f656520e99716f5bc40f661c8,7,111.87,0.1891,0.6176,0.0,0.0,0.2474,0.5714,2.29,4.0,0.2857,1.0,37
9cad4b68bb993ee401a3c5aaa2bc26dd,5,129.86,0.1756,-0.091,0.0,0.2,0.0,0.6,1.83,2.8,0.4,1.0,50
1e8c6a4c538f286aee9573239740a4b4,5,71.94,0.2422,-0.0528,0.0,0.0,0.3464,0.4,3.8,3.8,0.2,0.36,21
ce3ad9de960102d0677a81f5d0bb7b2d,1,158.0,0.1026,0.0,0.0,0.0,0.0,1.0,3.0,5.0,0.0,1.0,35
a0e19590a0923cdd0614ea9427713ced,2,129.15,0.5386,5.0,0.0,0.0,0.0,0.5,5.5,1.0,1.0,1.0,435
13fa2a6c6b9d0f43cb588d7c82117a12,9,503.11,0.0423,0.6718,0.0,0.3333,0.2722,0.6667,3.33,4.2,0.1,1.0,341
dd8a29ce82d5c705ba932d81494600a5,2,102.88,0.1337,-0.354,0.0,0.0,0.0,0.5,3.0,3.5,0.0,1.0,367
e88f7a2995ba184710d339c5c4bf2e30,2,125.8,0.1427,0.0,0.0,0.0,0.0,0.5,1.5,5.0,0.0,1.0,130
bbe87dce25ba8b38bb61cc7210a3f10b,2,143.5,0.2383,2.2206,0.0,0.0,0.0,0.5,2.5,5.0,0.0,1.0,10
7a704e63bb29c446869efde5d57524c8,1,94.49,0.1631,0.0,0.0,0.0,0.0,1.0,2.0,5.0,0.0,1.0,221
f410c8873029fcc3809b9df6d0b28914,2,144.9,0.1287,0.0,0.0,0.0,0.0,0.0,1.0,5.0,0.0,1.0,14
ff314fa6033cc68ec451c47aee2d6ba4,2,268.95,0.0603,-0.0782,0.0,0.0,0.0,1.0,4.5,5.0,0.0,1.0,472
1d953075c2f0dd990bacf27b83b330f1,1,59.0,0.3275,0.0,0.0,0.0,0.0,0.0,1.0,5.0,0.0,1.0,21
20611af7866c6068fd5ae1f9dbe15c92,2,109.9,0.5209,0.0,0.0,0.0,0.0,0.5,1.5,4.5,0.0,0.5,49
eb1bf309f4f6af9a97e9ddac3fdbeabe,1,22.3,0.3982,0.0,0.0,0.0,0.0,0.0,1.0,5.0,0.0,1.0,102
80ceebb4ee9b31afb6c6a916a574a1e2,1,6729.0,0.0287,0.0,0.0,1.0,0.0,0.0,1.0,,,1.0,40
e3e290b38963293022cdcd6db8328103,3,45.23,0.3415,-0.2098,0.0,0.0,0.3333,0.3333,4.0,3.33,0.3333,0.5556,274
23ca5f678e0b3ea6c630b30fa8bf51ea,6,30.5,0.5267,0.0,0.0,0.0,0.0,0.6667,3.33,5.0,0.0,1.0,487
f09b760d23495ac9a7e00d29b769007c,1,21.9,0.7849,0.0,0.0,0.0,0.0,0.0,1.0,4.0,0.0,1.0,700
21d59342ba150175ca2aa4f8faddeca6,2,129.95,0.2862,0.0,0.0,0.0,0.0,1.0,4.5,4.5,0.0,1.0,12
acf974e4d5950ad143a247471b831eb9,5,84.76,0.7782,0.2348,0.0,0.0,0.2828,0.4,2.4,4.75,0.0,0.5139,308
f543ba3c973276f519d89d59bd46cead,2,129.0,0.6358,0.0,1.0,0.0,0.0,1.0,6.5,2.33,0.6667,1.0,71
bc8c8d665ec4664d286be0d521722b19,1,22.5,0.3698,0.0,0.0,1.0,0.0,0.0,1.0,2.0,1.0,1.0,28
ffad1e7127fb622cb64a900751590acd,10,88.43,0.2336,-0.1028,0.0,0.0,0.4472,0.4,2.4,4.8,0.0,0.52,51
079d295dcbf06ee8bb1b65ba964eb2b6,5,69.86,0.5462,-0.8534,0.0,0.0,0.2828,0.6,2.8,4.6,0.0,1.0,25
f524ad65d7e0f1daab730ef2d2e86196,1,578.0,0.0545,0.0,0.0,1.0,0.0,1.0,6.0,1.0,1.0,1.0,217
28872dc528e978a639754bc8c2ce5a4c,1,1009.9,0.0287,0.0,0.0,0.0,0.0,1.0,6.0,5.0,0.0,1.0,84
48bad451945f5227341793478d6353ea,3,102.33,0.2524,0.5467,0.0,0.3333,0.0,0.3333,1.67,4.0,0.0,0.5556,251
16bdc8cefd0e32a6f0824d296c5ad14a,1,41.76,0.4626,0.0,0.0,0.0,0.0,0.0,1.0,5.0,0.0,1.0,145
dd9661d3cda1e6feb237f0c4d8b26f2e,1,174.0,0.0976,0.0,0.0,0.0,0.0,1.0,6.0,5.0,0.0,1.0,326
42d4b7e70819438f5ada61c965e92d7e,1,49.6,1.0319,0.0,0.0,0.0,0.0,1.0,4.0,1.0,1.0,0.5556,167
eaaa46e98c9e61f6764dd1d7a2ab8b3e,1,98.0,0.282,0.0,0.0,0.0,0.0,0.0,1.0,5.0,0.0,1.0,29
e1bed63d68ac36fe1f3061befe196af5,1,199.0,0.0905,0.0,0.0,0.0,0.0,1.0,3.0,5.0,0.0,1.0,581
2a50b7ee5aebecc6fd0ff9784a4747d6,1,199.8,0.3225,0.0,0.0,1.0,0.0,1.0,5.0,1.0,1.0,1.0,280
c35affa65afd250151285c5917fc1c8a,9,586.66,0.1352,2.2,0.0,0.125,0.3333,1.0,8.44,4.0,0.2222,1.0,70
a89e143d5211473ae18db9577ee34b64,2,70.0,0.1406,0.0,0.0,0.0,0.0,1.0,3.33,3.0,0.5,1.0,331
82921991ff5b557b045605b8bbf08d49,1,18.9,0.9646,0.0,0.0,0.0,0.0,0.0,1.0,5.0,0.0,1.0,29
e82de6494d91d3c4c54450f59b227a94,3,39.63,0.3263,-0.5303,0.0,0.3333,0.3333,0.3333,2.33,5.0,0.0,0.5556,185
da4d149c0ddbac90557103ac0a0ec356,1,730.0,0.063,0.0,0.0,0.0,0.0,1.0,10.0,3.0,0.0,1.0,14
34675b28b826facfde119785bf287dc1,1,21.99,0.6867,0.0,0.0,0.0,0.0,0.0,1.0,4.0,0.0,1.0,398
9c3c24eca51c52b91c1de727d2a2ae06,6,51.25,0.3696,-0.1542,0.0,0.0,0.0,0.8333,3.71,4.5,0.0,0.7222,105
478bfe564db21eeb44386606aa30b650,3,60.9,0.2633,-0.0313,0.0,0.0,0.3333,1.0,3.33,4.67,0.0,1.0,250
1b4b28463457a256e9a784ebe2a8f630,1,699.42,0.0228,0.0,0.0,1.0,0.0,0.0,1.0,1.0,1.0,1.0,27
d7ab82074b5f1dfba46db123df101bff,2,19.34,1.1715,0.0,0.0,0.0,0.0,1.0,2.5,4.5,0.0,1.0,242
9dc79dd988ac42f4d56c340d7048420a,4,187.4,0.1258,0.0,0.0,0.0,0.0,1.0,7.25,4.75,0.0,1.0,7
e83c76265fc54bf41eac728805e4da77,8,29.66,0.418,-0.2139,0.0,0.125,0.3536,0.0,1.0,3.62,0.125,1.0,483
3be5841cdcc46de4ed3f9116f104b2c5,4,149.9,0.1473,2.0,0.0,0.0,0.5,0.25,1.25,4.75,0.0,0.375,568
cb32766839f443db85c82a43c4a6c19e,2,117.0,0.1347,0.0,0.0,0.0,0.0,1.0,3.0,3.0,0.5,1.0,554
3606774ec64634822d78dc2db6d37045,2,149.9,0.1514,-0.3335,0.0,0.0,0.0,0.5,5.0,3.0,0.5,1.0,586
98f52e1020fe788c10c0418de4393fec,1,21.6,0.6991,0.0,0.0,0.0,0.0,0.0,1.0,4.0,0.0,1.0,390
392f7f2c797e4dc077e4311bde2ab8ce,2,26.0,0.7031,0.0,0.0,0.0,0.0,0.0,1.0,5.0,0.0,1.0,13
5733d806668f8712c24b9abaefbfa642,2,121.9,0.3523,-0.5304,0.0,0.0,0.0,1.0,6.5,5.0,0.0,0.5,130
43753b27d77860f1654aa72e251a7878,1,23.9,1.7732,0.0,0.0,0.0,0.0,1.0,5.0,5.0,0.0,1.0,360
05aebce0b5c8f0d41b29b686f2d05fd3,2,37.5,0.6119,0.1432,0.0,0.5,0.0,0.0,1.0,5.0,0.0,0.5,24
1967a9e2ad6f51802b093147d861df58,2,190.0,0.1204,0.0,0.0,0.0,0.0,1.0,6.0,1.0,1.0,1.0,537
70f84699be677ec988d1fa824aef7d90,5,317.66,0.0731,0.0,0.0,0.0,0.0,0.4,2.0,4.6,0.0,1.0,47
56f413900b5166ab4d730e9ac0b12cb0,3,50.6,0.2797,2.7733,0.0,0.0,0.3333,0.3333,4.0,4.67,0.0,0.5556,418
33d677f27a69b84051204ee4ae76eaca,9,18.33,1.0515,-0.7709,0.0,0.0,0.5774,0.1111,1.67,4.56,0.1111,0.38,45
71593c7413973a1e160057b80d4958f6,2,149.75,0.1531,0.0,0.0,0.0,0.0,0.5,1.17,3.0,0.5,0.52,18
bfd938b22bc99bce1ae60dc602889f52,6,153.8,0.2118,-0.858,0.0,0.0,0.0,0.5,4.0,3.83,0.3333,0.3472,506
630008e0f062605a415d694489f6f82e,2,52.58,0.2886,0.0,0.5,0.0,0.0,0.0,1.0,3.5,0.5,1.0,35
c4fabeea6e569d42d02993bb1f4f1cbc,11,78.12,0.3226,0.0,0.0,0.0909,0.4635,0.0909,1.08,4.0,0.1818,0.5372,27
d1aa1ec0839dcab73a6161130eb1f94a,1,119.9,0.1346,0.0,0.0,1.0,0.0,0.0,1.0,4.0,0.0,1.0,502
f5fea3ffed6c2e889bab72705557c63a,3,353.3,0.2531,1.3648,0.0,1.0,0.3333,1.0,7.33,3.67,0.3333,1.0,503
085f6f7e049c996695fb2074fe38d45e,6,50.9,0.4275,-0.8607,0.0,0.0,0.3333,0.5,2.14,4.0,0.1667,0.25,124
265fdc289dffa9f1ad801c74f7d0de47,1,495.0,0.1041,0.0,0.0,0.0,0.0,0.0,1.0,5.0,0.0,1.0,21
762fafdaa57a532ee0119731697579dd,5,41.34,0.2621,0.4454,0.0,0.0,0.2828,0.6,3.8,5.0,0.0,0.52,23
53b0300ca793f9834cd69c0678d35ee8,5,332.43,0.0826,-0.7273,0.0,0.0,0.0,0.8,4.8,5.0,0.0,1.0,35
a247197e2e9c19a6a53a6888cb8b660f,2,399.0,0.1793,0.0,0.0,0.0,0.0,0.5,5.5,1.0,1.0,1.0,254
4eeb99008a0f59d2c7759c59f9a346eb,2,641.0,0.0304,1.642,0.0,0.0,0.0,1.0,5.5,4.5,0.0,1.0,77
3d01d1c414c44b5943a09619ff3853cb,5,80.52,0.2045,2.0667,0.0,0.0,0.6,0.6,3.4,3.8,0.2,1.0,418
9e7c5f4d7770eab65738cca38f9efccf,2,92.4,0.2061,-0.1502,0.0,0.0,0.0,0.0,1.0,3.5,0.0,1.0,27
87f3e35268860433e13d577825aada95,3,53.9,0.2584,-0.7097,0.3333,0.0,0.0,0.0,1.0,1.0,1.0,1.0,445
a90a5da8b09e44264a177c0374a5ac87,3,24.9,0.9719,-0.1231,0.0,0.0,0.3333,0.6667,3.33,4.33,0.0,1.0,544
cd233f8bfa30ebfd651f47ee7d054951,1,79.9,0.2335,0.0,0.0,0.0,0.0,1.0,2.0,5.0,0.0,1.0,15
9140ef75cc8211c4035935e80e567204,1,49.9,0.4465,0.0,0.0,0.0,0.0,1.0,3.0,5.0,0.0,1.0,33
3fefda3299e6dfaea3466ef346a3571a,1,209.0,0.0776,0.0,0.0,0.0,0.0,0.0,1.0,4.0,0.0,1.0,388
ac1ed5fc15901fbc92920361eb4ab350,1,110.25,0.1251,0.0,0.0,0.0,0.0,0.0,1.0,1.0,1.0,1.0,443
3da38366e7bd9baf6369071f782ecdf0,1,59.47,0.4533,0.0,0.0,1.0,0.0,0.0,1.0,1.0,1.0,1.0,242
61f159ef6da2d441951d2c0efa719362,3,51.66,0.3937,0.5833,0.0,0.0,0.3333,0.3333,3.0,1.0,1.0,0.3333,587
b12cfd255810394b60caef18ae163547,2,280.0,0.2967,0.0,0.0,0.0,0.0,0.5,1.5,4.5,0.0,1.0,283
165b1235e9e9942cb5fae67103576fb0,11,189.56,0.1941,4.6047,0.0,0.0909,0.7441,0.4545,2.36,4.36,0.0,0.5234,15
bdb3edbaee43a761e2d4f258dc08f348,5,51.9,0.2654,-0.8939,0.0,0.2,0.6,0.8,3.4,3.8,0.2,0.68,259
33fd411ed63a7c2f9005e3f065d9f85d,1,24.9,0.7321,0.0,0.0,0.0,0.0,0.0,1.0,4.0,0.0,1.0,145
1b7e5006cb25dd23ce8686691013b121,11,239.7,0.0566,-0.9179,0.0,0.1818,0.575,0.7273,4.45,4.36,0.0909,1.0,31
2059c39f76271d4ca3f15b5ffaccc8b8,12,50.41,0.3081,0.0,0.0,0.0,0.7071,0.4167,2.25,4.5,0.0,0.8472,361
e00d85ce20ea50c1224c66ca5050527d,1,149.0,0.0557,0.0,0.0,0.0,0.0,0.0,1.0,4.0,0.0,1.0,417
0f7eea709efdf942b5f95c7516dbacd7,3,65.25,0.2264,4.3142,0.0,0.0,0.3333,0.6667,2.33,4.0,0.0,1.0,113
17998cf586426bf0f2c3726cb0a4b211,2,34.9,0.655,1.5075,0.0,0.0,0.0,0.5,2.5,4.0,0.0,0.5,245
fe4cd9461203cee790d36792420b310f,3,130.38,0.139,-0.0625,0.0,0.0,0.0,0.3333,4.0,4.0,0.0,1.0,362
c7dcd301ecfe5ab7f778ac172cf74be7,4,114.42,0.1358,0.0,0.0,0.0,0.0,0.5,3.75,2.5,0.5,0.625,697
c13ef0cfbe42f190780f621ce81f2234,1,390.0,0.1571,0.0,0.0,1.0,0.0,0.0,1.0,3.0,0.0,1.0,228
a5ff20ff766e7f50bd5066f33da14413,2,33.3,0.6545,0.0,0.0,0.0,0.0,1.0,2.0,3.0,0.5,0.5,10
d3891911c2feae53c52fea2bd14054e5,2,70.5,0.1843,0.0,0.0,0.0,0.0,0.5,3.0,5.0,0.0,1.0,76
da20530872245d6cd9d2f5725613c430,2,157.48,0.2517,0.0,0.0,0.0,0.0,0.5,1.8,4.5,0.0,1.0,312
4e6015589b781adaa5ce7f1892d06bb1,3,228.0,0.0826,-0.5,0.0,0.0,0.3333,0.6667,5.67,3.67,0.0,1.0,222
5aaa890629f83706d8d9bfecd8377c1c,1,48.9,0.3665,0.0,0.0,0.0,0.0,0.0,1.0,1.0,1.0,1.0,353
7bb8fac2913a6064ec412e583c6d8b4d,1,109.0,0.1516,0.0,0.0,0.0,0.0,1.0,6.0,5.0,0.0,1.0,213
038b75b729c8a9a04b0d07cba7eabe86,2,233.5,0.1945,0.0,0.0,0.5,0.0,1.0,6.0,3.5,0.0,1.0,134
a70e9066dbfd10b6b97a3f54a1356762,2,858.0,0.1815,0.0,0.0,0.0,0.0,1.0,10.0,5.0,0.0,1.0,287
1cd9e0cc1839d55516843def5600816d,5,165.0,0.1233,2.1111,0.0,0.0,0.2828,0.4,3.6,5.0,0.0,1.0,15
96f7c797de9ca20efbe14545bed63eec,1,138.6,0.2768,0.0,0.0,0.0,0.0,1.0,2.0,1.0,1.0,1.0,146
6bb66d9870c2e01c05655c7ed0e7ee13,3,89.67,0.1934,0.0,0.0,0.0,0.0,0.0,1.0,3.67,0.3333,1.0,36
b8114f2f589a6804810f04f99b36b498,8,174.95,0.2089,-0.5589,0.0,0.0,0.5,0.625,3.75,4.75,0.0,1.0,17
89757206b887aed36f3e18d858460fea,2,60.25,0.4617,-0.5123,0.0,0.0,0.0,1.0,3.5,5.0,0.0,1.0,61
432c67955c0acd1fd6b0b5d678766a71,3,383.67,0.1194,-0.835,0.0,0.0,0.3333,0.3333,1.33,2.33,0.6667,0.5556,579
519a7aa428f18d125a283cf8c014fdd6,3,26.57,0.9172,0.0,0.0,0.0,0.0,0.0,1.0,4.0,0.0,1.0,35
c240c4061717ac1806ae6ee72be3533b,1,59.9,0.2336,0.0,0.0,0.0,0.0,1.0,4.0,4.0,0.0,1.0,118
4e326052e5dbba8adcd512f3450a307e,3,190.0,0.1508,1.0,0.0,0.0,0.3333,0.0,1.0,2.33,0.6667,1.0,190
e4fc40017a6d22c46a14ac2e17f87c3e,3,129.0,0.7107,0.0,0.0,0.0,0.0,0.6667,3.67,2.33,0.6667,0.5556,398
bee36b4f9a2b9fdcaff6ec05df202ed0,2,16.9,0.5822,0.0,0.0,0.0,0.0,0.0,1.0,3.0,0.5,1.0,547
077c5fae4bea9500e3737b16f71b9d3a,4,26.7,0.6596,15.0,0.0,0.0,0.0,0.0,1.0,4.5,0.0,1.0,73
269cff2d3c8d205c11f37a52402ea93b,4,320.4,0.1041,-0.5016,0.0,0.0,0.3536,0.25,3.25,4.5,0.0,0.68,24
f0563bacf40c311f1c4d3d6b67b8a7a7,1,1199.0,0.024,0.0,0.0,0.0,0.0,1.0,10.0,1.0,1.0,1.0,698
53088c75f948b48a7ece173ac17f0c12,3,87.23,0.2084,0.5797,0.0,0.0,0.0,1.0,2.67,5.0,0.0,0.5556,27
ca77545ca4d2dfd1431bf61334e2fa3c,6,126.67,0.2812,-0.5455,0.0,0.0,0.5774,0.5,1.83,4.67,0.0,0.82,132
52092ddbd3a58c450a4459bf051b2287,6,58.62,0.2142,-0.7389,0.0,0.0,0.5774,0.3333,2.67,4.33,0.1667,1.0,160
04ee0ec01589969663ba5967c0e0bdc0,1,289.49,0.0858,0.0,0.0,0.0,0.0,1.0,5.0,5.0,0.0,1.0,13
59bbc819b99a733f02f0d6b49d1c253d,2,69.9,0.1642,0.0,0.0,0.0,0.0,0.0,1.0,5.0,0.0,1.0,69
eec3469d83e142f9a104886655338c37,4,46.42,0.2948,6.9933,0.0,0.0,0.0,0.0,1.0,4.5,0.0,0.625,17
782f78b632a43875dd5b53e3e49c9564,2,73.0,0.2846,-0.5,0.5,0.0,0.0,1.0,3.5,3.0,0.5,1.0,394
a478c7961d6a992065b24e63b366f90b,8,160.19,0.1327,0.8257,0.0,0.0,0.5,0.5,4.12,4.88,0.0,0.8025,194
3a52d63a8f9daf5a28f3626d7eb9bd28,1,35.0,0.508,0.0,0.0,0.0,0.0,1.0,5.0,1.0,1.0,1.0,579
9f56a7a649097b166d8ed286ad86a15c,2,13.99,0.8234,0.0,0.5,0.0,0.0,1.0,2.5,1.0,1.0,1.0,299
a21c11ec5c3f03e7cc9f9203bff9e1c6,3,128.33,0.2361,0.0,0.0,0.0,0.0,0.6667,2.67,3.67,0.3333,0.625,27
df47da4ae86fa4db890d05aaf24e21d8,5,62.1,0.2486,2.1455,0.0,0.0,0.6,0.4,3.0,4.2,0.2,0.68,11
5d9f3746e112e696f98ea22c56b3e912,1,1322.64,0.0361,0.0,0.0,0.0,0.0,1.0,10.0,5.0,0.0,1.0,41
4391ea5c5990502176a1dcda44a2373d,3,783.0,0.0576,-0.9348,0.0,0.0,0.0,0.6667,6.33,4.67,0.0,0.68,110
497709c2976a8fa308730a2dec5b0726,1,76.0,0.2374,0.0,0.0,0.0,0.0,0.0,1.0,5.0,0.0,1.0,46
8e4f041ff58e7845456d3482524014b3,2,66.9,0.3632,0.0,0.0,0.5,0.0,0.5,5.5,3.0,0.5,1.0,184
73da1880b39c71de2b262bc7720c1494,2,199.0,0.1181,0.0,0.0,0.0,0.0,0.0,1.0,5.0,0.0,1.0,237
3d62f86afa7c73be2628a3be1423f5a0,2,6.0,3.535,0.0,0.0,0.0,0.0,0.0,1.0,4.0,0.0,1.0,237
b0398568231ba5e6734af1881671a317,4,164.19,0.1726,-0.823,0.0,0.0,0.0,0.75,2.25,4.0,0.25,0.375,146
88af55b4a7ca402b27df16f7c7c9b5d2,1,130.0,0.0886,0.0,0.0,0.0,0.0,1.0,2.0,1.0,1.0,1.0,522
7f02656561b680def9986c0795a8a080,2,42.0,0.3313,0.0,0.0,0.0,0.0,0.5,2.0,3.0,0.5,1.0,346
94165aea8a35c3c21499cbcae239b16c,1,180.0,0.0895,0.0,0.0,0.0,0.0,1.0,7.0,2.0,1.0,1.0,88
6a3139c7bf09ece22a4713d956acbe5e,1,61.9,0.2381,0.0,0.0,0.0,0.0,1.0,5.0,5.0,0.0,1.0,42
297d5eccd19fa9a83b2630071ff105e4,8,104.37,0.1698,1.9202,0.0,0.0,0.5,0.75,2.0,5.0,0.0,1.0,11
eb4a59a06b3948e851a7d7a830bcbc42,2,32.0,0.6875,0.0,0.0,0.0,0.0,0.5,1.5,3.0,0.5,1.0,112
b86a47b3366e3b5424a7b225781f4908,1,86.5,0.2295,0.0,0.0,0.0,0.0,0.0,1.0,3.0,0.0,1.0,241
31eec405c9bb71dec8e2629a92e764fa,5,51.38,0.6627,-0.6208,0.0,0.0,0.2828,0.2,1.2,4.6,0.0,0.2,24
33ab10be054370c254ddfcf0a6253422,4,53.3,0.2455,2.2725,0.0,0.0,0.5,0.5,1.75,5.0,0.0,1.0,6
4a82c4af97ffc0fb2dc26bfdc03b1842,3,47.9,0.4676,1.8394,0.0,0.0,0.0,0.3333,2.0,5.0,0.0,0.5556,384
57fe6232e67823593374a2281d7a8af8,8,22.34,0.5897,-0.5609,0.0,0.0,0.5,0.25,1.5,4.75,0.0,0.625,276
427165bf50f8ca07efc7bdc2bfcf1688,5,320.7,0.0558,0.0,0.0,0.6,0.0,0.8,3.6,3.2,0.4,1.0,130
3289d8c3eef4873f91ce0b1343c0dd58,1,199.99,0.0964,0.0,0.0,0.0,0.0,1.0,5.0,5.0,0.0,1.0,101
f9a02f1922d1de564392e656d82b3fda,1,125.9,0.0913,0.0,0.0,0.0,0.0,0.0,1.0,4.0,0.0,1.0,516
83c8aafbefb034674a70de0eac5b8954,2,67.45,0.3778,0.047,0.0,0.0,0.0,0.0,1.0,5.0,0.0,1.0,55
f00f5b35d0abcacbdd863672f4bb2c1a,1,299.0,0.0483,0.0,0.0,0.0,0.0,1.0,6.0,4.0,0.0,1.0,464
c990d6cf976a5718aaedc539f383ab88,10,20.09,0.7023,2.9383,0.0,0.375,0.5657,0.1,1.23,3.3,0.3,0.438,226
7c51de0ab286204ce75ff42bf7c10d92,4,189.75,0.1972,-0.5706,0.0,0.0,0.5,0.5,2.5,4.5,0.0,1.0,22
dedcab67899479e4ea5dcc4eba47f587,2,42.0,0.2576,0.0,0.0,0.0,0.0,0.0,1.0,4.5,0.0,1.0,17
ac137bac82ffa8548e62bd9d01d2a14f,1,49.6,0.1883,0.0,0.0,0.0,0.0,1.0,2.0,1.0,1.0,1.0,476
fd312b6bf05efac6c3772d5b52205d8a,2,59.35,0.3843,0.0153,0.0,0.0,0.0,0.0,1.0,5.0,0.0,1.0,434
901b460cdce0c64e471230d7f2f9f3a3,5,380.8,0.057,-0.2389,0.0,0.0,0.3464,1.0,7.8,4.4,0.2,0.68,50
8a1ff5c35f6595a73fef4c7b96e4908a,2,799.0,0.1782,0.0,0.0,0.0,0.0,0.5,2.0,5.0,0.0,1.0,33
2c538755f1ca9540af144f266e70df6c,1,334.99,0.0744,0.0,0.0,0.0,0.0,1.0,6.0,5.0,0.0,1.0,114
1d1bbb8ac1581824986f582583fff01d,4,41.72,0.3571,1.2467,0.0,0.25,0.5,0.75,2.6,3.5,0.25,0.625,10
86ff3eaef0267069cc891a2ed9d10a17,7,58.54,0.3432,1.2506,0.0,0.0,0.4738,0.5714,3.0,4.71,0.0,0.7551,57
6bd69102ab48df500790a8cecfc285c2,5,1614.0,0.0358,-0.1128,0.0,0.2,0.0,1.0,6.4,3.0,0.6,1.0,116
c85d7b477a709c85a1e8b8f25aa1b270,1,75.0,0.4296,0.0,0.0,0.0,0.0,1.0,3.0,1.0,1.0,1.0,432
134285d1f41da5c13a756ee8142c8a4e,3,524.23,0.0515,-0.5354,0.0,0.0,0.3333,0.6667,5.0,3.33,0.3333,1.0,18
6f835fd4be26989b1b064399da346143,2,98.9,0.159,0.0204,0.0,0.0,0.0,0.5,3.0,5.0,0.0,1.0,77
0f0c984a4a955310903b6b6008660bad,4,92.45,0.3017,4.1738,0.0,0.25,0.5,0.75,2.5,3.75,0.25,0.625,99
ad75519a07f039025e83795a4418470f,3,100.7,0.3834,-0.2798,0.0,0.0,0.3333,1.0,3.0,3.67,0.3333,1.0,19
e83e93b71371817b11d78a63ff156aee,2,143.0,0.3055,-0.5556,0.0,0.0,0.0,1.0,5.33,4.5,0.0,1.0,512
a61cc04793308395a840807104365121,1,14.63,1.6227,0.0,0.0,0.0,0.0,0.0,1.0,5.0,0.0,1.0,123
3986c0b54f6b748b75e7bd4e092aa3e5,1,24.99,0.6114,0.0,0.0,0.0,0.0,1.0,4.0,5.0,0.0,1.0,17
c611f4ce9ce875bcc063fa97fd4d7d12,1,319.0,0.0415,0.0,0.0,1.0,0.0,1.0,8.0,4.0,0.0,1.0,34
49f8d2ea7b718d0ce587d34207caf2b4,1,149.9,0.1025,0.0,0.0,0.0,0.0,1.0,3.0,5.0,0.0,1.0,11
533d46c1b06970e99f09523a61df4972,2,79.99,0.204,0.0,0.0,0.0,0.0,0.0,1.0,4.5,0.0,1.0,211
47f55702f598c7c6cc8458b0fbc1c49a,2,63.75,0.2816,-0.3,0.0,0.0,0.0,0.0,1.0,5.0,0.0,1.0,308
184725737946a1a938bbbd1a9e978103,3,119.9,0.122,0.0,0.0,0.0,0.0,1.0,5.67,4.67,0.0,0.5556,13
03bd479e1d9484cdb14104d3023f7321,3,119.9,0.1605,1.0,0.0,0.3333,0.3333,0.6667,1.67,4.33,0.0,1.0,41
9261d76c62caaf0b24677c2ceb7f8f20,6,161.45,0.2555,-0.8519,0.0,0.0,0.6667,0.5,2.67,3.83,0.0,1.0,14
13511db12ac61e2f89c53b72a944a60b,6,133.0,0.3333,0.0,0.0,0.1667,0.3333,0.6667,4.83,3.5,0.3333,0.5,16
7c9130f5f3729edd32aa059141d92484,3,42.0,0.5329,2.0,0.0,0.0,0.3333,0.0,1.0,3.33,0.3333,1.0,11
e5f9e61ceb5f523cc966e0f34095032f,4,559.5,0.0516,0.3403,0.0,0.25,0.3536,0.25,1.5,4.2,0.2,0.5,187
c3f5668699a1b04c0fa61ecea1e2bff6,3,135.94,0.2627,-0.0923,0.0,0.0,0.0,0.6667,6.33,5.0,0.0,0.5556,32
d8d9567d0bfb0bc7eb845a205ba42657,4,18.65,0.8004,1.6711,0.0,0.5,0.3536,0.25,1.5,3.5,0.25,0.625,12
11eac105f3f90a9b87b19c89d91e24f3,5,160.58,0.1556,-0.7051,0.0,0.0,0.2828,0.8,4.8,3.6,0.2,0.68,418
6824a69c9ea0313eba299dd4a2dba09a,6,111.15,0.1757,5.4182,0.0,0.0,0.6667,0.6667,4.33,4.67,0.0,0.4286,14
a1040efe9ff4a6f93c28b0499eada8f5,1,1658.83,0.0208,0.0,0.0,0.0,0.0,1.0,4.0,5.0,0.0,1.0,212
d1a1b40ec554c593a1a99366746289dd,1,49.7,0.2922,0.0,1.0,0.0,0.0,1.0,6.0,2.0,1.0,1.0,585
bf0045791395e66460eb04749c68672a,2,59.9,0.2959,0.0,0.0,0.0,0.0,0.5,1.67,4.0,0.0,1.0,537
5d378b73ab7dd6f0418d743e5dcb0bd1,7,1891.86,0.0297,-0.6684,0.0,0.1667,0.4286,1.0,6.62,3.86,0.1429,1.0,293
2aafae69bf4c41fbd94053d9413e87ee,2,47.0,0.3178,-0.4068,0.0,0.0,0.0,0.5,2.5,4.5,0.0,1.0,41
cd843d4cf8ef32827de0396605163ba3,5,383.0,0.3643,-0.0264,0.0,0.0,0.0,0.8,5.8,3.8,0.0,1.0,21
8eb88b0acb3f90a717ad659221471fa7,2,59.9,0.3412,0.0,0.0,0.0,0.0,0.5,4.0,4.5,0.0,1.0,211
d65f31d2413268e671989503f6cf9993,2,244.4,0.1456,-0.3647,0.5,0.0,0.0,0.5,2.0,1.0,1.0,1.0,547
15b3b1b81484422eb41df68ac87f1f50,2,39.17,0.3132,-0.1926,0.0,0.0,0.0,0.5,1.5,1.0,1.0,1.0,224
7957cac1a02f45d0a4a7e45626382ec2,1,343.0,0.0631,0.0,0.0,0.0,0.0,1.0,6.0,4.0,0.0,1.0,360
044668ccd5316b12a7cf0d54a156e3e9,3,45.93,0.3886,0.0,0.0,0.0,0.0,0.0,1.0,5.0,0.0,1.0,14
b5dd7151a92ccaaa282cbe9681a05f44,1,85.0,0.22,0.0,0.0,0.0,0.0,0.0,1.0,5.0,0.0,1.0,47
6e13dd869aa7185f601c941423abcc8f,5,104.4,0.1457,1.8696,0.0,0.0,0.3464,0.2,1.6,4.8,0.0,1.0,48
b3e2faf2c1004d674f16a3aa3197f0e1,3,20.49,0.5494,0.0,0.0,0.0,0.0,0.3333,1.33,5.0,0.0,0.5556,481
13f57c12a00ed4610db646b913a7f5c6,7,92.17,0.2727,-0.6654,0.0,0.1429,0.3194,0.4286,1.62,4.86,0.0,1.0,122
1588ac4010787100dddef64568f0ae35,3,199.99,0.0767,1.0,0.0,0.0,0.3333,0.6667,4.67,3.0,0.3333,1.0,228
6c17baf138731a4aaacc3210adf2037b,4,134.7,0.1669,0.0,0.0,0.0,0.0,1.0,4.75,5.0,0.0,1.0,14
2d2322d842118867781fc737e96d59a1,8,22.05,0.5951,2.3517,0.0,0.125,0.1768,0.125,1.11,4.88,0.0,1.0,9
918f6fbcf3ab724d805867303e593a1b,2,39.85,0.4125,0.6656,0.0,0.0,0.0,1.0,3.5,4.0,0.0,0.5556,550
7caa63f175b1cecbfaadd8b5ab9998c7,2,19.9,0.5158,0.0,0.5,0.0,0.0,0.5,3.0,2.0,0.5,1.0,85
0aa2205ca24f113f4658a5c536667426,4,203.91,0.2115,-0.4554,0.0,0.0,0.3536,0.0,1.0,4.0,0.25,1.0,20
74636e24f01da9268b0ed88dacd8513e,4,194.0,0.3513,0.8086,0.0,0.25,0.3536,1.0,5.5,4.0,0.25,0.625,20
d73cbd89533ce8b041a9190241453ac8,4,92.15,0.1764,0.4772,0.25,0.0,0.0,1.0,3.75,3.5,0.25,1.0,399
cf1313c6e2c01c2f4b014f97db4bcd2b,5,63.14,0.2575,-0.6788,0.0,0.2,0.5657,0.6,2.17,5.0,0.0,0.52,28
d52cbce9845184537284a23c3bc3da0e,2,37.5,0.8504,2.4118,0.0,0.0,0.0,0.0,1.0,5.0,0.0,1.0,185
929f342384a6607afe143d789ade1316,4,52.35,0.3026,-0.0933,0.0,0.0,0.3536,0.75,3.0,5.0,0.0,0.375,28
217f005bb37ff3aeef5b2ae1788e75ba,3,24.99,0.6036,0.0,0.0,0.0,0.0,0.6667,2.67,3.75,0.25,1.0,447
7f40d06aa0b5f1aa4f41af8c0480e2ef,6,218.32,0.0959,0.0,0.0,0.1667,0.0,0.8333,6.33,4.83,0.0,0.7222,7
24a6daf925d9d591870a66660416de31,2,30.0,0.5013,-0.0645,0.0,0.0,0.0,0.5,2.5,4.5,0.0,1.0,120
bd65d163ded559eb90a10cd09fec178f,1,19.8,0.9434,0.0,0.0,0.0,0.0,1.0,3.0,4.0,0.0,1.0,378
9523fb39dd240aa958e040f8183d64f3,1,146.99,0.1449,0.0,0.0,0.0,0.0,1.0,5.0,1.0,1.0,1.0,28
c6381b1321d7d97717a5bb4ed5b77882,2,33.0,0.5153,-0.8214,0.0,0.0,0.0,0.5,2.0,3.0,0.5,0.5556,25
bec568278124768c474ee90971ca94d1,2,109.95,0.1326,8.5215,0.0,0.0,0.0,1.0,5.0,4.5,0.0,0.5,35
c0f783394e37cd9c9d7f5f81141450fa,6,41.57,0.3502,0.382,0.0,0.0,0.0,0.5,2.33,3.6,0.2,1.0,264
e5c84227854980f1db19a58958c551d9,4,18.2,0.9453,7.708,0.0,0.0,0.5,0.0,1.0,4.75,0.0,0.625,19
d2df77822373f19934e87694d8640767,2,77.95,0.2598,0.0,0.0,0.0,0.0,0.5,1.5,3.0,0.5,0.5,130
f2336e113377dd21c744d9c4fc8293a9,4,890.75,0.0559,0.1241,0.0,0.0,0.3536,1.0,8.75,4.25,0.0,0.625,353
f8d5c7085db9a4ad2b8c1ffbeb2798c8,6,43.83,0.3818,-0.6471,0.0,0.0,0.0,0.5,1.5,5.0,0.0,1.0,210
e9c2dc0dd4ac38448289be644ac94f42,3,39.46,0.4749,-0.7968,0.0,0.0,0.3333,0.3333,1.67,5.0,0.0,0.5556,13
ff82e8873fba613f2261a9acc896fd84,4,31.15,0.473,-0.4306,0.0,0.0,0.3536,0.5,3.0,3.5,0.25,0.625,199
f7c31656c19db6275a8acadca289f426,1,61.56,0.263,0.0,0.0,0.0,0.0,1.0,3.0,3.0,0.0,1.0,200
52b53f7061969fe471d119b6195da864,1,90.0,0.093,0.0,0.0,0.0,0.0,0.0,1.0,5.0,0.0,1.0,371
87d73636a3acf123e842bb890a4db036,1,269.9,0.1619,0.0,0.0,0.0,0.0,0.0,1.0,5.0,0.0,1.0,40
e4f121bf6ef8b9a1d4d3e65dd0473fab,2,35.0,0.5209,0.3333,0.0,0.5,0.0,1.0,4.0,3.0,0.5,0.5,119
7238f877570096ae403c51898fa64566,3,400.0,0.0413,1.0,0.0,0.0,0.3333,0.6667,3.67,5.0,0.0,1.0,97
1dd33b8119b3cb1056ed5dc88cd0aaf4,8,189.12,0.0851,-0.5,0.0,0.125,0.3536,0.5,2.38,3.75,0.125,1.0,201
b8d890108a7a80e4f5d59eea9f362438,2,44.85,0.3856,1.0,0.0,0.5,0.0,0.0,1.0,3.5,0.0,0.5556,319
69b5eaa096c3f9d1e5c398c597f567d6,2,469.0,0.0523,0.0,0.0,0.0,0.0,1.0,8.0,5.0,0.0,1.0,9
ba6b68b55fe8704377a7d43c8e5c0185,5,147.95,0.125,-0.8788,0.0,0.0,0.6,0.8,6.0,4.2,0.2,0.36,457
fc0b214b59a83615fea981c6424a02ae,1,159.9,0.0759,0.0,0.0,0.0,0.0,0.0,1.0,5.0,0.0,1.0,17
3903c788ded8dc03b5ebab37a2f3e9a1,5,24.0,0.4273,-0.5308,0.0,0.2,0.3464,0.4,1.6,4.0,0.0,0.52,29
747c1cdcd1737dcfbd1547f6eb6f2cf3,2,96.55,0.1516,-0.1627,0.0,0.0,0.0,0.0,1.0,2.5,0.5,1.0,219
8629a7efec1aab257e58cda559f03ba7,1,45.22,0.4177,0.0,0.0,1.0,0.0,0.0,1.0,1.0,1.0,1.0,199
91543f9849d68d023e17194926598543,4,208.5,0.3196,-0.4202,0.0,0.0,0.3536,0.5,3.75,4.5,0.0,1.0,193
4f1f1c8666cdb6442f775c4e8caed465,2,472.49,0.1327,-0.4118,0.0,0.0,0.0,0.5,3.5,5.0,0.0,1.0,33
4cc43a222a0f94910728b62b97a8c5f8,1,108.5,0.113,0.0,0.0,0.0,0.0,0.0,1.0,3.0,0.0,1.0,215
a7c88262832dfc683781d6a421edefae,5,304.0,0.0542,0.9023,0.0,0.0,0.5657,0.8,5.0,4.2,0.0,1.0,203
4ef4c39cf3c24f326434cf0b2e48046a,8,111.38,0.1416,-0.5,0.0,0.1429,0.3536,0.125,1.25,3.38,0.375,1.0,11
6d04126aba80df143fd038e711b8fd96,1,89.99,0.2097,0.0,0.0,1.0,0.0,1.0,12.0,1.0,1.0,1.0,360
6c6e3d67f969468f3bfd33f827a31222,5,44.8,0.4125,3.4444,0.0,0.0,0.2828,0.4,2.2,4.8,0.0,1.0,25
3442f8959a84dea7ee197c632cb2df15,3,72.9,0.1276,0.1504,0.0,0.3333,0.3333,1.0,2.67,3.0,0.3333,1.0,369
94d76e96eedd976258cd3278ce56d5f2,1,385.61,0.1778,0.0,0.0,0.0,0.0,0.0,1.0,5.0,0.0,1.0,117
623ad9d0c1e14bb5464a8c72bff7b4af,1,95.0,0.4101,0.0,0.0,0.0,0.0,0.0,1.0,4.0,0.0,1.0,113
734def04b237117a09321dd6d8f3f2a2,2,626.22,0.023,-0.8467,0.0,0.0,0.0,1.0,6.5,5.0,0.0,0.5,74
553a440137d6e0cf776aee0bb83ac9f5,2,72.4,0.2095,0.0,0.0,0.5,0.0,0.5,1.5,1.0,1.0,0.5,97
b5f49fe968dff6b112861e6cd8e192ef,1,194.7,0.2207,0.0,0.0,0.0,0.0,0.0,1.0,5.0,0.0,1.0,228
3f2af2670e104d1bcb54022274daeac5,6,162.27,0.3704,-0.5295,0.0,0.1667,0.3333,0.8333,3.33,3.33,0.3333,1.0,107
1f7dfad2cb384ea4d2d7e1ffbd78c407,1,49.0,0.1692,0.0,0.0,0.0,0.0,0.0,1.0,1.0,1.0,1.0,121
7b3447b497e55af8c15fc7bd89d7b81a,1,49.9,0.4158,0.0,0.0,0.0,0.0,0.0,1.0,5.0,0.0,1.0,290
80cfd480be3eb6d6267139f5cb793555,1,99.9,0.2647,0.0,0.0,0.0,0.0,1.0,6.0,4.0,0.0,1.0,542
392353362d22cc2c236e1ee81ff19890,5,57.74,0.6649,24.6176,0.0,0.0,0.5657,0.6,4.0,4.6,0.0,0.82,12
333c4210e76a1aa2ab817b99437e3ff1,2,167.5,0.2013,-0.8758,0.0,0.0,0.0,1.0,4.0,5.0,0.0,1.0,24
674207551483fec113276b67b0d871ff,1,119.9,0.1163,0.0,0.0,0.0,0.0,1.0,6.0,5.0,0.0,1.0,60
0ec28cec4046a4a199b6de9b4c891d97,3,98.87,0.1889,0.0191,0.0,0.0,0.3333,0.3333,2.67,5.0,0.0,1.0,109
4867209cb29b56b92893d7bde3ce8012,1,150.0,0.1277,0.0,0.0,0.0,0.0,0.0,1.0,4.0,0.0,1.0,79
f0ec78809fe0bc3edb11c9fe5b97b059,2,31.3,0.378,0.5344,0.0,0.0,0.0,1.0,1.67,4.0,0.0,1.0,47
4003520d80d0bad1d5623f7aa3c63cda,1,70.0,0.2391,0.0,0.0,0.0,0.0,0.0,1.0,1.0,1.0,1.0,342
0b64bcdb0784abc139af04077d49a20e,4,34.4,0.4957,0.2007,0.0,0.0,0.0,0.0,1.0,4.75,0.0,1.0,52
2235cf78d3e2073a88146a9cb60f0dd0,1,178.99,0.144,0.0,0.0,0.0,0.0,1.0,4.0,5.0,0.0,1.0,277
52831e5990d0771cb4951d6f12928167,1,65.0,0.2018,0.0,0.0,0.0,0.0,0.0,1.0,3.0,0.0,1.0,28
52f6f9f13ba19504c02781132a049e75,1,199.0,0.1162,0.0,0.0,0.0,0.0,0.0,1.0,2.0,0.5,1.0,527
788f22bafdd7ab0e1e79f19db72f16a4,2,62.9,0.2086,0.0,0.0,0.0,0.0,0.5,2.5,4.5,0.0,0.5,13
52a50b42accf164f9f019941e5759d9b,4,34.99,0.4077,0.0,0.0,0.25,0.0,0.25,1.25,4.75,0.0,1.0,12
5bc237df65098fe211bb4818f4d26d78,2,63.4,0.4502,0.1169,0.0,0.0,0.0,0.0,1.0,4.5,0.0,1.0,353
0b09101900100c0e9d312861fad5a1b9,1,153.75,0.095,0.0,0.0,0.0,0.0,1.0,8.0,4.0,0.0,1.0,584
ea4e9ce63a2134743b4a92777437fcdd,3,105.53,0.2075,1.0409,0.0,0.0,0.0,0.0,1.0,4.67,0.0,1.0,13
e1643dff33666ca629e3644c02738179,3,56.67,0.1724,0.0,0.0,0.0,0.0,0.0,1.0,4.33,0.0,0.5556,98
64c9a1db4e73e19aaafd3286dc448c96,1,439.0,0.0993,0.0,0.0,0.0,0.0,1.0,8.0,5.0,0.0,1.0,16
0daf5180aa44356f60f8effa533b55a2,2,72.4,0.2682,-0.6196,0.0,0.5,0.0,0.5,2.0,5.0,0.0,1.0,14
41c9d3997dd3c072c31139dc5bb5761f,3,332.93,0.1119,0.3304,0.0,0.0,0.0,0.6667,7.67,4.33,0.0,1.0,547
f3511c85f59f8dec53d140501ee8e7a8,1,69.9,0.116,0.0,0.0,0.0,0.0,1.0,7.0,5.0,0.0,1.0,386
1fe61aa5494bd3ae92a2c13e067c810f,1,537.76,0.1875,0.0,0.0,0.0,0.0,1.0,12.5,4.0,0.0,1.0,280
1710c3aaa9c6b44ec3883ee0fe300e21,2,594.45,0.0317,2.1011,0.0,0.0,0.0,1.0,7.0,5.0,0.0,0.5,124
270572bb714b00531be85e16e1550f26,1,96.99,0.1523,0.0,0.0,0.0,0.0,1.0,4.0,5.0,0.0,1.0,102
7315baebc0572ff220d226283dc66728,2,24.92,0.529,-0.079,0.0,0.0,0.0,0.5,2.0,4.0,0.0,0.5,432
052577151711aec5c744fe12e66db3e1,4,687.0,0.0809,1.0,0.0,0.0,0.3536,0.5,5.5,2.25,0.75,1.0,257
559d56f3b8f0bc2e5a9a62fe2ce2a39f,2,192.5,0.1265,0.0,0.0,0.5,0.0,1.0,3.5,2.5,0.5,1.0,29
6524b847b982cd56bb5d4b02b776ee42,1,779.8,0.0707,0.0,0.0,1.0,0.0,0.0,1.0,4.0,0.0,1.0,201
866558b3bccef2dbc6d29a2b5995016f,5,303.88,0.2312,4.6335,0.0,0.0,0.3464,0.6,8.4,4.8,0.0,0.7222,45
ef728fa1f17436c91ed1ccd03dcf9631,3,42.9,0.4516,-0.8981,0.0,0.0,0.3333,0.3333,3.0,4.33,0.0,1.0,11
042573af89b6d931f672efaf789d8358,3,137.83,0.1574,-0.2663,0.0,0.3333,0.3333,0.0,1.0,3.67,0.3333,0.5556,204
70126eecc6aa1274392a1743866e9678,3,32.47,0.486,0.5103,0.0,0.0,0.3333,0.0,1.0,5.0,0.0,0.5556,40
f1ce5fdecd64935c28b9ff932751d0dc,2,79.0,0.1426,0.0,0.0,0.0,0.0,0.5,3.5,4.5,0.0,1.0,431
bb3dca718920a4d7ec3cc9ffb025108b,2,54.0,0.8676,0.0,0.0,0.0,0.0,0.5,2.0,3.0,0.5,1.0,565
abc015ebac1d283a323ca9db35ede4b9,12,92.23,0.2013,0.99,0.0,0.0,0.3333,0.3333,2.23,4.42,0.0833,0.858,268
edb65fe661681b1c0de8bd47c8655855,1,69.0,0.2209,0.0,0.0,0.0,0.0,0.0,1.0,3.0,0.0,1.0,495
05ca864204d09595ae591b93ea9cf93d,1,179.9,0.0474,0.0,0.0,1.0,0.0,0.0,1.0,5.0,0.0,1.0,18
13c2ed7698b3ca92dad49e849219da59,8,62.33,0.3102,-0.5613,0.0,0.0,0.3062,0.5,2.12,4.38,0.125,1.0,32
173d56ffbd4c56cb80fc3615487d712b,2,179.0,0.1106,0.0,0.0,0.0,0.0,1.0,5.5,5.0,0.0,1.0,14
92992bec39dde5766f590d3b1f46d465,1,109.0,0.1162,0.0,1.0,0.0,0.0,0.0,1.0,1.0,1.0,1.0,127
c7c7b2682c648339a0e9846bb1023a39,2,84.0,0.1886,-0.5,0.0,0.0,0.0,1.0,4.5,4.5,0.0,1.0,264
aa2640d851ec322526f1295bbeb20092,1,159.98,0.1398,0.0,0.0,0.0,0.0,1.0,3.0,3.0,0.0,1.0,120
fe9d9cf8631285d5982c6e2cf27fb114,1,69.9,0.3382,0.0,0.0,0.0,0.0,0.0,1.0,4.0,0.0,1.0,46
5f5a58930c3c35f3b5af264f34fb8c85,3,186.67,0.1225,-0.0142,0.0,0.0,0.3333,0.6667,2.33,5.0,0.0,0.5556,46
d58d521f3789def2e7a22715e0badd93,2,32.99,0.2761,0.0,0.0,0.0,0.0,0.0,1.0,3.5,0.0,1.0,167
7e959205cebc10adefcb331f934238a4,2,256.95,0.0635,0.0,0.0,0.0,0.0,1.0,6.0,1.0,1.0,1.0,555
38af8acfd46ac4a7bf754e8ca6736664,5,69.0,0.1534,1.0,0.0,0.0,0.3464,0.2,1.2,4.8,0.0,1.0,201
11fb6f6d341adbe19e81733701704635,3,399.0,0.3339,0.0,0.0,0.0,0.0,1.0,6.0,5.0,0.0,1.0,9
43b2c864251aa0ce4030c746984e088a,2,47.4,0.3641,0.7163,0.0,0.0,0.0,0.5,2.0,3.0,0.5,0.5,11
7d484ca289afaac6bf5fc6a1e96d2226,2,91.6,0.356,0.0,0.0,0.5,0.0,0.5,3.5,4.0,0.0,1.0,17
f650a9708fa1bab22bdd8d3a818cc415,5,101.55,0.171,-0.526,0.2,0.0,0.2828,0.8,4.83,3.4,0.4,1.0,397
6bcb2352a2a0c38b845f598298ab9d26,2,15.9,0.8673,0.0,0.0,0.0,0.0,1.0,2.5,3.0,0.5,1.0,339
41e0fa5761c886a630994a55c12087e7,5,84.72,0.1613,0.0,0.0,0.0,0.5657,0.4,2.0,5.0,0.0,1.0,81
3a79f35a2344ede41af21267f61d5ec6,1,186.0,0.1705,0.0,0.0,0.0,0.0,0.0,1.0,1.0,1.0,1.0,291
57d2ba47f7a3209aa347532ae75c1165,2,159.0,0.441,-0.3175,0.0,0.0,0.0,0.5,4.5,4.0,0.0,1.0,47
9a03a4e9eb0b947652fae4f6121a3f5e,7,213.86,0.1237,0.5385,0.0,0.1429,0.5714,0.7143,5.14,3.86,0.1429,0.5102,28
7cf4ea70955b00d6b3c22542598e2715,1,189.9,0.0785,0.0,0.0,0.0,0.0,0.0,1.0,5.0,0.0,1.0,46
94c49f20a123aeb9360dbf80ff912bf6,3,92.58,0.2216,3.5606,0.0,0.0,0.3333,0.3333,1.33,3.67,0.3333,0.5556,455
9315e491484b1b0081ca166fc164108d,1,29.99,1.014,0.0,0.0,0.0,0.0,1.0,8.0,3.0,0.0,1.0,59
5415337f1863452476d42d9f14a16a61,1,44.9,0.5223,0.0,0.0,0.0,0.0,1.0,4.0,3.0,0.0,1.0,30
d7b2377bae6ace1b11fc69a11900ac36,4,82.4,0.1576,-0.5556,0.0,0.3333,0.3536,0.5,3.5,3.25,0.5,1.0,278
98115075dd26cb8835946fc6086f5d30,4,108.74,0.1293,0.2702,0.0,0.0,0.3536,0.25,2.0,4.75,0.0,0.625,18
1f2eebc0e970fd3c463e4f5d9652687a,1,44.99,0.1885,0.0,0.0,1.0,0.0,0.0,1.0,5.0,0.0,1.0,25
2f73e04d12cdf0c945ded66bb3fcf6c7,3,453.0,0.0749,0.0528,0.0,0.0,0.0,0.6667,2.0,3.33,0.3333,1.0,15
6614814a00d344b846ae209f95ee7e3f,1,13.0,0.9762,0.0,0.0,0.0,0.0,0.0,1.0,1.0,1.0,1.0,452
d3e7d37c0df9aef383f3f2a15b0dddfb,1,161.0,0.2506,0.0,0.0,0.0,0.0,1.0,3.0,5.0,0.0,1.0,43
57a834594e1e9e9219603bfec184eadc,1,139.0,0.1946,0.0,0.0,0.0,0.0,1.0,3.0,5.0,0.0,1.0,92
b9c0ffa92f3ff9a5a3d45ef7213c0842,3,163.33,0.1677,0.1111,0.0,0.0,0.0,0.6667,7.0,5.0,0.0,0.5556,263
19e0f40a907ec568c34bfac15de4f4a1,4,44.5,0.2338,0.0,0.0,0.0,0.0,0.25,2.0,5.0,0.0,1.0,321
f9eedec3129e8cc6b6429c42d0808c5b,2,394.9,0.0549,0.0,0.0,0.0,0.0,1.0,4.0,4.5,0.0,1.0,39
8f0fbe2cd4d472157dc1cdef6edecaa9,2,35.94,0.3183,-0.4706,0.0,0.0,0.0,0.0,1.0,3.0,0.5,0.5,357
5a32c398a06c345440bf2a683b017ad3,2,39.9,0.2904,-0.2227,0.5,0.0,0.0,0.5,3.0,3.0,0.5,1.0,173
4e480be820e37de1444325ff358c9296,1,430.3,0.3333,0.0,0.0,0.0,0.0,1.0,10.0,5.0,0.0,1.0,54
aae5e7b457a3c72ee230a47d98fceda5,5,120.96,0.2328,0.0,0.0,0.0,0.3464,0.4,2.6,4.2,0.0,1.0,17
f682e0f848abafc6f41e0d4e868c66ef,2,134.99,0.126,-0.4118,0.0,0.5,0.0,0.5,2.5,3.5,0.0,1.0,108
abe021b01ba992245271b9aa422032df,2,3360.0,0.0174,-0.3116,0.0,0.0,0.0,0.5,3.0,3.5,0.5,1.0,482
447d377bdb757058acb569025ee18a93,1,64.99,0.2773,0.0,0.0,0.0,0.0,1.0,3.0,5.0,0.0,1.0,213
ccbd753e6863fe7314dc6c0ca5a074e7,1,495.0,0.2052,0.0,0.0,0.0,0.0,1.0,6.0,4.0,0.0,1.0,22
89d9a386b0b6e5fc8403071b03f7206a,2,83.5,0.4087,0.0,0.0,0.0,0.0,0.5,5.5,4.0,0.0,1.0,203
513a54369b6a8a6602fcb0e129c6d78d,2,23.9,0.3109,0.0,0.0,0.0,0.0,0.0,1.0,4.5,0.0,1.0,8
a7a9b880c49781da66651ccf4ba9ac38,3,102.53,0.2128,-0.3704,0.0,0.0,0.0,1.0,2.75,3.67,0.0,1.0,59
c12d7463a579237ffb9248bd7cff378b,1,25.9,0.3367,0.0,0.0,0.0,0.0,1.0,3.0,4.0,0.0,1.0,697
9200e6ce317b67196b6b0bad4d4bd567,1,36.9,0.3935,0.0,0.0,0.0,0.0,0.0,1.0,3.0,0.0,1.0,527
a81466620e46a6970b22ef40379fdfc9,2,160.9,0.1025,0.0,0.0,0.0,0.0,1.0,2.67,5.0,0.0,1.0,325
389e45560e33d2d0747f949dcddbc08e,1,39.0,0.2162,0.0,0.0,0.0,0.0,1.0,3.0,5.0,0.0,1.0,18
13dd308f81fea30cc670c656b2b46cc3,3,39.23,0.2841,1.0257,0.0,0.3333,0.3333,0.3333,1.67,5.0,0.0,1.0,7
baeda7047354773262ba2405f97038ba,1,35.0,0.4314,0.0,0.0,0.0,0.0,0.0,1.0,5.0,0.0,1.0,338
5e063e85d44b0f5c3e6ec3131103a57e,1,22.9,0.324,0.0,0.0,0.0,0.0,0.0,1.0,5.0,0.0,1.0,53
6c77cd583b36a13aacccf2b3ee23e233,1,18.9,0.6767,0.0,0.0,0.0,0.0,1.0,3.0,5.0,0.0,1.0,11
ce4755084bc097113867e6454f8f5e52,1,18.9,0.6767,0.0,0.0,0.0,0.0,0.0,1.0,5.0,0.0,1.0,83
702835e4b785b67a084280efca355756,1,7.6,1.4421,0.0,0.0,0.0,0.0,0.0,1.0,5.0,0.0,1.0,567
461ff5303b6c9c1a4a07f40c5aece516,3,34.23,0.5719,-0.0573,0.0,0.0,0.0,0.6667,1.67,3.67,0.3333,1.0,51
d7f1cfc638473be93baedbfd02208016,1,30.0,0.5713,0.0,0.0,0.0,0.0,0.0,1.0,5.0,0.0,1.0,46
5996cddab893a4652a15592fb58ab8db,1,810.0,0.0873,0.0,0.0,0.0,0.0,1.0,10.0,5.0,0.0,1.0,61
9996ae921c50e8dff411ac69c0b4bb8b,2,14.85,1.4704,0.0,0.0,0.0,0.0,0.5,3.0,2.0,0.5,1.0,316
58b98ccb79873e04eac4357cacc590d9,1,23.0,0.3874,0.0,1.0,0.0,0.0,1.0,3.0,1.0,1.0,1.0,30
9e25199f6ef7e7c347120ff175652c3b,1,12.5,1.1616,0.0,0.0,0.0,0.0,0.0,1.0,4.0,0.0,1.0,525
1fa2d3def6adfa70e58c276bb64fe5bb,1,6.9,1.3043,0.0,0.0,0.0,0.0,1.0,2.0,1.0,1.0,1.0,10
e0b162a693bc7f9eab00f783a31d60ea,1,20.0,1.4845,0.0,0.0,0.0,0.0,1.0,5.0,5.0,0.0,1.0,122
e72b4feb7abe210c52aa667abc25a3a2,1,38.2,0.4565,0.0,0.0,0.0,0.0,1.0,4.0,5.0,0.0,1.0,443
fb8904a8ea99f8831b64ce27db2c1765,2,139.0,0.0876,0.0,0.0,0.5,0.0,1.0,2.0,4.5,0.0,0.5,283
6c9875b2f94ba781186f0c1aed8d1687,2,12.5,1.522,2.5455,0.0,0.0,0.0,0.0,1.0,5.0,0.0,1.0,386
e908c0f3646e8b60375734a350d95d71,1,2951.0,0.0198,0.0,0.0,0.0,0.0,1.0,10.0,4.0,0.0,1.0,516
76833248bbc0e65a0293ec62023e4396,2,1199.99,0.0961,-0.5882,0.0,0.0,0.0,1.0,10.0,5.0,0.0,1.0,290
29e6e05b65f93bc224c644319dc52ecf,4,118.9,0.1752,-0.5331,0.0,0.0,0.3536,0.75,4.75,4.75,0.0,1.0,17
0aa124728afc1131dff5655f4c6f487b,2,425.46,0.1268,-0.935,0.5,0.0,0.0,0.5,3.0,1.0,1.0,0.5,21
010da0602d7774602cd1b3f5fb7b709e,1,849.5,0.271,0.0,0.0,0.0,0.0,1.0,5.0,1.0,1.0,1.0,89
4c1c7281388a33dd06daac44f9fadbd1,5,37.66,0.4333,-0.4987,0.0,0.0,0.2,0.4,2.2,4.8,0.0,0.44,75
6576fd3e23c88f0e5d4d23f39bba0542,1,14.5,0.7559,0.0,0.0,0.0,0.0,0.0,1.0,1.0,1.0,1.0,550
400f221ab83037c0ea78f1267da9624d,1,865.0,0.024,0.0,0.0,0.0,0.0,1.0,9.0,,,1.0,327
11938fcc75f6902fea1d0a6f72b54a57,2,297.49,0.2389,0.38,0.0,0.0,0.0,1.0,9.0,3.0,0.5,1.0,99
1746c1ae87ac63d530c7c943d0ac42e2,1,229.9,0.0977,0.0,0.0,0.0,0.0,1.0,8.0,5.0,0.0,1.0,265
c1f12f926d0ba950578b4fa41115cbb6,2,239.8,0.1605,3.3348,0.0,0.5,0.0,0.0,1.0,4.0,0.0,0.625,33
65c255b299faf2d12050937cc219c46c,2,44.1,0.2481,0.0,0.0,0.0,0.0,0.0,1.0,4.5,0.0,1.0,368
539ed9e19811677513447759be5eccfc,2,16.41,0.947,0.312,0.0,0.0,0.0,0.5,1.5,3.0,0.5,1.0,8
436bf27f2f18474fc6047702e9f8a866,1,29.9,0.4856,0.0,0.0,0.0,0.0,1.0,4.0,5.0,0.0,1.0,593
fc5a0d7a310a7a41abf86a458585ff2b,2,81.4,0.1681,-0.6192,0.5,0.0,0.0,0.5,1.5,2.5,0.5,1.0,110
a53f60f05f822b5c621a50ff6a5cb362,4,103.85,0.3109,3.9428,0.0,0.0,0.5,0.75,2.25,3.67,0.3333,0.7222,17
89dda63a3c907c468ec88c310ed91213,2,367.5,0.0573,0.0,0.0,0.0,0.0,0.5,2.0,3.0,0.5,1.0,145
dd5450b022b2d00a2145a66331e1aef6,1,59.0,0.3786,0.0,0.0,0.0,0.0,1.0,2.0,5.0,0.0,1.0,66
e3e15e2c0b9700561efac21c6be48066,3,32.41,0.4371,-0.6725,0.6667,0.0,0.3333,0.0,1.0,2.0,0.6667,1.0,51
902c99f1ac505c0d18778b61bcd636f7,4,39.49,0.6341,-0.6667,0.0,0.0,0.5,0.75,3.75,4.0,0.25,0.625,24
19484c79cef6c062cb177aa4ef2fcc3c,1,201.9,0.0503,0.0,0.0,1.0,0.0,0.0,1.0,1.0,1.0,1.0,31
5e49e3a44bdeb5aab2684258bbd4f525,3,169.0,0.1041,0.0,0.0,0.3333,0.0,0.3333,1.33,4.67,0.0,1.0,172
3ded4e2d5f135cb103e5949d7263d2dd,1,49.9,0.2501,0.0,0.0,0.0,0.0,0.0,1.0,5.0,0.0,1.0,200
90b36c5aeb728d5504a39f435bef0c5f,5,41.57,0.6368,-0.3236,0.0,0.0,0.2,0.6,1.8,4.2,0.2,0.4286,32
fc908879b9ca1bd65419e54e50432d38,4,29.8,0.4419,1.0,0.0,0.0,0.3536,0.25,1.25,5.0,0.0,1.0,40
05a48cc8859962767935ab9087417fbb,1,42.9,0.3844,0.0,0.0,0.0,0.0,0.0,1.0,5.0,0.0,1.0,32
0873d9f8f36123f8d910f4760e788cfb,6,1210.93,0.0222,-0.0812,0.0,0.5,0.3333,1.0,9.5,3.17,0.3333,0.7222,20
3b18f9856c6eb2413eafedb58e9eecd9,1,315.0,0.0638,0.0,0.0,0.0,0.0,0.0,1.0,5.0,0.0,1.0,145
61b18775be84fb700a6b2d0ba097bf66,4,83.62,0.3035,-0.2732,0.0,0.0,0.0,0.5,1.83,4.75,0.0,1.0,13
578460d8319c51dab351cd9db95eadfe,1,235.0,0.1509,0.0,0.0,0.0,0.0,0.0,1.0,3.0,0.0,1.0,378
84deb808079d1be601c209c1e771b1cc,2,17.46,0.6645,-0.4833,0.0,0.0,0.0,0.0,1.0,5.0,0.0,1.0,280
9558aa23f77a9e0a0eca83540999f43b,2,62.85,0.2377,0.0,0.0,0.0,0.0,0.5,2.0,3.0,0.5,1.0,469
debe6615cd90cc0c2eac2b8988e1f628,5,55.7,0.343,2.6494,0.0,0.0,0.6,0.2,1.4,4.6,0.0,0.52,532
85e7c62c1d6ea078c3897424f867a7c8,2,30.0,0.4617,0.0,0.0,0.0,0.0,0.0,1.0,4.5,0.0,1.0,229
7cb946b1ad19faebe28c3e86c2794ec3,1,25.0,0.604,0.0,0.0,0.0,0.0,1.0,2.0,5.0,0.0,1.0,291
1927cdb9fa74f5270097f6250e8e8f34,1,120.0,0.491,0.0,0.0,0.0,0.0,0.0,1.0,5.0,0.0,1.0,28
0e72c1a751b496722a6cb1f10653b62a,3,46.93,0.3643,1.796,0.0,0.0,0.0,0.3333,2.67,4.67,0.0,0.5556,35
657969cca82e884d272385ec0ef06edd,3,46.57,0.3712,0.0,0.0,0.0,0.0,0.0,1.0,4.67,0.0,1.0,34
8ea394aed8138685abe1eb9f25e1021d,2,670.0,0.0579,0.0,0.0,0.0,0.0,1.0,10.0,4.0,0.0,1.0,88
a20d8058c866dbaeca014d2cd20ac62e,2,597.0,0.0376,0.0,0.0,0.5,0.0,0.5,1.5,5.0,0.0,1.0,110
aa8af66c623d7d544dfe4bb85b5ebe3b,1,99.0,0.1573,0.0,0.0,0.0,0.0,1.0,2.0,5.0,0.0,1.0,92
e5def42655b7490edac5a56fe8e9e603,1,129.9,0.0887,0.0,0.0,0.0,0.0,0.0,1.0,5.0,0.0,1.0,524
6187a137b2af59dfdbad8d9f8c373c14,2,37.4,0.404,0.1433,0.0,0.0,0.0,1.0,3.5,3.0,0.5,1.0,240
f90f77ef2799a27f80d90c425ca944f7,1,70.0,0.278,0.0,0.0,0.0,0.0,0.0,1.0,5.0,0.0,1.0,111
3d68c634a99a1ba46dbca3967a69c623,2,297.0,0.4439,0.0,0.0,0.0,0.0,1.0,4.0,5.0,0.0,1.0,32
83f2b4881141ce3fcd4e985125d3279e,3,20.23,0.6702,2.3669,0.0,0.3333,0.3333,0.3333,1.67,5.0,0.0,1.0,169
1284de4ae8aa26997e748c851557cf0e,3,486.66,0.0595,-0.56,0.0,0.0,0.0,0.6667,2.67,2.67,0.6667,1.0,320
4ce6e5f6c52515177e18c1c9361d8677,1,226.6,0.1133,0.0,1.0,0.0,0.0,1.0,5.0,3.0,0.0,1.0,49
c714262700f93defc16bf17a51a4cb23,4,105.45,0.1648,-0.0109,0.0,0.0,0.3536,0.75,4.75,3.75,0.25,0.625,111
5c603ffb38cbbf25a0e0698941324143,2,174.4,0.1285,0.0,0.0,0.0,0.0,1.0,10.0,1.0,1.0,1.0,586
458c6fa920810ce2492da71bc26d9eec,2,378.38,0.1396,0.0,0.0,0.0,0.0,1.0,12.5,2.5,0.5,1.0,256
c74f14c1e26cf1bd5bd34b6a1e274426,1,39.0,0.4305,0.0,0.0,0.0,0.0,0.0,1.0,5.0,0.0,1.0,219
4c4d546adf3c3868fe19c9ec6e9ffda9,2,55.85,0.4064,-0.1926,0.0,0.0,0.0,0.5,3.5,4.0,0.0,1.0,18
d598f929fc44e1e38678e7f47250ec04,1,69.9,0.5351,0.0,0.0,0.0,0.0,1.0,8.0,5.0,0.0,1.0,73
ea846a0e7ad98a741783e886d89dfa44,2,68.5,0.4034,0.0,0.0,0.0,0.0,0.0,1.0,5.0,0.0,1.0,17
b98b715fe9e276204e2a3464f48cd796,6,75.1,0.1488,6.4386,0.3333,0.25,0.4082,0.3333,1.83,3.33,0.3333,0.5,132
70ee69419916dc13e3aed619061f996c,1,45.0,0.1938,0.0,0.0,0.0,0.0,1.0,5.0,3.0,0.0,1.0,392
535bf14f36346c7f59d87cece104d70c,1,50.0,0.1554,0.0,0.0,1.0,0.0,0.0,1.0,4.0,0.0,1.0,15
528ce32f560edd11add4169f6a5b65be,2,29.9,0.2559,0.0,0.0,0.0,0.0,0.5,5.5,5.0,0.0,0.5,410
661ad5fcc28cdfb8bcadb12bb2272475,4,52.48,0.5706,0.0,0.0,0.0,0.3536,0.5,2.5,5.0,0.0,1.0,48
7df1fc11cc5cbc518b39faa60cf5d67c,5,207.52,0.1295,2.3561,0.0,0.0,0.3464,0.6,2.0,4.2,0.2,1.0,41
fdf736c18c589ed030e058312203e1b2,1,30.0,0.4837,0.0,0.0,0.0,0.0,0.0,1.0,5.0,0.0,1.0,32
8e29d051f810eb22959ede205b462b9f,2,299.9,0.3559,0.0,0.0,0.5,0.0,0.5,2.0,4.0,0.0,1.0,76
5e25c632f9db6cfb8bc100421c2737b6,1,259.0,0.0769,0.0,0.0,0.0,0.0,1.0,4.0,5.0,0.0,1.0,83
f9bbdd976532d50b7816d285a22bd01e,2,134.0,0.1133,-0.5028,0.0,0.0,0.0,0.5,2.0,5.0,0.0,1.0,354
731ef20c231d9a7103a425e83fd91271,2,846.0,0.2988,0.0,0.0,0.0,0.0,0.5,1.5,3.5,0.0,1.0,310
6561d6bf844e464b4019442692b40e02,1,41.9,0.1802,0.0,0.0,0.0,0.0,1.0,2.0,5.0,0.0,1.0,6
011b0eaba87386a2ae96a7d32bb531d1,1,99.98,0.2919,0.0,0.0,0.0,0.0,0.0,1.0,4.0,0.0,1.0,697
6879c4d287a8dd06b11f54ea8f78e4da,6,87.94,0.2832,-0.6429,0.0,0.0,0.0,0.3333,1.5,4.33,0.1667,0.3889,20
0f519b0d2e5eb2227c93dd25038bfc01,1,79.9,0.2879,0.0,0.0,0.0,0.0,0.0,1.0,5.0,0.0,1.0,584
26b482dccfa29bd2e40703ba45523702,3,114.93,0.1962,0.6526,0.0,0.0,0.3333,0.6667,2.33,5.0,0.0,0.625,14
1e47defeeadeca0e9a18fa5a9311e735,3,78.04,0.2456,-0.7907,0.0,0.0,0.3333,0.6667,3.0,5.0,0.0,0.5556,411
aae5953b9edddf14749c0d65d60eb4b9,2,86.5,0.1728,-0.8459,0.0,0.0,0.0,1.0,3.5,5.0,0.0,1.0,320
6e85dc5ecd97a61094b89b046a509d8e,1,169.9,0.0747,0.0,1.0,0.0,0.0,1.0,3.0,1.0,1.0,1.0,477
1d0646a72178a6fb37ee8082140e06ec,2,30.5,0.6003,0.0,0.0,0.0,0.0,0.5,2.5,5.0,0.0,0.5,12
2a7c6c0b0d5efde2bf75ec1e1cec2d41,3,49.2,0.3011,1.0814,0.0,0.0,0.3333,0.6667,3.33,3.33,0.3333,1.0,266
4f40d2ed38d1cc945364a7cd202a82c7,1,319.9,0.0531,0.0,0.0,0.0,0.0,0.0,1.0,1.0,1.0,1.0,282
4ce8b55b4bfa4659184e7becc1fba3f2,2,99.5,0.3009,0.0,0.0,0.0,0.0,1.0,3.0,3.0,0.5,1.0,127
69a43819c758c65a5befb0b471c954d7,2,149.93,0.3365,1.0,0.0,0.0,0.0,1.0,5.5,4.0,0.0,1.0,352
0ade5cc4a305ed7093a23f68ca47519c,2,79.44,0.2668,-0.0113,0.0,0.0,0.0,0.5,5.5,5.0,0.0,1.0,225
c18309219e789960add0b2255ca4b091,1,9.9,1.4242,0.0,0.0,0.0,0.0,1.0,2.0,5.0,0.0,1.0,272
7a073a40a9d3f1fee8bc45670ea1e909,1,95.0,0.1872,0.0,0.0,0.0,0.0,0.0,1.0,1.0,1.0,1.0,694
dd39ad39b5d3df33037e141c72497ba6,2,67.9,0.2139,-0.7755,0.0,0.0,0.0,1.0,2.5,5.0,0.0,0.5,450
8b87cd0d43d49b9bdf40f56229364d59,5,310.58,0.1938,-0.9381,0.0,0.0,0.5657,0.4,3.4,2.6,0.6,0.52,273
7963e546f34e098b578f9ad102494601,1,60.99,0.3481,0.0,0.0,0.0,0.0,0.0,1.0,5.0,0.0,1.0,302
da2782c804606d2a5d8e1760dbb3e7ec,1,89.0,0.1615,0.0,0.0,1.0,0.0,1.0,5.0,1.0,1.0,1.0,281
f43827dd686be3a4a80e00aa299990fb,1,95.54,0.3161,0.0,0.0,0.0,0.0,0.0,1.0,2.0,1.0,1.0,221
aa17b35ce4de7b565be3249ba838944f,2,39.9,0.4286,0.0,0.0,0.0,0.0,0.5,2.33,4.5,0.0,1.0,367
50c361bcf670d16f6df4d52de3dff924,1,35.0,0.4743,0.0,1.0,0.0,0.0,1.0,2.0,1.0,1.0,1.0,202
be7a093e5b4d147b36b72bb1f9e415e5,1,60.9,0.3672,0.0,0.0,0.0,0.0,0.0,1.0,5.0,0.0,1.0,58
119d1aef1b4144adba89163f6cd9f5d4,4,273.5,0.1867,-0.4004,0.0,0.0,0.3536,1.0,6.75,4.75,0.0,0.5,290
79b93a308a97792cf53ac75f46da00b5,1,99.9,0.1616,0.0,0.0,0.0,0.0,1.0,10.0,5.0,0.0,1.0,407
2ec6e37d992a95eaddb3369dcbcc76d9,2,79.9,0.1511,0.0,0.0,0.0,0.0,0.5,3.33,1.5,1.0,1.0,332
0ee4fb99ac55ffbbc98795aa01b7f8fa,1,59.9,0.1841,0.0,0.0,0.0,0.0,0.0,1.0,5.0,0.0,1.0,490
ee2fbacc2fc3794e656cc4d933d59ce7,2,232.49,0.1156,0.0,0.0,0.0,0.0,1.0,3.5,4.0,0.0,1.0,13
64cc804291f90c81f02bfc2bb58ff55a,2,258.8,0.0899,5.5123,0.0,0.0,0.0,1.0,6.0,5.0,0.0,1.0,47
7dea6f73af847b42cc3985bd620f994d,2,162.0,0.1734,0.0,0.0,0.0,0.0,1.0,3.0,4.0,0.0,1.0,10
bcf5566870987da7bc811fbc8c5b9fd9,1,96.0,0.3242,0.0,1.0,0.0,0.0,0.0,1.0,1.0,1.0,1.0,389
edb58a1390adf273840030a3d6253829,1,39.9,0.4607,0.0,0.0,0.0,0.0,1.0,2.0,5.0,0.0,1.0,9
3fadb4cba4c35bce6a7eaf9872d5623a,3,69.83,0.3247,-0.3333,0.0,0.0,0.3333,0.3333,1.67,3.33,0.3333,1.0,460
4a23adac87cf538689fa600d976f78b2,3,135.0,0.0874,0.0,0.0,0.0,0.0,1.0,5.0,4.33,0.0,1.0,12
86649b1632b1c0e6c0bcb2c90a8b75d8,1,59.99,0.2945,0.0,1.0,0.0,0.0,0.0,1.0,1.0,1.0,1.0,374
83d458c0d6d4f94295d63f091460bd60,1,89.9,0.1762,0.0,0.0,0.0,0.0,0.0,1.0,5.0,0.0,1.0,546
deaadd805612bf94faaa9fa702516e11,1,50.0,0.3022,0.0,1.0,0.0,0.0,1.0,2.0,1.0,1.0,1.0,482
e503f22be6a4f456d9851920a5d9c670,2,99.45,0.1631,1.3205,0.0,0.0,0.0,0.5,1.5,4.0,0.0,1.0,20
50bf89f1349bc0409a268c3a49678009,1,179.9,0.5702,0.0,0.0,0.0,0.0,1.0,10.0,5.0,0.0,1.0,63
9d213f303afae4983637247556438ede,2,23.85,1.5327,0.0,0.0,0.0,0.0,1.0,7.5,5.0,0.0,1.0,41
dadc51ef321949ec9a3ab25cd902e23d,1,85.0,0.1687,0.0,1.0,0.0,0.0,1.0,9.0,1.0,1.0,1.0,353
e174dc2de86d60fee178170a154c05e7,1,19.8,0.7121,0.0,0.0,0.0,0.0,0.0,1.0,1.0,1.0,1.0,382
b6c6854d4d92a5f6f46be8869da3fa1a,1,69.9,0.2564,0.0,0.0,0.0,0.0,0.0,1.0,1.0,1.0,1.0,493
d9b00a97818674c7f8d8b1ef0e689679,1,69.9,0.1313,0.0,0.0,0.0,0.0,1.0,4.0,3.0,0.0,1.0,20
741f8c587cb4248ebc5b779a0e8e0e51,5,17.99,0.7525,-0.1249,0.0,0.2,0.2,0.2,1.4,4.0,0.2,0.28,22
f19516b9ff26bfeb091b30108db4ddbd,5,145.52,0.1949,-0.0742,0.0,0.0,0.3464,0.4,1.8,2.6,0.6,0.68,293
0cab2da43793a6f3c5ed8514c5f54627,3,103.23,0.1847,0.0,0.0,0.0,0.0,1.0,2.33,5.0,0.0,0.5556,38
8de8fe3af4449ed695d2434c933ed73e,1,2090.0,0.0313,0.0,0.0,0.0,0.0,0.0,1.0,5.0,0.0,1.0,30
c70a353f02429c00775a46a75fb787da,6,40.33,0.3923,-0.1385,0.0,0.0,0.0,0.3333,1.64,4.67,0.0,1.0,24
a35124e2d763d7ca3fbe3b97d143200f,4,102.88,0.1917,0.3467,0.0,0.0,0.3536,0.25,1.8,4.75,0.0,1.0,483
4125d9385a25e82d2f72d3a0fd55bc3f,1,42.9,0.4289,0.0,0.0,0.0,0.0,1.0,5.0,5.0,0.0,1.0,33
00d8b143d12632bad99c0ad66ad52825,1,86.0,0.5942,0.0,0.0,0.0,0.0,1.0,5.0,5.0,0.0,1.0,166
0f94588695d71662beec8d883ffacf09,1,9.0,2.0656,0.0,0.0,0.0,0.0,1.0,2.0,5.0,0.0,1.0,551
101921376b577a4540dc30e9009133ca,1,373.0,0.0576,0.0,0.0,0.0,0.0,0.0,1.0,2.0,1.0,1.0,472
2bdb95a56a36ebbc6640337ac5eac174,1,89.9,0.2002,0.0,0.0,0.0,0.0,0.0,1.0,5.0,0.0,1.0,584
2a167ca73899c85001a837d8fb4962f6,2,2048.5,0.0246,0.0,0.0,0.0,0.0,1.0,10.0,4.5,0.0,1.0,41
5ca5d579b5857ee8709479b1047cecc3,2,169.94,0.0706,0.0005,0.0,1.0,0.0,0.5,1.33,1.0,1.0,1.0,165
0b0ddbc7b9d9584f442c7ac92b0ff6c9,3,472.25,0.0945,0.5556,0.0,0.0,0.0,1.0,5.67,4.67,0.0,1.0,91
8b655f0855926bcb49f5835d38dfddf6,5,217.9,0.0673,1.6399,0.0,0.2,0.5657,0.8,6.2,4.8,0.0,1.0,17
00ab3eff1b5192e5f1a63bcecfee11c8,1,98.0,0.1233,0.0,0.0,0.0,0.0,1.0,2.0,5.0,0.0,1.0,534
3f8247d0f772ffa58560e5c682521ad5,1,139.9,0.1326,0.0,0.0,0.0,0.0,1.0,6.0,3.0,0.0,1.0,449
4cc4fd4fdd406a85bbdc1f824b731bd7,1,539.98,0.0579,0.0,0.0,0.0,0.0,1.0,10.0,5.0,0.0,1.0,189
830379336fad8c6f3b15a4a3ddb5c66e,2,134.0,0.6357,0.0,0.0,0.0,0.0,1.0,2.5,4.5,0.0,1.0,41
15ac3c501e2599e4917316fde5c5669a,1,144.2,0.3579,0.0,0.0,0.0,0.0,1.0,3.0,1.0,1.0,1.0,554
2d20f1cd18725c91147da0791d498022,1,99.8,0.1993,0.0,0.0,0.0,0.0,1.0,4.0,5.0,0.0,1.0,23
04843805947f0fc584fc1969b6e50fe7,1,1400.0,0.0534,0.0,0.0,1.0,0.0,1.0,8.0,5.0,0.0,1.0,29
17adeba047385fb0c67d8e90b4296d21,1,809.7,0.3552,0.0,0.0,0.0,0.0,0.0,1.0,1.0,1.0,1.0,544
299c89a525fee36c567f4fe72f038100,2,329.0,0.1516,-0.597,0.0,0.0,0.0,1.0,3.0,2.0,0.5,0.5,26
2d34636518ba88f5349b732fcf8ba2e4,1,150.0,0.1242,0.0,0.0,0.0,0.0,1.0,6.0,5.0,0.0,1.0,126
dff87e4de60c9736ce8df835951b09bc,2,499.0,0.0455,0.0,0.5,0.0,0.0,0.0,1.0,2.5,0.5,1.0,292
e560e4022d8f7aebf155db95946c5c0f,2,390.0,0.1157,0.0,0.0,0.0,0.0,0.0,1.0,5.0,0.0,1.0,54
cecd97bc34ed8330bd4cd15713eda670,1,57.99,0.3192,0.0,0.0,0.0,0.0,1.0,4.0,1.0,1.0,1.0,21
6d2f2e3b539480db1e0842b3a4e32e6e,3,101.99,0.5501,0.0,0.0,0.0,0.0,0.6667,5.67,3.67,0.3333,1.0,438
fa18c782a4866d313cadab567097f8f1,1,58.99,0.3331,0.0,1.0,0.0,0.0,0.0,1.0,1.0,1.0,1.0,475
1f7fd2a6fcd5a6fa5d8a4dabc72aaae0,3,177.27,0.1897,0.3573,0.0,0.0,0.0,0.6667,5.0,5.0,0.0,1.0,119
92c8bc6e8f925792247656fed09aad65,3,86.57,0.1535,1.4066,0.3333,0.5,0.0,0.6667,2.0,2.33,0.6667,0.5556,317
723a46b89fd5c3ed78ccdf039e33ac63,1,66.64,0.3511,0.0,0.0,0.0,0.0,1.0,7.0,4.0,0.0,1.0,98
5d76d80a2f5f39c891b996a1bf4c9853,6,206.42,0.1383,1.2102,0.0,0.0,0.3333,0.6667,3.33,4.83,0.0,0.3333,16
d9c349beabc06aa6ff1c6d68b5e9e22e,1,168.1,0.2234,0.0,0.0,0.0,0.0,1.0,4.0,5.0,0.0,1.0,126
feb793c88d836c3a75efa4b5a3465d70,1,466.0,0.1377,0.0,0.0,0.0,0.0,1.0,10.0,5.0,0.0,1.0,164
ef9952469137ff190bacafe117f51537,5,200.53,0.0837,1.0,0.0,0.0,0.2828,0.6,3.8,4.8,0.0,1.0,461
3e35a8bb43569389d3cebef0ce820f69,1,55.8,0.5176,0.0,0.0,0.0,0.0,0.0,1.0,5.0,0.0,1.0,144
e59e575a175fadcadf8479e191770425,1,199.9,0.255,0.0,0.0,0.0,0.0,1.0,4.0,5.0,0.0,1.0,86
f3041c2e75ec683697a6a5ea82192210,1,145.0,0.1655,0.0,0.0,0.0,0.0,0.0,1.0,5.0,0.0,1.0,575
166e8f1381e09651983c38b1f6f91c11,2,39.4,0.3832,-0.0251,0.0,0.0,0.0,0.5,1.5,5.0,0.0,1.0,378
999f6d9a1c7c81f43be44c6b7d076210,2,14.0,0.8154,0.0,0.0,0.0,0.0,0.0,1.0,4.5,0.0,1.0,547
9ac75591b69c3402684b6ce0310f22ee,1,60.5,0.1516,0.0,0.0,1.0,0.0,0.0,1.0,5.0,0.0,1.0,13
8fec2e460530482132c436cfb5439925,3,156.15,0.1711,5.2193,0.0,0.3333,0.3333,0.3333,2.0,4.33,0.0,1.0,193
0b3f27369a4d8df98f7eb91077e438ac,2,73.25,0.1698,0.0,0.0,0.0,0.0,1.0,7.5,3.67,0.0,0.5,285
5206cc4bc2297c833e6061c49bf9c43f,1,35.0,0.3131,0.0,0.0,0.0,0.0,1.0,3.0,1.0,1.0,1.0,695
20f0aeea30bc3b8c4420be8ced4226c0,1,14.9,0.9745,0.0,0.0,1.0,0.0,1.0,2.0,,,1.0,575
c4b911d06343b21dd906651f8101cb49,2,45.49,0.5534,0.0,0.5,0.0,0.0,0.5,2.0,1.0,1.0,0.5,298
6e2d3e2dc84fb30f6078f39dd3bddd6f,1,219.0,0.0743,0.0,1.0,0.0,0.0,1.0,3.0,1.0,1.0,1.0,309
35281d148dcf7134bae913c57db4e6da,1,119.99,0.1419,0.0,0.0,0.0,0.0,0.0,1.0,5.0,0.0,1.0,46
c398bc00a606d33758afd91f4e64fd15,2,75.0,0.1033,0.0,0.0,0.0,0.0,0.5,1.5,4.5,0.0,1.0,67
4fe2f67634d00c021aa01f96b6f2d68e,2,43.4,0.3691,0.0,0.0,0.0,0.0,0.5,2.0,5.0,0.0,0.5,18
781a66c0d89e30814d49fe8b5e14cd07,1,115.0,0.1852,0.0,0.0,1.0,0.0,1.0,2.0,1.0,1.0,1.0,292
913fd0ebba70bb919f7254a02239173c,1,159.9,0.1202,0.0,0.0,0.0,0.0,1.0,3.0,1.0,1.0,1.0,40
0af2ab31141893d26aca5a404a537dab,1,59.0,0.2629,0.0,0.0,0.0,0.0,1.0,5.0,5.0,0.0,1.0,11
c97aa4ee7420f937da13b7f9e2228b99,1,29.9,0.2227,0.0,0.0,0.0,0.0,0.0,1.0,1.0,1.0,1.0,17
695051e2981c8b19e77cafe450d5bdf3,1,169.76,0.0748,0.0,0.0,0.0,0.0,0.0,1.0,5.0,0.0,1.0,269
483ca627d131e18f988349b1655c0acd,1,264.0,0.0747,0.0,0.0,0.0,0.0,1.0,6.0,5.0,0.0,1.0,160
c76d418370990614e89e956c7a7567d9,2,152.62,0.2114,0.0017,0.0,0.0,0.0,0.5,4.5,3.5,0.0,1.0,356
83d7070a0b9a8b4625fa8682b819fabb,2,347.38,0.1837,3.043,0.5,0.0,0.0,1.0,9.0,1.0,1.0,1.0,154
3c88ed2e76a2247933a15daa7161eb1c,1,155.0,0.9755,0.0,0.0,0.0,0.0,0.0,1.0,5.0,0.0,1.0,214
b9de031b671cd48b28fae9d828cbf2b4,1,155.32,0.2792,0.0,0.0,0.0,0.0,1.0,4.0,5.0,0.0,1.0,47
1b0b0f4f95e962d6f32fe90c759d0479,2,69.9,0.1672,0.0,0.0,0.0,0.0,0.5,2.0,5.0,0.0,1.0,18
271b8923c6a549e02d3c9fd1f8c0422b,1,105.19,0.1274,0.0,0.0,1.0,0.0,0.0,1.0,4.0,0.0,1.0,35
ae45ad30c2d2e5913094769690a239d2,1,251.8,0.1241,0.0,0.0,0.0,0.0,1.0,4.0,5.0,0.0,1.0,269
cf281cf8b7affbdfe751b29cc85580e1,1,64.9,0.3903,0.0,0.0,0.0,0.0,0.0,1.0,1.0,1.0,1.0,697
dc120d932ddf9d4dfb6fd68beefda622,1,130.0,0.1111,0.0,0.0,0.0,0.0,1.0,3.0,1.0,1.0,1.0,131
934ed5cd1b9c1c7382d0a94a94b9e639,1,125.85,0.2115,0.0,0.0,0.0,0.0,1.0,10.0,5.0,0.0,1.0,569
9fbd5666d8618fa571c4230fafa09bd6,1,79.9,0.2104,0.0,0.0,0.0,0.0,1.0,3.0,5.0,0.0,1.0,369
80146bc52c4f6af5239b23de2a20262b,1,27.1,1.8332,0.0,0.0,0.0,0.0,0.0,1.0,3.0,0.0,1.0,556
6bef34c5be6f2bbd70aa5165f6df94b1,2,599.0,0.1109,0.0,0.0,0.0,0.0,0.5,2.5,2.0,0.5,1.0,34
63191ead8d3b2f937cd1996fdcbbad20,1,367.0,0.1452,0.0,0.0,0.0,0.0,0.0,1.0,5.0,0.0,1.0,24
747e73c01a4593d4cf60dcf970fd2689,3,739.33,0.0558,-0.3184,0.0,0.0,0.3333,0.6667,5.67,4.33,0.0,1.0,130
6235903333ba7de1928c869e268e5964,1,94.06,0.4404,0.0,0.0,0.0,0.0,1.0,4.0,5.0,0.0,1.0,113
a2b911e9ad40dc7d61c142a4683e2d85,1,85.9,0.4005,0.0,0.0,0.0,0.0,1.0,1.5,5.0,0.0,1.0,481
9fc70243fb26800cba56e8f014797004,6,77.77,0.2244,-0.5618,0.0,0.0,0.0,0.1667,1.17,4.5,0.0,0.5918,36
dd4d95ba2d15c071e6c695e2ef6ce169,4,437.0,0.1227,0.0,0.0,0.5,0.0,0.25,1.2,4.25,0.0,1.0,22
3ac588cd562971392504a9e17130c40b,1,11.9,0.621,0.0,0.0,0.0,0.0,0.0,1.0,5.0,0.0,1.0,17
36f98ad67cc981f50ce8aed093d5783c,2,59.7,0.3285,0.388,0.0,0.0,0.0,0.5,2.5,4.0,0.0,1.0,33
a09a13f18ed27932d08438aa6f12756e,1,29.9,0.5388,0.0,0.0,0.0,0.0,0.0,1.0,3.0,0.0,1.0,310
377bc18334c78dd2f1535ef22a3ad225,1,135.98,0.6505,0.0,0.0,0.0,0.0,1.0,6.0,5.0,0.0,1.0,16
35b96509602ec4b7da831b5cd73ff2c2,2,279.45,0.0851,-0.1308,0.0,0.0,0.0,0.0,1.0,4.5,0.0,1.0,31
615c3462099ffa940d37b17dfda19594,2,114.5,0.14,0.8987,0.0,0.0,0.0,0.5,2.0,5.0,0.0,1.0,34
c1dde11f12d05c478f5de2d7319ad3b2,1,12.5,0.5912,0.0,0.0,0.0,0.0,0.0,1.0,1.0,1.0,1.0,15
bc39d8938f90a3a2b98193723ed59774,2,153.4,0.0727,0.0,0.0,0.0,0.0,1.0,5.0,4.0,0.0,1.0,74
59de1d4c8c057c2a53acd4ca66531af2,1,135.0,0.1611,0.0,0.0,0.0,0.0,1.0,2.0,5.0,0.0,1.0,297
c092292535a57dacd95a8765f5518f87,1,125.0,0.1518,0.0,0.0,0.0,0.0,1.0,2.0,5.0,0.0,1.0,60
db7ed69a53aa9fb1c01930ba54a88bbe,1,109.0,0.1081,0.0,0.0,0.0,0.0,0.0,1.0,5.0,0.0,1.0,73
0f80a40c312b2472dca482cf50f5186f,1,129.9,0.1547,0.0,0.0,0.0,0.0,1.0,2.0,3.0,0.0,1.0,12
5a9b3bcab695173c820e53934574ae80,1,139.0,0.466,0.0,0.0,0.0,0.0,1.0,2.0,5.0,0.0,1.0,38
90d4125885ab6c86e8820a722be71974,3,433.18,0.0334,0.0,1.0,0.0,0.0,1.0,8.33,1.0,1.0,1.0,143
2f3d8b4c9e2ee165075331fea3f3095a,1,130.0,0.1335,0.0,0.0,0.0,0.0,1.0,2.0,5.0,0.0,1.0,325
78813699ffac347fe27dba345a5f1551,1,152.42,0.3157,0.0,0.0,0.0,0.0,1.0,5.5,5.0,0.0,1.0,71
2b2fed75b8e5ea3a052fc4c0825da485,3,170.3,0.1173,0.8383,0.0,0.0,0.3333,0.3333,4.0,5.0,0.0,1.0,401
d9cd369bffa979d1634f8e1318bf2f1b,3,226.0,0.0985,-0.2708,0.0,0.0,0.0,0.6667,5.67,5.0,0.0,1.0,24
278b6e0b20c4f61fefaa0577943d7a35,1,1078.0,0.0692,0.0,1.0,0.0,0.0,1.0,3.0,1.0,1.0,1.0,116
668bf321538e5072858eaef6087ce027,1,19.9,0.4075,0.0,0.0,0.0,0.0,1.0,2.0,5.0,0.0,1.0,189
964ff64dc05b13811c6d0f41e0aa5f6b,1,180.0,0.1337,0.0,0.0,0.0,0.0,0.0,1.0,5.0,0.0,1.0,47
dd88d13bea9e4c2bf47daf224f8141e5,1,458.0,0.0641,0.0,0.0,0.0,0.0,1.0,9.0,5.0,0.0,1.0,146
761681a821d8275bc79f552116d06869,3,118.31,0.4507,0.4757,0.0,0.0,0.0,0.6667,2.67,5.0,0.0,0.5556,40
422be4cc81a457fdb46f47edeb968ae5,1,239.9,0.3229,0.0,0.0,0.0,0.0,1.0,6.0,5.0,0.0,1.0,585
c04d70d515d15a7e3db3a73320598566,3,52.73,0.3579,-0.5,0.0,0.0,0.0,0.6667,1.67,5.0,0.0,0.625,294
6601ee6383e7f452be71929f8de48bbb,2,76.8,0.1845,-0.4594,0.0,0.0,0.0,0.5,3.0,4.0,0.0,1.0,299
0b36063d5818f81ccb94b54adfaebbf5,1,765.0,0.0235,0.0,0.0,0.0,0.0,1.0,10.0,5.0,0.0,1.0,581
941554c5757b73ba0e50aa7732310afc,3,35.9,0.5447,-0.421,0.0,0.0,0.0,0.6667,2.67,4.67,0.0,1.0,460
7ab0dd5487bab2dc835337b244f689fb,1,12.5,0.8768,0.0,0.0,0.0,0.0,1.0,2.0,5.0,0.0,1.0,516
b026643914f651e8371425e5b8a1e780,1,27.9,0.5412,0.0,0.0,0.0,0.0,0.0,1.0,5.0,0.0,1.0,423
876182d1918783bbe15233febfbd4926,3,40.09,0.2888,-0.5899,0.0,0.0,0.3333,0.3333,1.33,4.0,0.0,0.5556,188
bede56095ba33c42038fb85f707b8a42,2,1986.95,0.0531,2.6757,0.0,0.0,0.0,1.0,6.33,4.5,0.0,1.0,260
cb0b3bcf14e0a709df412a99424a59d7,2,230.0,0.1031,0.0,0.0,0.0,0.0,0.5,5.5,4.5,0.0,1.0,140
c0aff2da32c17759d30b22fb0af6649d,4,47.2,0.4424,-0.9137,0.0,0.0,0.5,0.0,1.0,3.75,0.0,0.68,12
72146da5774cabf2632faedcae097a76,4,50.23,0.5499,-0.4442,0.0,0.25,0.0,0.5,3.2,4.0,0.25,0.7222,116
39f776d2974049026ff531fc42ef2a3e,3,361.35,0.0834,-0.9043,0.0,0.0,0.3333,0.6667,5.0,3.67,0.3333,1.0,131
b7d5b4b87af9d42b601865d3f3810bff,2,524.5,0.0391,0.9971,0.0,0.0,0.0,0.5,5.5,2.0,0.5,1.0,300
a663d9c3797e90eac99ff60939416a56,1,235.0,0.0599,0.0,0.0,0.0,0.0,1.0,8.0,5.0,0.0,1.0,110
b2bdc5e7940a7d7ca8c4a37953b27a42,1,250.0,0.25,0.0,0.0,0.0,0.0,0.0,1.0,4.5,0.0,1.0,308
e5cbe890e679490127e9a390b46bbd20,2,454.5,0.0316,0.7546,0.0,0.0,0.0,1.0,4.0,4.5,0.0,1.0,15
83c465a786b06574376909b35ef6752a,3,93.8,0.1743,0.0,0.0,0.0,0.0,0.3333,2.33,5.0,0.0,1.0,18
544863df86ed3b78a04e0820d41430ee,1,23.9,0.6389,0.0,0.0,0.0,0.0,0.0,1.0,5.0,0.0,1.0,63
e0a3c37054ade6478d923a6efc10f308,2,109.9,0.1601,0.0,0.0,0.0,0.0,0.5,1.2,5.0,0.0,1.0,48
9a208dee8f95cfdf00760c4d627828ec,1,269.9,0.0967,0.0,0.0,0.0,0.0,1.0,8.0,1.0,1.0,1.0,564
3820c6537b3853be1a0687d5a60807ec,1,25.0,0.4384,0.0,1.0,0.0,0.0,1.0,3.0,,,1.0,547
a154d7316f158bb42e6fa18bbe3afd3a,2,69.9,0.36,0.0,0.0,0.5,0.0,1.0,2.0,3.0,0.5,1.0,542
45a3d05fb00435e52a28859dd03703b3,1,1299.0,0.0191,0.0,0.0,0.0,0.0,0.0,1.0,5.0,0.0,1.0,577
dcb7367a92f5ffb89f1e2152ed260285,1,79.9,0.2308,0.0,0.0,0.0,0.0,1.0,2.0,5.0,0.0,1.0,169
cac4e0bc1a3269fa2b6ea5e763f6115b,2,28.94,0.8663,2.0646,0.0,0.0,0.0,0.0,1.0,5.0,0.0,0.5556,160
6ebf4eceee4dd9847201c82e77ef8123,1,59.9,0.3694,0.0,0.0,0.0,0.0,1.0,7.0,5.0,0.0,1.0,152
8fd3b4468f6425810648177996c14cbd,1,354.9,0.0611,0.0,0.0,0.0,0.0,1.0,5.0,5.0,0.0,1.0,82
9591fc341b1bfb7ef561e2968ec6e011,1,79.9,0.1791,0.0,0.0,0.0,0.0,1.0,9.0,1.0,1.0,1.0,348
b56828a9f9027f3c918c04ca720d9e3c,3,120.0,0.31,0.0,0.0,0.3333,0.0,0.3333,1.33,2.67,0.3333,1.0,124
a4b8d97cd5d3674eeff96abc99d8ed67,1,214.08,0.0902,0.0,0.0,0.0,0.0,1.0,8.0,1.0,1.0,1.0,82
0fe2d9733ed841eb064503920015a8c0,3,129.88,0.279,-0.0495,0.0,0.0,0.3333,1.0,5.0,4.67,0.0,1.0,56
48e5ee06fb2dc74df1c711a9b6dfac2a,1,57.0,0.7947,0.0,0.0,0.0,0.0,1.0,10.0,5.0,0.0,1.0,212
77dcbb67ccb3659bd58eaf5661560a30,2,492.0,0.1002,0.0,0.0,0.0,0.0,0.5,1.67,1.0,1.0,0.5,566
ffcfefa19b08742c5d315f2791395ee5,1,69.9,0.1376,0.0,1.0,0.0,0.0,0.0,1.0,1.0,1.0,1.0,72
26e2e5033827d2ba53929f43e03d8ffe,1,139.49,0.1096,0.0,0.0,0.0,0.0,1.0,4.0,5.0,0.0,1.0,9
7178e1eaa97257d8b6d4b80efd77a025,1,167.9,0.1001,0.0,0.0,0.0,0.0,1.0,5.0,5.0,0.0,1.0,363
be67f78487e2cecb0d55bc769709e4f5,1,102.0,0.2318,0.0,0.0,0.0,0.0,1.0,5.0,5.0,0.0,1.0,164
13e85aac53340018b40c2af68001b7e0,1,17.8,0.7933,0.0,0.0,0.0,0.0,0.0,1.0,5.0,0.0,1.0,695
ad14615bdd492b01b0d97922e87cb87f,1,8.25,1.3285,0.0,0.0,0.0,0.0,0.0,1.0,5.0,0.0,1.0,570
455f46ef09a9e45667e2981df84b5cc2,2,29.9,0.5214,0.0,0.0,0.0,0.0,0.5,2.0,2.5,0.5,1.0,27
4b98b0428fc1932cc2514ef9ce2505e6,2,163.81,0.1093,0.3762,0.0,0.5,0.0,1.0,6.33,2.33,0.6667,1.0,291
8b11118053756a9a2932f447e11fc1b5,1,79.99,0.1396,0.0,0.0,0.0,0.0,1.0,7.0,3.0,0.0,1.0,697
b00af24704019bd2e1b335e70ad11f7c,1,189.0,0.0966,0.0,0.0,0.0,0.0,1.0,3.0,5.0,0.0,1.0,75
d6cd01c59123df02fc226eadbadb5f89,2,122.45,0.1274,1.5036,0.5,0.0,0.0,0.5,2.0,3.0,0.5,0.5556,98
5882f40daf39bc2a465e0cb453ddc222,1,640.0,0.092,0.0,0.0,0.0,0.0,1.0,10.0,2.0,1.0,1.0,325
8fff28c4263ddec387f28d237fb42773,4,84.85,0.2424,-0.7913,0.25,0.0,0.0,0.5,2.6,3.0,0.5,0.5556,13
003554e2dce176b5555353e4f3555ac8,1,120.0,0.1615,0.0,0.0,0.0,0.0,1.0,3.0,5.0,0.0,1.0,262
204b4e07bddef3c9b317f70189135b22,1,73.4,0.2007,0.0,0.0,0.0,0.0,1.0,4.0,5.0,0.0,1.0,38
3dc69bf2c42f0568a5c4791ec3fd3745,2,150.0,0.1148,0.0,0.0,0.0,0.0,0.0,1.0,4.0,0.0,1.0,199
32f83ffe11cd40f7adcf4eef171f52d9,1,29.99,0.5035,0.0,0.0,0.0,0.0,0.0,1.0,5.0,0.0,1.0,288
7b3f6ce5c6c22e9b96e7581ebf0df6e1,1,29.8,0.4258,0.0,0.0,0.0,0.0,0.0,1.0,3.0,0.0,1.0,268
f5b84683a9bf9e1df748cf40f601b39c,1,83.9,0.1081,0.0,0.0,0.0,0.0,1.0,5.0,5.0,0.0,1.0,695
1cbcd2ee0afb3fc09963b87eb65e7e4f,1,90.0,0.4517,0.0,0.0,0.0,0.0,0.0,1.0,5.0,0.0,1.0,77
5d505d2298ad549e4e4e835562fa0c1e,2,124.9,0.1135,0.0,0.0,0.0,0.0,0.5,2.5,5.0,0.0,1.0,520
c747d5b92c7648417faea95d36d763e8,1,139.0,0.6169,0.0,0.0,0.0,0.0,1.0,12.0,5.0,0.0,1.0,283
c52c644cc0dc85121207a27013efc6af,1,397.8,0.7118,0.0,0.0,0.0,0.0,1.0,10.0,5.0,0.0,1.0,24
70c4eedec9cb4a85cda2f3f9673557b4,2,239.9,0.0683,0.0,0.0,0.0,0.0,0.5,2.0,5.0,0.0,1.0,378
4dab98ca6cd6d3df586203cefd28a042,1,154.9,0.1183,0.0,0.0,0.0,0.0,0.0,1.0,5.0,0.0,1.0,182
8132b9bd16876e1b0f8808d43825dd48,2,363.95,0.0564,7.344,0.5,0.0,0.0,0.5,3.5,3.0,0.5,1.0,406
686886775c8f6b1191c7b953fb52708c,1,189.0,0.0721,0.0,0.0,0.0,0.0,1.0,4.0,5.0,0.0,1.0,69
1fddcb7b326905d3ad5efe82187db347,1,92.0,0.1437,0.0,1.0,0.0,0.0,0.0,1.0,1.0,1.0,1.0,524
0af977692321d895349eded183341d28,2,128.88,0.0755,-0.4449,0.0,0.0,0.0,0.5,5.0,4.5,0.0,1.0,14
c32fc744b9160ac853450488e3cfea93,3,61.9,0.2037,0.2007,0.0,0.0,0.0,0.3333,1.25,2.33,0.6667,1.0,89
f9eda05b67bef472deaddbba84aca289,1,185.0,0.2799,0.0,0.0,0.0,0.0,1.0,2.0,1.0,1.0,1.0,90
466222e777149751370e7e98fb623b0c,1,87.9,0.1997,0.0,0.0,0.0,0.0,1.0,10.0,5.0,0.0,1.0,28
ec8463980a4e0ea9f8517aea1ed0c419,2,119.6,0.4965,0.0,0.0,0.5,0.0,0.5,2.0,5.0,0.0,1.0,49
c7246702dc991a06d788120dc7544391,1,54.86,0.3219,0.0,0.0,0.0,0.0,0.0,1.0,5.0,0.0,1.0,196
910a922b426b7ff95eaee129ad6c0e1f,2,59.9,0.2601,0.0,0.0,0.0,0.0,0.0,1.0,5.0,0.0,1.0,145
4a1917ef994878940e1fb03eeb787ad7,2,384.0,0.1024,-0.5725,0.0,0.0,0.0,0.0,1.0,3.0,0.5,1.0,39
20d53aad4fe5ee93a64f8839609d3586,2,25.95,0.6655,1.5793,0.0,1.0,0.0,0.5,2.0,2.5,0.5,1.0,112
e116c7455dd26a4d8c3e92532583905f,1,36.76,0.4021,0.0,0.0,0.0,0.0,0.0,1.0,4.0,0.0,1.0,151
e0482f2c769468c3bbcd8a01e09d98c5,1,189.0,0.2402,0.0,0.0,0.0,0.0,0.0,1.0,4.0,0.0,1.0,24
1e9d5a33694bddb76316fd1f54734d20,2,159.0,0.4747,0.0,0.0,0.0,0.0,1.0,7.5,4.5,0.0,1.0,17
9c3a1c416c765687bc79a04113269929,1,74.9,0.7864,0.0,0.0,0.0,0.0,0.0,1.0,1.0,1.0,1.0,214
4450bd8327d471c4a11a83d1445b1b62,1,199.0,0.0782,0.0,0.0,0.0,0.0,1.0,10.0,5.0,0.0,1.0,510
4be9ae93c4fc0f41713d71a4194ee1b3,1,109.9,0.2463,0.0,0.0,0.0,0.0,1.0,3.0,5.0,0.0,1.0,17
efb628aa07c8ca93d7db0d85b91a4f5a,1,204.0,0.2848,0.0,0.0,1.0,0.0,1.0,5.0,4.0,0.0,1.0,290
6b2612338467c08c9b25f0cc55b1578d,1,92.9,0.2257,0.0,0.0,0.0,0.0,0.0,1.0,4.0,0.0,1.0,568
8c9348f33ae3dada25c99c99ade2af78,2,156.5,0.1659,1.7714,0.0,0.0,0.0,0.0,1.0,5.0,0.0,0.5,39
70f7e8018e3d46c748c92f026aa2585a,1,239.8,0.158,0.0,0.0,0.0,0.0,1.0,10.0,5.0,0.0,1.0,18
1c83418358f249c9d6affa52d579db0e,1,24.9,0.5831,0.0,0.0,0.0,0.0,1.0,3.0,5.0,0.0,1.0,492
9c54608f0996c32ae4743089d915f845,3,64.93,0.5643,2.8822,0.0,0.0,0.3333,1.0,7.67,4.0,0.0,1.0,47
52bb00821bcdd358a5a5a27e1f6be5a1,2,174.9,0.1104,-0.8672,0.0,0.0,0.0,0.5,2.67,4.5,0.0,1.0,145
1703bc09972dab9782e7a9194943b69f,1,249.9,0.425,0.0,0.0,0.0,0.0,1.0,7.0,5.0,0.0,1.0,51
cc80e2f693fa6e2408f47ccf62413fc1,2,210.0,0.211,0.0,0.0,0.0,0.0,0.5,3.0,4.0,0.0,1.0,276
698624c6632eeba1774924dbea24c700,1,19.9,0.7653,0.0,0.0,0.0,0.0,0.0,1.0,5.0,0.0,1.0,151
2d378dbb39815785238c0139c7647fb7,2,577.0,0.2603,0.3126,0.0,0.0,0.0,0.5,5.5,5.0,0.0,1.0,474
3ea08c48e851106d2f584349daba335f,1,170.0,0.1349,0.0,0.0,0.0,0.0,1.0,2.0,4.0,0.0,1.0,82
d2572f31e9023e9850ef986a636ff9bf,1,279.0,0.0957,0.0,0.0,0.0,0.0,1.0,5.0,5.0,0.0,1.0,527
28d162ab86bb49d719c32f0ee6186eaa,1,109.99,0.1565,0.0,0.0,0.0,0.0,1.0,1.33,4.0,0.0,1.0,349
6624bc09786f0e41ae48dfc5eeb1a9e2,1,89.54,0.1951,0.0,0.0,0.0,0.0,1.0,3.0,5.0,0.0,1.0,547
2cb98e27ce1c18abdb42209b34c382a7,1,62.49,0.9155,0.0,0.0,0.0,0.0,0.0,1.0,4.0,0.0,1.0,76
53336f97ddbe53e2a617d07b17447b95,1,599.5,0.1257,0.0,0.0,0.0,0.0,1.0,6.0,5.0,0.0,1.0,334
bb5d956dece964a06c12bceb66b923ae,2,639.18,0.0392,-0.8046,0.0,0.0,0.0,1.0,7.0,5.0,0.0,1.0,196
b5d034ac251546e25afe9067f05c1539,1,69.9,0.2199,0.0,0.0,0.0,0.0,0.0,1.0,5.0,0.0,1.0,135
d8bf0fc082fd4a77fc2e5679b6c00133,1,139.9,0.0653,0.0,0.0,0.0,0.0,1.0,4.0,5.0,0.0,1.0,45
3296662b1331dea51e744505065ae889,1,517.8,0.0535,0.0,0.0,0.0,0.0,0.0,1.0,5.0,0.0,1.0,7
4b90495391ac0bd181a80a459df1e718,1,248.0,0.073,0.0,0.0,0.0,0.0,1.0,3.0,4.0,0.0,1.0,698
1a6245add4353f18ed55138808906979,1,30.0,0.3113,0.0,0.0,0.0,0.0,1.0,3.0,3.0,0.5,1.0,408
fe19dce63ae80346207c6c55713d1023,1,49.9,0.4373,0.0,0.0,0.0,0.0,1.0,2.0,5.0,0.0,1.0,580
e6ffc9ac6a7adc9d16a1cfc2286dd546,1,34.99,0.2369,0.0,0.0,0.0,0.0,1.0,2.0,1.0,1.0,1.0,158
6c6cc59a5c00cacc5054ca06d65cc282,1,1107.0,0.1343,0.0,0.0,0.0,0.0,1.0,10.0,5.0,0.0,1.0,23
5bba18b40e8c973b0f32e748004775b0,1,739.98,0.0606,0.0,0.0,0.0,0.0,1.0,10.0,5.0,0.0,1.0,693
3aa3c89ae3cd482385568be76120f63c,1,29.9,0.6368,0.0,0.0,0.0,0.0,0.0,1.0,4.0,0.0,1.0,88
585175ec331ea177fa47199e39a6170a,1,3549.0,0.0151,0.0,0.0,0.0,0.0,0.0,1.0,5.0,0.0,1.0,559
d1a5cc844736958c11b8efab9a2b4c87,1,237.6,0.0691,0.0,0.0,1.0,0.0,1.0,5.0,1.0,1.0,1.0,315
aec99834ab5d38ead22766ada8497e87,1,459.0,0.0381,0.0,0.0,0.0,0.0,1.0,4.0,5.0,0.0,1.0,45
139157dd4daa45c25b0807ffff348363,1,29.9,0.2602,0.0,0.0,0.0,0.0,0.0,1.0,4.0,0.0,1.0,368
df683dfda87bf71ac3fc63063fba369d,1,39.9,0.4023,0.0,0.0,1.0,0.0,0.0,1.0,1.0,1.0,1.0,539
5305693ffae2d3463377b1f6fe67b15a,1,93.56,0.1388,0.0,0.0,0.0,0.0,1.0,6.0,5.0,0.0,1.0,244
dda37071807e404c5bb2a1590c66326f,1,199.99,0.0964,0.0,0.0,0.0,0.0,0.0,1.0,5.0,0.0,1.0,132
81ed90f07c0bacb7594940ba2ef676aa,2,111.95,0.1499,-0.4973,0.0,0.0,0.0,0.5,1.5,4.5,0.0,1.0,296
cd2169d9f31ff6fbb9ca3373b0c9e354,1,569.0,0.099,0.0,0.0,0.0,0.0,1.0,6.0,4.0,0.0,1.0,80
e5545d4d4473876ea78c5bcebca365c3,1,44.5,0.2915,0.0,0.0,0.0,0.0,0.0,1.0,5.0,0.0,1.0,68
f8f35af4634605e6693c17cc3ffff5a8,1,90.0,0.1821,0.0,0.0,0.0,0.0,1.0,4.0,5.0,0.0,1.0,295
7494d0dcba8551df6cf37f1b905dc2f7,1,45.9,0.3719,0.0,0.0,0.0,0.0,0.0,1.0,3.0,0.0,1.0,123
499185655c29ecfdbfe776ef7cf875b5,1,89.0,0.1947,0.0,0.0,0.0,0.0,1.0,6.0,4.0,0.0,1.0,93
c200c73f9d7e5a08ca439d6a0803da7c,1,40.0,0.705,0.0,0.0,0.0,0.0,0.0,1.0,1.0,1.0,1.0,468
c88f62b4c386a59281014d677864d016,1,1099.0,0.2288,0.0,0.0,0.0,0.0,0.0,1.0,1.0,1.0,1.0,548
1fbe10c70e30765ed1de86d9f7e98409,2,49.38,0.6011,1.2114,0.0,0.0,0.0,0.0,1.0,2.5,0.5,1.0,47
c43d924a0f1688ee9fae0efcd6f539d4,1,29.9,0.5054,0.0,0.0,0.0,0.0,0.0,1.0,4.0,0.0,1.0,694
72431a818f97fe6ab9c81eee3e297e54,1,229.9,0.0848,0.0,0.0,0.0,0.0,1.0,8.0,5.0,0.0,1.0,143
7c462184585ae80bd6e5774c62ce50f2,1,60.0,0.294,0.0,0.0,1.0,0.0,0.0,1.0,3.0,0.0,1.0,119
63bc58679c44e8a998792119fd7ad23e,1,19.9,0.709,0.0,0.0,0.0,0.0,1.0,2.0,1.0,1.0,1.0,565
0336182e1b3e92f029d5354832045fdf,1,29.8,0.5896,0.0,0.0,0.0,0.0,1.0,3.0,2.0,1.0,1.0,698
0b46f784306be7200ca1700aa55d819f,1,19.9,0.5508,0.0,0.0,0.0,0.0,0.0,1.0,5.0,0.0,1.0,533
41958cbd3335433c8740300e8cd600d5,1,32.99,0.224,0.0,0.0,0.0,0.0,0.0,1.0,5.0,0.0,1.0,91
0b1ca3ef18a63d7eb0c8897fa0849c08,1,55.0,0.1431,0.0,0.0,0.0,0.0,0.0,1.0,5.0,0.0,1.0,144
2078fe5066350e7d220c0ad3a3bbc6c1,1,29.9,1.2756,0.0,1.0,0.0,0.0,0.0,1.0,2.0,1.0,1.0,159
1992f8fb6b19fcccd97ca819811e7267,1,28.8,0.3896,0.0,1.0,0.0,0.0,1.0,3.0,1.0,1.0,1.0,39
c286ec035ee04ba81c97508f0b5df544,2,246.5,0.1479,-0.3231,0.0,0.0,0.0,0.5,3.33,2.5,0.5,1.0,348
d85efbc8eff2b7adf524e2820569adc8,1,55.0,0.1507,0.0,0.0,0.0,0.0,0.0,1.0,5.0,0.0,1.0,114
fd435faa3c0422b60440ea3480d0e77c,1,749.0,0.1787,0.0,0.0,0.0,0.0,1.0,10.0,5.0,0.0,1.0,14
34aefe746cd81b7f3b23253ea28bef39,1,8.0,1.815,0.0,0.0,0.0,0.0,0.0,1.0,1.0,1.0,1.0,486
7e3dde9ffba72d5340f9aaf09b4424be,1,220.0,0.1001,0.0,0.0,0.0,0.0,0.0,1.0,1.0,1.0,1.0,370
afac9f6b0c4e5f0a7ee87e922cd0f873,1,20.99,0.5646,0.0,1.0,0.0,0.0,0.0,1.0,1.0,1.0,1.0,198
31e60bf8d103ce47932a85f5562deb16,1,181.0,0.3207,0.0,0.0,0.0,0.0,1.0,3.0,5.0,0.0,1.0,54
f0ec6a2adb05c62655a26dd347b8dede,1,72.0,0.2053,0.0,0.0,0.0,0.0,1.0,2.0,1.0,1.0,1.0,145
091065b789659bc3cd9af9cb3a6253ff,2,679.5,0.0628,-0.0304,0.0,0.0,0.0,0.5,2.5,3.5,0.5,1.0,228
e433f5fd4050e3352b5d83522b7fe24b,1,548.06,0.0889,0.0,0.0,0.0,0.0,0.0,1.0,4.0,0.0,1.0,11
3e51f9cbe317bc3a88f2c76583811ee4,1,76.09,0.1142,0.0,0.0,0.0,0.0,0.0,1.0,5.0,0.0,1.0,20
c542f5a8c64d973f30e9df8d06f70b4a,1,81.0,0.2137,0.0,0.0,0.0,0.0,0.0,1.0,1.0,1.0,1.0,593
4ddeb3e828550cddc8d45c8bc36ab2d1,1,152.0,0.0819,0.0,0.0,0.0,0.0,0.0,1.0,5.0,0.0,1.0,537
c026ef0d72e9132d9fa112308090c8dc,1,520.0,0.0725,0.0,0.0,0.0,0.0,1.0,3.0,4.0,0.0,1.0,29
4dc2e811a1760953cb7c6a590b498943,1,175.0,0.1419,0.0,0.0,0.0,0.0,1.0,10.0,5.0,0.0,1.0,14
c8143b3069f6746a77421b5ce30a450c,1,142.47,0.3047,0.0,0.0,0.0,0.0,1.0,6.0,5.0,0.0,1.0,428
22a23e5ac7061fc538cc2a019afaaf16,1,95.0,0.1518,0.0,0.0,0.0,0.0,1.0,5.0,3.0,0.0,1.0,473
b19c48688808720822399ffa9f2dbe2f,1,959.99,0.0259,0.0,0.0,0.0,0.0,1.0,8.0,5.0,0.0,1.0,12
a9415cf907dfa12f9ed18693244f5329,1,210.0,0.8353,0.0,0.0,0.0,0.0,0.0,1.0,5.0,0.0,1.0,227
0bb27263628258b8111a0262769fa9db,1,22.2,0.4937,0.0,0.0,0.0,0.0,1.0,3.0,5.0,0.0,1.0,520
97e50a621f8e801f4baf69e08687c192,1,89.9,0.0877,0.0,0.0,0.0,0.0,0.0,1.0,5.0,0.0,1.0,194
baf15155e37ef5492731459bdc05be8a,1,47.0,0.1855,0.0,0.0,0.0,0.0,0.0,1.0,5.0,0.0,1.0,536
762ed976527cddf02787edba70fffa2a,3,59.93,0.3355,2.5063,0.0,0.0,0.3333,0.0,1.0,2.33,0.6667,0.5,265
8ec76bb0965af3f007692b26fa9d6623,1,1999.0,0.0149,0.0,0.0,0.0,0.0,0.0,1.0,5.0,0.0,1.0,290
6a53b90c3ad9e0b56d9fe5c69165fff5,2,69.89,0.3935,-0.5994,0.0,0.0,0.0,0.5,3.0,3.5,0.0,0.5,31
e732329483fd5f27367dd997b47f598a,1,109.9,0.3146,0.0,0.0,0.0,0.0,1.0,10.0,5.0,0.0,1.0,368
ce33c6211beaa8fef4cae8b52db39862,1,49.0,0.2963,0.0,0.0,0.0,0.0,0.0,1.0,3.0,0.0,1.0,568
2a73cba571d90c694b7caca072ccf6ce,1,342.78,0.1129,0.0,0.0,1.0,0.0,0.0,1.0,5.0,0.0,1.0,39
c8665a4dd081a2c436b1cd921079d0d9,1,79.39,0.1781,0.0,0.0,0.0,0.0,1.0,2.0,5.0,0.0,1.0,77
2f1e7b90e01d9f086cbcb301c0c3d406,1,59.0,0.2146,0.0,0.0,0.0,0.0,0.0,1.0,5.0,0.0,1.0,280
da3fede3469bf49b7293ce3fc45b294d,1,44.9,0.2849,0.0,0.0,0.0,0.0,1.0,4.0,5.0,0.0,1.0,170
5de1c80811ce7007f62f00d971236c09,2,38.4,0.403,0.0,0.0,0.0,0.0,0.0,1.0,5.0,0.0,0.5,35
f266295f49a28eee21f413e0cbb0521d,2,74.9,0.1879,0.0,0.0,0.0,0.0,0.5,5.5,4.5,0.0,0.5,298
3d2400ac620cffa23ac81bd192f7f555,1,105.0,0.0848,0.0,0.0,0.0,0.0,1.0,3.0,5.0,0.0,1.0,21
5444b12c82f21c923f2639ebc722c1ea,1,169.9,0.0563,0.0,0.0,0.0,0.0,1.0,5.0,4.0,0.0,1.0,496
62de60d81c55c29d76a6bce418b31cef,1,103.0,0.2317,0.0,0.0,0.0,0.0,0.0,1.0,4.0,0.0,1.0,29
cb810bd318f51b3dc3c753944d61a1fa,1,1750.0,0.0223,0.0,0.0,0.0,0.0,1.0,10.0,4.0,0.0,1.0,18
eb9267cccc90f1b49c8d2f9887c7dd97,1,319.9,0.0824,0.0,0.0,0.0,0.0,1.0,2.0,5.0,0.0,1.0,120
247587846358bb1d2e4c6522020b36fe,1,99.0,0.2274,0.0,0.0,0.0,0.0,0.0,1.0,5.0,0.0,1.0,78
7c4adcc13272c0e26fa23aac642adb7b,2,67.5,0.2269,-0.7727,0.0,0.5,0.0,0.0,1.0,3.0,0.5,1.0,189
e0487761face83d64fcada2408959a36,2,24.62,0.3019,0.0,0.0,0.0,0.0,0.0,1.0,4.5,0.0,0.5,7
b7ba853e9551f4558440881fd3e5c815,2,188.4,0.1008,0.0,0.5,0.0,0.0,1.0,5.5,1.0,1.0,0.5,697
252e76235acb79183cfca6e34f13337d,3,87.07,0.2319,-0.1588,0.0,0.0,0.0,0.3333,1.33,3.33,0.3333,0.625,94
d4828feed4cda2cd9d6b37899a95a71e,1,39.9,0.5566,0.0,0.0,0.0,0.0,1.0,2.0,2.0,1.0,1.0,27
1e47d8b6546eb3a77b1acddcc9406242,1,149.9,0.1121,0.0,0.0,0.0,0.0,1.0,10.0,1.0,1.0,1.0,476
76d336555bb25f3165d2f0d6da719c40,2,165.0,0.0716,0.0,0.5,0.0,0.0,1.0,6.0,2.0,0.5,1.0,564
344223b2a90784f64136a8a5da012e7f,1,10.9,1.5404,0.0,0.0,1.0,0.0,0.0,1.0,2.0,1.0,1.0,229
66d5ae34537110d3affc56174dad2b2f,1,33.81,1.1349,0.0,1.0,0.0,0.0,0.0,1.0,1.0,1.0,1.0,57
4e92348462c75b6c842b994ce84a0ed4,1,69.9,0.223,0.0,0.0,0.0,0.0,0.0,1.0,5.0,0.0,1.0,62
880eda903e719a5f179f7e9fceb3a69d,1,249.0,0.1716,0.0,1.0,0.0,0.0,1.0,5.0,1.0,1.0,1.0,27
fb503a924a0b9db19d83dd0ac6dbef8c,1,13.9,1.2892,0.0,0.0,0.0,0.0,1.0,3.0,5.0,0.0,1.0,475
4bc3d93e4a5f88a598d3d8ce4ae510b3,1,169.0,0.1141,0.0,1.0,0.0,0.0,1.0,2.0,1.0,1.0,1.0,57
bac44fa8e13424950488659b5f765c41,1,19.9,0.7296,0.0,0.0,0.0,0.0,1.0,3.0,5.0,0.0,1.0,699
1a8e2d9c38b84a9702ac7922924b0573,1,80.0,0.2125,0.0,0.0,0.0,0.0,0.0,1.0,5.0,0.0,1.0,209
5d043cd5512d4bd2f88e5ccdd5736c38,1,650.0,0.0999,0.0,0.0,0.0,0.0,0.0,1.0,2.0,1.0,1.0,541
d7d517afce974cd491b8d52bb5b5b1fc,1,89.99,0.2081,0.0,0.0,0.0,0.0,1.0,4.0,4.0,0.0,1.0,18
4a5b36211b1f51bf7eaa5c10a57fa483,1,139.19,0.1155,0.0,0.0,0.0,0.0,0.0,1.0,5.0,0.0,1.0,29
7994081388d55b9cf976c050653dd359,2,510.0,0.0879,6.5,0.5,0.0,0.0,0.0,1.0,3.0,0.5,1.0,297
b5bb2b985208834bd5bd86c7a402bbad,2,310.53,0.0622,0.0,0.0,0.0,0.0,0.5,3.5,5.0,0.0,1.0,135
f356c348fbc8df6a882823e21f5ce8b7,2,97.59,0.1561,0.0,0.0,0.0,0.0,0.5,1.5,2.5,0.5,1.0,14
fc6295add6f51a0936407ead70c1001d,1,160.0,0.4407,0.0,0.0,0.0,0.0,1.0,10.0,1.0,1.0,1.0,301
dde698c6d0bd24834c586e5111c2bba7,1,155.9,0.1231,0.0,0.0,0.0,0.0,1.0,5.0,5.0,0.0,1.0,35
850857dfac77488c307e2b1cbd84ab5a,1,1599.0,0.0248,0.0,0.0,0.0,0.0,1.0,7.0,5.0,0.0,1.0,83
2039c5e51785b5dde7cf93ccb3b7be2c,1,159.9,0.0862,0.0,0.0,0.0,0.0,1.0,7.0,5.0,0.0,1.0,49
ca5832c6960267b71041f74bb39e8b12,1,79.9,0.2229,0.0,0.0,1.0,0.0,1.0,4.0,1.0,1.0,1.0,441
a3b42d266fa8afc874b909422ce88582,1,839.4,0.0975,0.0,0.0,0.0,0.0,1.0,5.0,5.0,0.0,1.0,34
f3055483058c84d75ca2a3314fb4deef,1,67.5,0.5302,0.0,0.0,0.0,0.0,1.0,7.0,1.0,1.0,1.0,273
ab75b89cc49c9ab3160d0c91565a442a,2,18.99,0.4173,0.0,0.0,0.0,0.0,0.5,5.0,1.5,1.0,1.0,360
fa7ad8ae9bcb2c4493fdf38e96b1d74f,1,88.0,0.2693,0.0,0.0,0.0,0.0,0.0,1.0,1.0,1.0,1.0,294
134b867a0f7f8bbe6abf10f91874891e,1,789.89,0.1683,0.0,0.0,0.0,0.0,1.0,3.0,4.0,0.0,1.0,137
804287717b9156fb7a787acd9af4fac1,1,18.8,0.8032,0.0,0.0,0.0,0.0,1.0,3.0,5.0,0.0,1.0,453
fec6912baad85d41729669edd6b4d3b8,1,210.0,0.2475,0.0,0.0,0.0,0.0,0.0,1.0,1.0,1.0,1.0,143
b5f0712d22a873b6797ab6cc65c3fcba,1,12.99,0.6382,0.0,0.0,0.0,0.0,1.0,2.0,4.0,0.0,1.0,21
d4d99b60c4c94cd35acd502cec65dc8d,1,72.9,0.1974,0.0,0.0,0.0,0.0,0.0,1.0,3.0,0.0,1.0,694
50a7e551a7b3f8d37cd6e32d8bfbe5ea,1,140.0,0.1997,0.0,0.0,0.0,0.0,1.0,6.0,5.0,0.0,1.0,41
376d67b61dce0c990155286e7ae486a4,1,94.0,0.1905,0.0,0.0,0.0,0.0,1.0,5.0,4.0,0.0,1.0,186
001e6ad469a905060d959994f1b41e4f,1,250.0,0.0718,0.0,1.0,0.0,0.0,1.0,3.0,1.0,1.0,1.0,27
8e670472e453ba34a379331513d6aab1,1,975.0,0.1118,0.0,0.0,1.0,0.0,1.0,7.0,1.0,1.0,1.0,362
740205fedfe4e90ca6857bc77db0f2b4,1,229.9,0.0954,0.0,0.0,0.0,0.0,1.0,8.0,5.0,0.0,1.0,563
e1c76f339ebd5460999f25a2aa8c92c5,1,899.9,0.032,0.0,0.0,0.0,0.0,0.0,1.0,5.0,0.0,1.0,114
3bfad056cf05c00dabe2f895925d83b1,1,206.65,0.226,0.0,0.0,0.0,0.0,0.0,1.0,1.0,1.0,1.0,259
c716e0b86ed568878475b60fbb6323ad,1,35.0,0.4351,0.0,0.0,0.0,0.0,0.0,1.0,5.0,0.0,1.0,161
889009a0ed0bb52c87819941192931b8,1,89.9,0.368,0.0,0.0,0.0,0.0,1.0,10.0,4.0,0.0,1.0,459
a3fa18b3f688ec0fca3eb8bfcbd2d5b3,1,47.8,0.7628,0.0,0.0,0.0,0.0,0.0,1.0,5.0,0.0,1.0,126
2c00c85d30361cd2ced2969cffbbffa3,1,49.8,0.1548,0.0,0.0,0.0,0.0,0.0,1.0,5.0,0.0,1.0,140
bcd2d7510d58e293f20fad6438c1b314,1,23.9,0.651,0.0,0.0,1.0,0.0,0.0,1.0,,,1.0,571
164a5a8794e6d42e14f55e447b12a3bc,1,73.99,0.8484,0.0,0.0,0.0,0.0,1.0,3.0,5.0,0.0,1.0,38
d1e2fe627180431ffda076abb303c56f,1,289.0,0.0313,0.0,0.0,0.0,0.0,1.0,4.5,1.0,1.0,1.0,164
ace601496e211a664100321f038f50af,1,165.0,0.0904,0.0,0.0,0.0,0.0,0.0,1.0,2.0,1.0,1.0,565
aadfe0417e61315688b6bd7043361e25,1,289.9,0.0493,0.0,0.0,0.0,0.0,1.0,5.0,4.0,0.0,1.0,396
ae9690c6e8fee182c28c9ff8e11ca52c,1,47.4,0.2618,0.0,0.0,0.0,0.0,1.0,6.0,5.0,0.0,1.0,694
b6f52e346160519c24a23af05410ad32,1,129.9,0.1028,0.0,0.0,0.0,0.0,1.0,2.0,4.0,0.0,1.0,130
ede2977fbaf3738583170735ca403f6c,1,289.9,0.1288,0.0,0.0,0.0,0.0,1.0,4.0,5.0,0.0,1.0,190
a72f15980dc3e9bfd1a49ac9b2f3af65,1,89.9,0.2083,0.0,0.0,0.0,0.0,0.0,1.0,4.0,0.0,1.0,40
72c73be2b085b9d57650dd53eb2004c9,1,29.4,0.6095,0.0,0.0,0.0,0.0,1.0,4.0,5.0,0.0,1.0,406
9ef932e837d8b7f392c0bfee9d359dc2,1,59.9,0.3282,0.0,0.0,1.0,0.0,1.0,2.0,3.0,0.0,1.0,287
2d8cfba3fcd3170555941605edaa196a,1,45.0,0.2436,0.0,0.0,0.0,0.0,0.0,1.0,5.0,0.0,1.0,537
f09e26011d833ddab11593c1a097a92a,1,79.9,0.2777,0.0,1.0,0.0,0.0,1.0,2.0,1.0,1.0,1.0,186
8dd386be0767c330276ea6a3f96532d3,1,89.98,0.4946,0.0,0.0,0.0,0.0,1.0,2.0,5.0,0.0,1.0,24
666658b8da8370f30e1f89893b1de5e6,1,298.0,0.0783,0.0,1.0,0.0,0.0,0.0,1.0,5.0,0.0,1.0,174
babcc0ab201e4c60188427cae51a5b8b,1,79.0,0.1789,0.0,0.0,0.0,0.0,0.0,1.0,5.0,0.0,1.0,64
8501d82f68d23148b6d78bb7c4a42037,1,19.7,0.5563,0.0,1.0,0.0,0.0,0.0,1.0,1.0,1.0,1.0,541
d263fa444c1504a75cbca5cc465f592a,1,399.0,0.113,0.0,0.0,0.0,0.0,0.0,1.0,5.0,0.0,1.0,41
edf3fabebcc20f7463cc9c53da932ea8,1,219.9,0.1097,0.0,0.0,1.0,0.0,1.0,4.0,4.0,0.0,1.0,104
f3862c2188522d89860c38a3ea8b550d,1,15.5,0.8252,0.0,0.0,0.0,0.0,0.0,1.0,5.0,0.0,1.0,111
